step_id,tariff_id,document_id,fin_year,effective_from,effective_to,step_group,component_label,step_index,lower_bound,upper_bound,lower_inclusive,upper_inclusive,quantity_unit,reset_period,locator,quote
ausnet-2024-25-schedule-of-tariffs-28mar2024/ausnet:NEE11/44432ca272,ausnet:NEE11,ausnet-2024-25-schedule-of-tariffs-28mar2024,2024-25,2024-07-01,2025-06-30,Inclining block energy,Inclining block 1 (first 1020 kWh per quarter),1,0,1020,1,1,kWh,quarter,xlsx:Tariff structures!E7,1020 kWh/qtr
ausnet-2024-25-schedule-of-tariffs-28mar2024/ausnet:NEE11/e883725d6f,ausnet:NEE11,ausnet-2024-25-schedule-of-tariffs-28mar2024,2024-25,2024-07-01,2025-06-30,Inclining block energy,Inclining block 2 (kWh balance above 1020 kWh per quarter),2,1020,,0,0,kWh,quarter,xlsx:Tariff structures!E8,kWh balance
ausnet-2024-25-schedule-of-tariffs-28mar2024/ausnet:NEE11P/44432ca272,ausnet:NEE11P,ausnet-2024-25-schedule-of-tariffs-28mar2024,2024-25,2024-07-01,2025-06-30,Inclining block energy,Inclining block 1 (first 1020 kWh per quarter),1,0,1020,1,1,kWh,quarter,xlsx:Tariff structures!E7,1020 kWh/qtr
ausnet-2024-25-schedule-of-tariffs-28mar2024/ausnet:NEE11P/e883725d6f,ausnet:NEE11P,ausnet-2024-25-schedule-of-tariffs-28mar2024,2024-25,2024-07-01,2025-06-30,Inclining block energy,Inclining block 2 (kWh balance above 1020 kWh per quarter),2,1020,,0,0,kWh,quarter,xlsx:Tariff structures!E8,kWh balance
ausnet-2024-25-schedule-of-tariffs-28mar2024/ausnet:NEE11S/44432ca272,ausnet:NEE11S,ausnet-2024-25-schedule-of-tariffs-28mar2024,2024-25,2024-07-01,2025-06-30,Inclining block energy,Inclining block 1 (first 1020 kWh per quarter),1,0,1020,1,1,kWh,quarter,xlsx:Tariff structures!E7,1020 kWh/qtr
ausnet-2024-25-schedule-of-tariffs-28mar2024/ausnet:NEE11S/e883725d6f,ausnet:NEE11S,ausnet-2024-25-schedule-of-tariffs-28mar2024,2024-25,2024-07-01,2025-06-30,Inclining block energy,Inclining block 2 (kWh balance above 1020 kWh per quarter),2,1020,,0,0,kWh,quarter,xlsx:Tariff structures!E8,kWh balance
ausnet-2024-25-schedule-of-tariffs-28mar2024/ausnet:NEE12/44432ca272,ausnet:NEE12,ausnet-2024-25-schedule-of-tariffs-28mar2024,2024-25,2024-07-01,2025-06-30,Inclining block energy,Inclining block 1 (first 1020 kWh per quarter),1,0,1020,1,1,kWh,quarter,xlsx:Tariff structures!E7,1020 kWh/qtr
ausnet-2024-25-schedule-of-tariffs-28mar2024/ausnet:NEE12/e883725d6f,ausnet:NEE12,ausnet-2024-25-schedule-of-tariffs-28mar2024,2024-25,2024-07-01,2025-06-30,Inclining block energy,Inclining block 2 (kWh balance above 1020 kWh per quarter),2,1020,,0,0,kWh,quarter,xlsx:Tariff structures!E8,kWh balance
ausnet-2024-25-schedule-of-tariffs-28mar2024/ausnet:NEE12P/44432ca272,ausnet:NEE12P,ausnet-2024-25-schedule-of-tariffs-28mar2024,2024-25,2024-07-01,2025-06-30,Inclining block energy,Inclining block 1 (first 1020 kWh per quarter),1,0,1020,1,1,kWh,quarter,xlsx:Tariff structures!E7,1020 kWh/qtr
ausnet-2024-25-schedule-of-tariffs-28mar2024/ausnet:NEE12P/e883725d6f,ausnet:NEE12P,ausnet-2024-25-schedule-of-tariffs-28mar2024,2024-25,2024-07-01,2025-06-30,Inclining block energy,Inclining block 2 (kWh balance above 1020 kWh per quarter),2,1020,,0,0,kWh,quarter,xlsx:Tariff structures!E8,kWh balance
ausnet-2024-25-schedule-of-tariffs-28mar2024/ausnet:NEE12S/44432ca272,ausnet:NEE12S,ausnet-2024-25-schedule-of-tariffs-28mar2024,2024-25,2024-07-01,2025-06-30,Inclining block energy,Inclining block 1 (first 1020 kWh per quarter),1,0,1020,1,1,kWh,quarter,xlsx:Tariff structures!E7,1020 kWh/qtr
ausnet-2024-25-schedule-of-tariffs-28mar2024/ausnet:NEE12S/e883725d6f,ausnet:NEE12S,ausnet-2024-25-schedule-of-tariffs-28mar2024,2024-25,2024-07-01,2025-06-30,Inclining block energy,Inclining block 2 (kWh balance above 1020 kWh per quarter),2,1020,,0,0,kWh,quarter,xlsx:Tariff structures!E8,kWh balance
ausnet-2024-25-schedule-of-tariffs-28mar2024/ausnet:NEE13/44432ca272,ausnet:NEE13,ausnet-2024-25-schedule-of-tariffs-28mar2024,2024-25,2024-07-01,2025-06-30,Inclining block energy,Inclining block 1 (first 1020 kWh per quarter),1,0,1020,1,1,kWh,quarter,xlsx:Tariff structures!E7,1020 kWh/qtr
ausnet-2024-25-schedule-of-tariffs-28mar2024/ausnet:NEE13/e883725d6f,ausnet:NEE13,ausnet-2024-25-schedule-of-tariffs-28mar2024,2024-25,2024-07-01,2025-06-30,Inclining block energy,Inclining block 2 (kWh balance above 1020 kWh per quarter),2,1020,,0,0,kWh,quarter,xlsx:Tariff structures!E8,kWh balance
ausnet-2024-25-schedule-of-tariffs-28mar2024/ausnet:NEE14/44432ca272,ausnet:NEE14,ausnet-2024-25-schedule-of-tariffs-28mar2024,2024-25,2024-07-01,2025-06-30,Inclining block energy,Inclining block 1 (first 1020 kWh per quarter),1,0,1020,1,1,kWh,quarter,xlsx:Tariff structures!E7,1020 kWh/qtr
ausnet-2024-25-schedule-of-tariffs-28mar2024/ausnet:NEE14/e883725d6f,ausnet:NEE14,ausnet-2024-25-schedule-of-tariffs-28mar2024,2024-25,2024-07-01,2025-06-30,Inclining block energy,Inclining block 2 (kWh balance above 1020 kWh per quarter),2,1020,,0,0,kWh,quarter,xlsx:Tariff structures!E8,kWh balance
ausnet-2024-25-schedule-of-tariffs-28mar2024/ausnet:NEE15/44432ca272,ausnet:NEE15,ausnet-2024-25-schedule-of-tariffs-28mar2024,2024-25,2024-07-01,2025-06-30,Inclining block energy,Inclining block 1 (first 1020 kWh per quarter),1,0,1020,1,1,kWh,quarter,xlsx:Tariff structures!E7,1020 kWh/qtr
ausnet-2024-25-schedule-of-tariffs-28mar2024/ausnet:NEE15/e883725d6f,ausnet:NEE15,ausnet-2024-25-schedule-of-tariffs-28mar2024,2024-25,2024-07-01,2025-06-30,Inclining block energy,Inclining block 2 (kWh balance above 1020 kWh per quarter),2,1020,,0,0,kWh,quarter,xlsx:Tariff structures!E8,kWh balance
ausnet-2024-25-schedule-of-tariffs-28mar2024/ausnet:NEE16/44432ca272,ausnet:NEE16,ausnet-2024-25-schedule-of-tariffs-28mar2024,2024-25,2024-07-01,2025-06-30,Inclining block energy,Inclining block 1 (first 1020 kWh per quarter),1,0,1020,1,1,kWh,quarter,xlsx:Tariff structures!E7,1020 kWh/qtr
ausnet-2024-25-schedule-of-tariffs-28mar2024/ausnet:NEE16/e883725d6f,ausnet:NEE16,ausnet-2024-25-schedule-of-tariffs-28mar2024,2024-25,2024-07-01,2025-06-30,Inclining block energy,Inclining block 2 (kWh balance above 1020 kWh per quarter),2,1020,,0,0,kWh,quarter,xlsx:Tariff structures!E8,kWh balance
ausnet-2024-25-schedule-of-tariffs-28mar2024/ausnet:NEE17/44432ca272,ausnet:NEE17,ausnet-2024-25-schedule-of-tariffs-28mar2024,2024-25,2024-07-01,2025-06-30,Inclining block energy,Inclining block 1 (first 1020 kWh per quarter),1,0,1020,1,1,kWh,quarter,xlsx:Tariff structures!E7,1020 kWh/qtr
ausnet-2024-25-schedule-of-tariffs-28mar2024/ausnet:NEE17/e883725d6f,ausnet:NEE17,ausnet-2024-25-schedule-of-tariffs-28mar2024,2024-25,2024-07-01,2025-06-30,Inclining block energy,Inclining block 2 (kWh balance above 1020 kWh per quarter),2,1020,,0,0,kWh,quarter,xlsx:Tariff structures!E8,kWh balance
ausnet-2024-25-schedule-of-tariffs-28mar2024/ausnet:NEE18/44432ca272,ausnet:NEE18,ausnet-2024-25-schedule-of-tariffs-28mar2024,2024-25,2024-07-01,2025-06-30,Inclining block energy,Inclining block 1 (first 1020 kWh per quarter),1,0,1020,1,1,kWh,quarter,xlsx:Tariff structures!E7,1020 kWh/qtr
ausnet-2024-25-schedule-of-tariffs-28mar2024/ausnet:NEE18/e883725d6f,ausnet:NEE18,ausnet-2024-25-schedule-of-tariffs-28mar2024,2024-25,2024-07-01,2025-06-30,Inclining block energy,Inclining block 2 (kWh balance above 1020 kWh per quarter),2,1020,,0,0,kWh,quarter,xlsx:Tariff structures!E8,kWh balance
ausnet-2024-25-schedule-of-tariffs-28mar2024/ausnet:NEN11/44432ca272,ausnet:NEN11,ausnet-2024-25-schedule-of-tariffs-28mar2024,2024-25,2024-07-01,2025-06-30,Inclining block energy,Inclining block 1 (first 1020 kWh per quarter),1,0,1020,1,1,kWh,quarter,xlsx:Tariff structures!E7,1020 kWh/qtr
ausnet-2024-25-schedule-of-tariffs-28mar2024/ausnet:NEN11/e883725d6f,ausnet:NEN11,ausnet-2024-25-schedule-of-tariffs-28mar2024,2024-25,2024-07-01,2025-06-30,Inclining block energy,Inclining block 2 (kWh balance above 1020 kWh per quarter),2,1020,,0,0,kWh,quarter,xlsx:Tariff structures!E8,kWh balance
ausnet-2024-25-schedule-of-tariffs-28mar2024/ausnet:NEN12/44432ca272,ausnet:NEN12,ausnet-2024-25-schedule-of-tariffs-28mar2024,2024-25,2024-07-01,2025-06-30,Inclining block energy,Inclining block 1 (first 1020 kWh per quarter),1,0,1020,1,1,kWh,quarter,xlsx:Tariff structures!E7,1020 kWh/qtr
ausnet-2024-25-schedule-of-tariffs-28mar2024/ausnet:NEN12/e883725d6f,ausnet:NEN12,ausnet-2024-25-schedule-of-tariffs-28mar2024,2024-25,2024-07-01,2025-06-30,Inclining block energy,Inclining block 2 (kWh balance above 1020 kWh per quarter),2,1020,,0,0,kWh,quarter,xlsx:Tariff structures!E8,kWh balance
ausnet-annual-pricing-proposal-2023-24/ausnet:NEE11/4215e373c5,ausnet:NEE11,ausnet-annual-pricing-proposal-2023-24,2023-24,2023-07-01,2024-06-30,Inclining block energy,Inclining block 1 (first 1020 kWh per quarter),1,0,1020,1,1,kWh,quarter,pdf:p54,Inclining block 1 c/kWh 1020 kWh/qtr
ausnet-annual-pricing-proposal-2023-24/ausnet:NEE11/8a019222f7,ausnet:NEE11,ausnet-annual-pricing-proposal-2023-24,2023-24,2023-07-01,2024-06-30,Inclining block energy,Inclining block 2 (kWh balance above 1020 kWh per quarter),2,1020,,0,0,kWh,quarter,pdf:p54,Inclining block 2 c/kWh kWh balance
ausnet-annual-pricing-proposal-2023-24/ausnet:NEE11P/4215e373c5,ausnet:NEE11P,ausnet-annual-pricing-proposal-2023-24,2023-24,2023-07-01,2024-06-30,Inclining block energy,Inclining block 1 (first 1020 kWh per quarter),1,0,1020,1,1,kWh,quarter,pdf:p54,Inclining block 1 c/kWh 1020 kWh/qtr
ausnet-annual-pricing-proposal-2023-24/ausnet:NEE11P/8a019222f7,ausnet:NEE11P,ausnet-annual-pricing-proposal-2023-24,2023-24,2023-07-01,2024-06-30,Inclining block energy,Inclining block 2 (kWh balance above 1020 kWh per quarter),2,1020,,0,0,kWh,quarter,pdf:p54,Inclining block 2 c/kWh kWh balance
ausnet-annual-pricing-proposal-2023-24/ausnet:NEE11S/4215e373c5,ausnet:NEE11S,ausnet-annual-pricing-proposal-2023-24,2023-24,2023-07-01,2024-06-30,Inclining block energy,Inclining block 1 (first 1020 kWh per quarter),1,0,1020,1,1,kWh,quarter,pdf:p54,Inclining block 1 c/kWh 1020 kWh/qtr
ausnet-annual-pricing-proposal-2023-24/ausnet:NEE11S/8a019222f7,ausnet:NEE11S,ausnet-annual-pricing-proposal-2023-24,2023-24,2023-07-01,2024-06-30,Inclining block energy,Inclining block 2 (kWh balance above 1020 kWh per quarter),2,1020,,0,0,kWh,quarter,pdf:p54,Inclining block 2 c/kWh kWh balance
ausnet-annual-pricing-proposal-2023-24/ausnet:NEE12/4215e373c5,ausnet:NEE12,ausnet-annual-pricing-proposal-2023-24,2023-24,2023-07-01,2024-06-30,Inclining block energy,Inclining block 1 (first 1020 kWh per quarter),1,0,1020,1,1,kWh,quarter,pdf:p54,Inclining block 1 c/kWh 1020 kWh/qtr
ausnet-annual-pricing-proposal-2023-24/ausnet:NEE12/8a019222f7,ausnet:NEE12,ausnet-annual-pricing-proposal-2023-24,2023-24,2023-07-01,2024-06-30,Inclining block energy,Inclining block 2 (kWh balance above 1020 kWh per quarter),2,1020,,0,0,kWh,quarter,pdf:p54,Inclining block 2 c/kWh kWh balance
ausnet-annual-pricing-proposal-2023-24/ausnet:NEE12P/4215e373c5,ausnet:NEE12P,ausnet-annual-pricing-proposal-2023-24,2023-24,2023-07-01,2024-06-30,Inclining block energy,Inclining block 1 (first 1020 kWh per quarter),1,0,1020,1,1,kWh,quarter,pdf:p54,Inclining block 1 c/kWh 1020 kWh/qtr
ausnet-annual-pricing-proposal-2023-24/ausnet:NEE12P/8a019222f7,ausnet:NEE12P,ausnet-annual-pricing-proposal-2023-24,2023-24,2023-07-01,2024-06-30,Inclining block energy,Inclining block 2 (kWh balance above 1020 kWh per quarter),2,1020,,0,0,kWh,quarter,pdf:p54,Inclining block 2 c/kWh kWh balance
ausnet-annual-pricing-proposal-2023-24/ausnet:NEE12S/4215e373c5,ausnet:NEE12S,ausnet-annual-pricing-proposal-2023-24,2023-24,2023-07-01,2024-06-30,Inclining block energy,Inclining block 1 (first 1020 kWh per quarter),1,0,1020,1,1,kWh,quarter,pdf:p54,Inclining block 1 c/kWh 1020 kWh/qtr
ausnet-annual-pricing-proposal-2023-24/ausnet:NEE12S/8a019222f7,ausnet:NEE12S,ausnet-annual-pricing-proposal-2023-24,2023-24,2023-07-01,2024-06-30,Inclining block energy,Inclining block 2 (kWh balance above 1020 kWh per quarter),2,1020,,0,0,kWh,quarter,pdf:p54,Inclining block 2 c/kWh kWh balance
ausnet-annual-pricing-proposal-2023-24/ausnet:NEE13/4215e373c5,ausnet:NEE13,ausnet-annual-pricing-proposal-2023-24,2023-24,2023-07-01,2024-06-30,Inclining block energy,Inclining block 1 (first 1020 kWh per quarter),1,0,1020,1,1,kWh,quarter,pdf:p54,Inclining block 1 c/kWh 1020 kWh/qtr
ausnet-annual-pricing-proposal-2023-24/ausnet:NEE13/8a019222f7,ausnet:NEE13,ausnet-annual-pricing-proposal-2023-24,2023-24,2023-07-01,2024-06-30,Inclining block energy,Inclining block 2 (kWh balance above 1020 kWh per quarter),2,1020,,0,0,kWh,quarter,pdf:p54,Inclining block 2 c/kWh kWh balance
ausnet-annual-pricing-proposal-2023-24/ausnet:NEE14/4215e373c5,ausnet:NEE14,ausnet-annual-pricing-proposal-2023-24,2023-24,2023-07-01,2024-06-30,Inclining block energy,Inclining block 1 (first 1020 kWh per quarter),1,0,1020,1,1,kWh,quarter,pdf:p54,Inclining block 1 c/kWh 1020 kWh/qtr
ausnet-annual-pricing-proposal-2023-24/ausnet:NEE14/8a019222f7,ausnet:NEE14,ausnet-annual-pricing-proposal-2023-24,2023-24,2023-07-01,2024-06-30,Inclining block energy,Inclining block 2 (kWh balance above 1020 kWh per quarter),2,1020,,0,0,kWh,quarter,pdf:p54,Inclining block 2 c/kWh kWh balance
ausnet-annual-pricing-proposal-2023-24/ausnet:NEE15/4215e373c5,ausnet:NEE15,ausnet-annual-pricing-proposal-2023-24,2023-24,2023-07-01,2024-06-30,Inclining block energy,Inclining block 1 (first 1020 kWh per quarter),1,0,1020,1,1,kWh,quarter,pdf:p54,Inclining block 1 c/kWh 1020 kWh/qtr
ausnet-annual-pricing-proposal-2023-24/ausnet:NEE15/8a019222f7,ausnet:NEE15,ausnet-annual-pricing-proposal-2023-24,2023-24,2023-07-01,2024-06-30,Inclining block energy,Inclining block 2 (kWh balance above 1020 kWh per quarter),2,1020,,0,0,kWh,quarter,pdf:p54,Inclining block 2 c/kWh kWh balance
ausnet-annual-pricing-proposal-2023-24/ausnet:NEE16/4215e373c5,ausnet:NEE16,ausnet-annual-pricing-proposal-2023-24,2023-24,2023-07-01,2024-06-30,Inclining block energy,Inclining block 1 (first 1020 kWh per quarter),1,0,1020,1,1,kWh,quarter,pdf:p54,Inclining block 1 c/kWh 1020 kWh/qtr
ausnet-annual-pricing-proposal-2023-24/ausnet:NEE16/8a019222f7,ausnet:NEE16,ausnet-annual-pricing-proposal-2023-24,2023-24,2023-07-01,2024-06-30,Inclining block energy,Inclining block 2 (kWh balance above 1020 kWh per quarter),2,1020,,0,0,kWh,quarter,pdf:p54,Inclining block 2 c/kWh kWh balance
ausnet-annual-pricing-proposal-2023-24/ausnet:NEE17/4215e373c5,ausnet:NEE17,ausnet-annual-pricing-proposal-2023-24,2023-24,2023-07-01,2024-06-30,Inclining block energy,Inclining block 1 (first 1020 kWh per quarter),1,0,1020,1,1,kWh,quarter,pdf:p54,Inclining block 1 c/kWh 1020 kWh/qtr
ausnet-annual-pricing-proposal-2023-24/ausnet:NEE17/8a019222f7,ausnet:NEE17,ausnet-annual-pricing-proposal-2023-24,2023-24,2023-07-01,2024-06-30,Inclining block energy,Inclining block 2 (kWh balance above 1020 kWh per quarter),2,1020,,0,0,kWh,quarter,pdf:p54,Inclining block 2 c/kWh kWh balance
ausnet-annual-pricing-proposal-2023-24/ausnet:NEE18/4215e373c5,ausnet:NEE18,ausnet-annual-pricing-proposal-2023-24,2023-24,2023-07-01,2024-06-30,Inclining block energy,Inclining block 1 (first 1020 kWh per quarter),1,0,1020,1,1,kWh,quarter,pdf:p54,Inclining block 1 c/kWh 1020 kWh/qtr
ausnet-annual-pricing-proposal-2023-24/ausnet:NEE18/8a019222f7,ausnet:NEE18,ausnet-annual-pricing-proposal-2023-24,2023-24,2023-07-01,2024-06-30,Inclining block energy,Inclining block 2 (kWh balance above 1020 kWh per quarter),2,1020,,0,0,kWh,quarter,pdf:p54,Inclining block 2 c/kWh kWh balance
ausnet-annual-pricing-proposal-2023-24/ausnet:NEN11/4215e373c5,ausnet:NEN11,ausnet-annual-pricing-proposal-2023-24,2023-24,2023-07-01,2024-06-30,Inclining block energy,Inclining block 1 (first 1020 kWh per quarter),1,0,1020,1,1,kWh,quarter,pdf:p54,Inclining block 1 c/kWh 1020 kWh/qtr
ausnet-annual-pricing-proposal-2023-24/ausnet:NEN11/8a019222f7,ausnet:NEN11,ausnet-annual-pricing-proposal-2023-24,2023-24,2023-07-01,2024-06-30,Inclining block energy,Inclining block 2 (kWh balance above 1020 kWh per quarter),2,1020,,0,0,kWh,quarter,pdf:p54,Inclining block 2 c/kWh kWh balance
ausnet-annual-pricing-proposal-2023-24/ausnet:NEN12/4215e373c5,ausnet:NEN12,ausnet-annual-pricing-proposal-2023-24,2023-24,2023-07-01,2024-06-30,Inclining block energy,Inclining block 1 (first 1020 kWh per quarter),1,0,1020,1,1,kWh,quarter,pdf:p54,Inclining block 1 c/kWh 1020 kWh/qtr
ausnet-annual-pricing-proposal-2023-24/ausnet:NEN12/8a019222f7,ausnet:NEN12,ausnet-annual-pricing-proposal-2023-24,2023-24,2023-07-01,2024-06-30,Inclining block energy,Inclining block 2 (kWh balance above 1020 kWh per quarter),2,1020,,0,0,kWh,quarter,pdf:p54,Inclining block 2 c/kWh kWh balance
ausnet-network-tariff-schedule-2025-26/ausnet:NEE11/44432ca272,ausnet:NEE11,ausnet-network-tariff-schedule-2025-26,2025-26,2025-07-01,2026-06-30,Inclining block energy,Inclining block 1 (first 1020 kWh per quarter),1,0,1020,1,1,kWh,quarter,xlsx:Tariff structures!E7,1020 kWh/qtr
ausnet-network-tariff-schedule-2025-26/ausnet:NEE11/e883725d6f,ausnet:NEE11,ausnet-network-tariff-schedule-2025-26,2025-26,2025-07-01,2026-06-30,Inclining block energy,Inclining block 2 (kWh balance above 1020 kWh per quarter),2,1020,,0,0,kWh,quarter,xlsx:Tariff structures!E8,kWh balance
ausnet-network-tariff-schedule-2025-26/ausnet:NEE11S/44432ca272,ausnet:NEE11S,ausnet-network-tariff-schedule-2025-26,2025-26,2025-07-01,2026-06-30,Inclining block energy,Inclining block 1 (first 1020 kWh per quarter),1,0,1020,1,1,kWh,quarter,xlsx:Tariff structures!E7,1020 kWh/qtr
ausnet-network-tariff-schedule-2025-26/ausnet:NEE11S/e883725d6f,ausnet:NEE11S,ausnet-network-tariff-schedule-2025-26,2025-26,2025-07-01,2026-06-30,Inclining block energy,Inclining block 2 (kWh balance above 1020 kWh per quarter),2,1020,,0,0,kWh,quarter,xlsx:Tariff structures!E8,kWh balance
ausnet-network-tariff-schedule-2025-26/ausnet:NEE12/44432ca272,ausnet:NEE12,ausnet-network-tariff-schedule-2025-26,2025-26,2025-07-01,2026-06-30,Inclining block energy,Inclining block 1 (first 1020 kWh per quarter),1,0,1020,1,1,kWh,quarter,xlsx:Tariff structures!E7,1020 kWh/qtr
ausnet-network-tariff-schedule-2025-26/ausnet:NEE12/e883725d6f,ausnet:NEE12,ausnet-network-tariff-schedule-2025-26,2025-26,2025-07-01,2026-06-30,Inclining block energy,Inclining block 2 (kWh balance above 1020 kWh per quarter),2,1020,,0,0,kWh,quarter,xlsx:Tariff structures!E8,kWh balance
ausnet-network-tariff-schedule-2025-26/ausnet:NEE12S/44432ca272,ausnet:NEE12S,ausnet-network-tariff-schedule-2025-26,2025-26,2025-07-01,2026-06-30,Inclining block energy,Inclining block 1 (first 1020 kWh per quarter),1,0,1020,1,1,kWh,quarter,xlsx:Tariff structures!E7,1020 kWh/qtr
ausnet-network-tariff-schedule-2025-26/ausnet:NEE12S/e883725d6f,ausnet:NEE12S,ausnet-network-tariff-schedule-2025-26,2025-26,2025-07-01,2026-06-30,Inclining block energy,Inclining block 2 (kWh balance above 1020 kWh per quarter),2,1020,,0,0,kWh,quarter,xlsx:Tariff structures!E8,kWh balance
ausnet-network-tariff-schedule-2025-26/ausnet:NEE13/44432ca272,ausnet:NEE13,ausnet-network-tariff-schedule-2025-26,2025-26,2025-07-01,2026-06-30,Inclining block energy,Inclining block 1 (first 1020 kWh per quarter),1,0,1020,1,1,kWh,quarter,xlsx:Tariff structures!E7,1020 kWh/qtr
ausnet-network-tariff-schedule-2025-26/ausnet:NEE13/e883725d6f,ausnet:NEE13,ausnet-network-tariff-schedule-2025-26,2025-26,2025-07-01,2026-06-30,Inclining block energy,Inclining block 2 (kWh balance above 1020 kWh per quarter),2,1020,,0,0,kWh,quarter,xlsx:Tariff structures!E8,kWh balance
ausnet-network-tariff-schedule-2025-26/ausnet:NEE14/44432ca272,ausnet:NEE14,ausnet-network-tariff-schedule-2025-26,2025-26,2025-07-01,2026-06-30,Inclining block energy,Inclining block 1 (first 1020 kWh per quarter),1,0,1020,1,1,kWh,quarter,xlsx:Tariff structures!E7,1020 kWh/qtr
ausnet-network-tariff-schedule-2025-26/ausnet:NEE14/e883725d6f,ausnet:NEE14,ausnet-network-tariff-schedule-2025-26,2025-26,2025-07-01,2026-06-30,Inclining block energy,Inclining block 2 (kWh balance above 1020 kWh per quarter),2,1020,,0,0,kWh,quarter,xlsx:Tariff structures!E8,kWh balance
ausnet-network-tariff-schedule-2025-26/ausnet:NEE15/44432ca272,ausnet:NEE15,ausnet-network-tariff-schedule-2025-26,2025-26,2025-07-01,2026-06-30,Inclining block energy,Inclining block 1 (first 1020 kWh per quarter),1,0,1020,1,1,kWh,quarter,xlsx:Tariff structures!E7,1020 kWh/qtr
ausnet-network-tariff-schedule-2025-26/ausnet:NEE15/e883725d6f,ausnet:NEE15,ausnet-network-tariff-schedule-2025-26,2025-26,2025-07-01,2026-06-30,Inclining block energy,Inclining block 2 (kWh balance above 1020 kWh per quarter),2,1020,,0,0,kWh,quarter,xlsx:Tariff structures!E8,kWh balance
ausnet-network-tariff-schedule-2025-26/ausnet:NEE16/44432ca272,ausnet:NEE16,ausnet-network-tariff-schedule-2025-26,2025-26,2025-07-01,2026-06-30,Inclining block energy,Inclining block 1 (first 1020 kWh per quarter),1,0,1020,1,1,kWh,quarter,xlsx:Tariff structures!E7,1020 kWh/qtr
ausnet-network-tariff-schedule-2025-26/ausnet:NEE16/e883725d6f,ausnet:NEE16,ausnet-network-tariff-schedule-2025-26,2025-26,2025-07-01,2026-06-30,Inclining block energy,Inclining block 2 (kWh balance above 1020 kWh per quarter),2,1020,,0,0,kWh,quarter,xlsx:Tariff structures!E8,kWh balance
ausnet-network-tariff-schedule-2025-26/ausnet:NEE17/44432ca272,ausnet:NEE17,ausnet-network-tariff-schedule-2025-26,2025-26,2025-07-01,2026-06-30,Inclining block energy,Inclining block 1 (first 1020 kWh per quarter),1,0,1020,1,1,kWh,quarter,xlsx:Tariff structures!E7,1020 kWh/qtr
ausnet-network-tariff-schedule-2025-26/ausnet:NEE17/e883725d6f,ausnet:NEE17,ausnet-network-tariff-schedule-2025-26,2025-26,2025-07-01,2026-06-30,Inclining block energy,Inclining block 2 (kWh balance above 1020 kWh per quarter),2,1020,,0,0,kWh,quarter,xlsx:Tariff structures!E8,kWh balance
ausnet-network-tariff-schedule-2025-26/ausnet:NEE18/44432ca272,ausnet:NEE18,ausnet-network-tariff-schedule-2025-26,2025-26,2025-07-01,2026-06-30,Inclining block energy,Inclining block 1 (first 1020 kWh per quarter),1,0,1020,1,1,kWh,quarter,xlsx:Tariff structures!E7,1020 kWh/qtr
ausnet-network-tariff-schedule-2025-26/ausnet:NEE18/e883725d6f,ausnet:NEE18,ausnet-network-tariff-schedule-2025-26,2025-26,2025-07-01,2026-06-30,Inclining block energy,Inclining block 2 (kWh balance above 1020 kWh per quarter),2,1020,,0,0,kWh,quarter,xlsx:Tariff structures!E8,kWh balance
ausnet-network-tariff-schedule-2025-26/ausnet:NEN11/44432ca272,ausnet:NEN11,ausnet-network-tariff-schedule-2025-26,2025-26,2025-07-01,2026-06-30,Inclining block energy,Inclining block 1 (first 1020 kWh per quarter),1,0,1020,1,1,kWh,quarter,xlsx:Tariff structures!E7,1020 kWh/qtr
ausnet-network-tariff-schedule-2025-26/ausnet:NEN11/e883725d6f,ausnet:NEN11,ausnet-network-tariff-schedule-2025-26,2025-26,2025-07-01,2026-06-30,Inclining block energy,Inclining block 2 (kWh balance above 1020 kWh per quarter),2,1020,,0,0,kWh,quarter,xlsx:Tariff structures!E8,kWh balance
ausnet-network-tariff-schedule-2025-26/ausnet:NEN12/44432ca272,ausnet:NEN12,ausnet-network-tariff-schedule-2025-26,2025-26,2025-07-01,2026-06-30,Inclining block energy,Inclining block 1 (first 1020 kWh per quarter),1,0,1020,1,1,kWh,quarter,xlsx:Tariff structures!E7,1020 kWh/qtr
ausnet-network-tariff-schedule-2025-26/ausnet:NEN12/e883725d6f,ausnet:NEN12,ausnet-network-tariff-schedule-2025-26,2025-26,2025-07-01,2026-06-30,Inclining block energy,Inclining block 2 (kWh balance above 1020 kWh per quarter),2,1020,,0,0,kWh,quarter,xlsx:Tariff structures!E8,kWh balance
ausnet-network-tariff-schedule-2026-27-20260515/ausnet:NEE11/44432ca272,ausnet:NEE11,ausnet-network-tariff-schedule-2026-27-20260515,2026-27,2026-07-01,2027-06-30,Inclining block energy,Inclining block 1 (first 1020 kWh per quarter),1,0,1020,1,1,kWh,quarter,xlsx:Tariff structures!E7,1020 kWh/qtr
ausnet-network-tariff-schedule-2026-27-20260515/ausnet:NEE11/e883725d6f,ausnet:NEE11,ausnet-network-tariff-schedule-2026-27-20260515,2026-27,2026-07-01,2027-06-30,Inclining block energy,Inclining block 2 (kWh balance above 1020 kWh per quarter),2,1020,,0,0,kWh,quarter,xlsx:Tariff structures!E8,kWh balance
ausnet-network-tariff-schedule-2026-27-20260515/ausnet:NEE11S/44432ca272,ausnet:NEE11S,ausnet-network-tariff-schedule-2026-27-20260515,2026-27,2026-07-01,2027-06-30,Inclining block energy,Inclining block 1 (first 1020 kWh per quarter),1,0,1020,1,1,kWh,quarter,xlsx:Tariff structures!E7,1020 kWh/qtr
ausnet-network-tariff-schedule-2026-27-20260515/ausnet:NEE11S/e883725d6f,ausnet:NEE11S,ausnet-network-tariff-schedule-2026-27-20260515,2026-27,2026-07-01,2027-06-30,Inclining block energy,Inclining block 2 (kWh balance above 1020 kWh per quarter),2,1020,,0,0,kWh,quarter,xlsx:Tariff structures!E8,kWh balance
ausnet-network-tariff-schedule-2026-27-20260515/ausnet:NEE12/44432ca272,ausnet:NEE12,ausnet-network-tariff-schedule-2026-27-20260515,2026-27,2026-07-01,2027-06-30,Inclining block energy,Inclining block 1 (first 1020 kWh per quarter),1,0,1020,1,1,kWh,quarter,xlsx:Tariff structures!E7,1020 kWh/qtr
ausnet-network-tariff-schedule-2026-27-20260515/ausnet:NEE12/e883725d6f,ausnet:NEE12,ausnet-network-tariff-schedule-2026-27-20260515,2026-27,2026-07-01,2027-06-30,Inclining block energy,Inclining block 2 (kWh balance above 1020 kWh per quarter),2,1020,,0,0,kWh,quarter,xlsx:Tariff structures!E8,kWh balance
ausnet-network-tariff-schedule-2026-27-20260515/ausnet:NEE12S/44432ca272,ausnet:NEE12S,ausnet-network-tariff-schedule-2026-27-20260515,2026-27,2026-07-01,2027-06-30,Inclining block energy,Inclining block 1 (first 1020 kWh per quarter),1,0,1020,1,1,kWh,quarter,xlsx:Tariff structures!E7,1020 kWh/qtr
ausnet-network-tariff-schedule-2026-27-20260515/ausnet:NEE12S/e883725d6f,ausnet:NEE12S,ausnet-network-tariff-schedule-2026-27-20260515,2026-27,2026-07-01,2027-06-30,Inclining block energy,Inclining block 2 (kWh balance above 1020 kWh per quarter),2,1020,,0,0,kWh,quarter,xlsx:Tariff structures!E8,kWh balance
ausnet-network-tariff-schedule-2026-27-20260515/ausnet:NEE16/44432ca272,ausnet:NEE16,ausnet-network-tariff-schedule-2026-27-20260515,2026-27,2026-07-01,2027-06-30,Inclining block energy,Inclining block 1 (first 1020 kWh per quarter),1,0,1020,1,1,kWh,quarter,xlsx:Tariff structures!E7,1020 kWh/qtr
ausnet-network-tariff-schedule-2026-27-20260515/ausnet:NEE16/e883725d6f,ausnet:NEE16,ausnet-network-tariff-schedule-2026-27-20260515,2026-27,2026-07-01,2027-06-30,Inclining block energy,Inclining block 2 (kWh balance above 1020 kWh per quarter),2,1020,,0,0,kWh,quarter,xlsx:Tariff structures!E8,kWh balance
ausnet-network-tariff-schedule-2026-27-20260515/ausnet:NEE17/44432ca272,ausnet:NEE17,ausnet-network-tariff-schedule-2026-27-20260515,2026-27,2026-07-01,2027-06-30,Inclining block energy,Inclining block 1 (first 1020 kWh per quarter),1,0,1020,1,1,kWh,quarter,xlsx:Tariff structures!E7,1020 kWh/qtr
ausnet-network-tariff-schedule-2026-27-20260515/ausnet:NEE17/e883725d6f,ausnet:NEE17,ausnet-network-tariff-schedule-2026-27-20260515,2026-27,2026-07-01,2027-06-30,Inclining block energy,Inclining block 2 (kWh balance above 1020 kWh per quarter),2,1020,,0,0,kWh,quarter,xlsx:Tariff structures!E8,kWh balance
ausnet-network-tariff-schedule-2026-27-20260515/ausnet:NEE18/44432ca272,ausnet:NEE18,ausnet-network-tariff-schedule-2026-27-20260515,2026-27,2026-07-01,2027-06-30,Inclining block energy,Inclining block 1 (first 1020 kWh per quarter),1,0,1020,1,1,kWh,quarter,xlsx:Tariff structures!E7,1020 kWh/qtr
ausnet-network-tariff-schedule-2026-27-20260515/ausnet:NEE18/e883725d6f,ausnet:NEE18,ausnet-network-tariff-schedule-2026-27-20260515,2026-27,2026-07-01,2027-06-30,Inclining block energy,Inclining block 2 (kWh balance above 1020 kWh per quarter),2,1020,,0,0,kWh,quarter,xlsx:Tariff structures!E8,kWh balance
ausnet-network-tariff-schedule-2026-27-20260515/ausnet:NEE19/44432ca272,ausnet:NEE19,ausnet-network-tariff-schedule-2026-27-20260515,2026-27,2026-07-01,2027-06-30,Inclining block energy,Inclining block 1 (first 1020 kWh per quarter),1,0,1020,1,1,kWh,quarter,xlsx:Tariff structures!E7,1020 kWh/qtr
ausnet-network-tariff-schedule-2026-27-20260515/ausnet:NEE19/e883725d6f,ausnet:NEE19,ausnet-network-tariff-schedule-2026-27-20260515,2026-27,2026-07-01,2027-06-30,Inclining block energy,Inclining block 2 (kWh balance above 1020 kWh per quarter),2,1020,,0,0,kWh,quarter,xlsx:Tariff structures!E8,kWh balance
ausnet-network-tariff-schedule-2026-27-20260515/ausnet:RCER11/98c40c32d4,ausnet:RCER11,ausnet-network-tariff-schedule-2026-27-20260515,2026-27,2026-07-01,2027-06-30,Export charge,"Export charge - BEL (exempt), 1 kWh per day",1,0,1,1,1,kWh,unstated,xlsx:Tariff structures!B106,Includes a BEL of 1 kWh per day
ausnet-network-tariff-schedule-2026-27-20260515/ausnet:RCER11/a9b83ea4a0,ausnet:RCER11,ausnet-network-tariff-schedule-2026-27-20260515,2026-27,2026-07-01,2027-06-30,Export charge,Export charge - above BEL (charged),2,1,,0,0,kWh,unstated,xlsx:Tariff structures!B106,Includes a BEL of 1 kWh per day
citipower-pricing-proposal-2026-27-07may2026/citipower:CFS/7c5e54e190,citipower:CFS,citipower-pricing-proposal-2026-27-07may2026,2026-27,2026-07-01,2027-06-30,Saver energy export,"Saver energy export - BEL (exempt), 1 kWh per day x days in billing period, unused allowance rolls over within the billing period",1,0,1,1,1,kWh,billing_period_per_day,pdf:p7,"CFS BEL is the total kWh exempt from export charges are determined by multiplying 1 kWh per day by the number of days in the billing period. If exports between 11:00am – 4:00pm are less than 1 kWh, the remainder of the free export allowance would roll over to the next day, within a single billing period."
citipower-pricing-proposal-2026-27-07may2026/citipower:CFS/e53a2f02f1,citipower:CFS,citipower-pricing-proposal-2026-27-07may2026,2026-27,2026-07-01,2027-06-30,Saver energy export,Saver energy export - above BEL (charged),2,1,,0,0,kWh,billing_period_per_day,pdf:p7,"CFS BEL is the total kWh exempt from export charges are determined by multiplying 1 kWh per day by the number of days in the billing period. If exports between 11:00am – 4:00pm are less than 1 kWh, the remainder of the free export allowance would roll over to the next day, within a single billing period."
citipower-pricing-proposal-2026-27-07may2026/citipower:CRCER/0a14653088,citipower:CRCER,citipower-pricing-proposal-2026-27-07may2026,2026-27,2026-07-01,2027-06-30,Saver energy export,"Saver energy export - BEL (exempt), 1 kWh per day x days in billing period, unused allowance rolls over within the billing period",1,0,1,1,1,kWh,billing_period_per_day,pdf:p6,"CRCER BEL is the total kWh exempt from export charges are determined by multiplying 1 kWh per day by the number of days in the billing period. If exports between 11:00am – 4:00pm are less than 1 kWh, the remainder of the free export allowance would roll over to the next day, within a single billing period."
citipower-pricing-proposal-2026-27-07may2026/citipower:CRCER/fad73eaf5d,citipower:CRCER,citipower-pricing-proposal-2026-27-07may2026,2026-27,2026-07-01,2027-06-30,Saver energy export,Saver energy export - above BEL (charged),2,1,,0,0,kWh,billing_period_per_day,pdf:p6,"CRCER BEL is the total kWh exempt from export charges are determined by multiplying 1 kWh per day by the number of days in the billing period. If exports between 11:00am – 4:00pm are less than 1 kWh, the remainder of the free export allowance would roll over to the next day, within a single billing period."
ergon-2023-24-network-price-list-31mar2023/ergon:EBFRMT1/402da9df56,ergon:EBFRMT1,ergon-2023-24-network-price-list-31mar2023,2023-24,2023-07-01,2024-06-30,Volume Peak Charge,Volume Peak Charge - Block 1,1,0,10000,1,1,kWh,unstated,xlsx:SACS Business!O5,Volume Peak Charge
ergon-2023-24-network-price-list-31mar2023/ergon:EBFRMT1/b88c2a629f,ergon:EBFRMT1,ergon-2023-24-network-price-list-31mar2023,2023-24,2023-07-01,2024-06-30,Volume Peak Charge,Volume Peak Charge - Block 2,2,10000,,0,0,kWh,unstated,xlsx:SACS Business!P5,"Volume Peak Charge (over 10,000)"
ergon-2023-24-network-price-list-31mar2023/ergon:EBFRMT2/402da9df56,ergon:EBFRMT2,ergon-2023-24-network-price-list-31mar2023,2023-24,2023-07-01,2024-06-30,Volume Peak Charge,Volume Peak Charge - Block 1,1,0,10000,1,1,kWh,unstated,xlsx:SACS Business!O5,Volume Peak Charge
ergon-2023-24-network-price-list-31mar2023/ergon:EBFRMT2/b88c2a629f,ergon:EBFRMT2,ergon-2023-24-network-price-list-31mar2023,2023-24,2023-07-01,2024-06-30,Volume Peak Charge,Volume Peak Charge - Block 2,2,10000,,0,0,kWh,unstated,xlsx:SACS Business!P5,"Volume Peak Charge (over 10,000)"
ergon-2023-24-network-price-list-31mar2023/ergon:EBFRMT3/402da9df56,ergon:EBFRMT3,ergon-2023-24-network-price-list-31mar2023,2023-24,2023-07-01,2024-06-30,Volume Peak Charge,Volume Peak Charge - Block 1,1,0,10000,1,1,kWh,unstated,xlsx:SACS Business!O5,Volume Peak Charge
ergon-2023-24-network-price-list-31mar2023/ergon:EBFRMT3/b88c2a629f,ergon:EBFRMT3,ergon-2023-24-network-price-list-31mar2023,2023-24,2023-07-01,2024-06-30,Volume Peak Charge,Volume Peak Charge - Block 2,2,10000,,0,0,kWh,unstated,xlsx:SACS Business!P5,"Volume Peak Charge (over 10,000)"
ergon-2024-25-network-price-list-28mar2024/ergon:EBFRMT1/402da9df56,ergon:EBFRMT1,ergon-2024-25-network-price-list-28mar2024,2024-25,2024-07-01,2025-06-30,Volume Peak Charge,Volume Peak Charge - Block 1,1,0,10000,1,1,kWh,unstated,xlsx:SACS Business!O5,Volume Peak Charge
ergon-2024-25-network-price-list-28mar2024/ergon:EBFRMT1/b88c2a629f,ergon:EBFRMT1,ergon-2024-25-network-price-list-28mar2024,2024-25,2024-07-01,2025-06-30,Volume Peak Charge,Volume Peak Charge - Block 2,2,10000,,0,0,kWh,unstated,xlsx:SACS Business!P5,"Volume Peak Charge (over 10,000)"
ergon-2024-25-network-price-list-28mar2024/ergon:EBFRMT2/402da9df56,ergon:EBFRMT2,ergon-2024-25-network-price-list-28mar2024,2024-25,2024-07-01,2025-06-30,Volume Peak Charge,Volume Peak Charge - Block 1,1,0,10000,1,1,kWh,unstated,xlsx:SACS Business!O5,Volume Peak Charge
ergon-2024-25-network-price-list-28mar2024/ergon:EBFRMT2/b88c2a629f,ergon:EBFRMT2,ergon-2024-25-network-price-list-28mar2024,2024-25,2024-07-01,2025-06-30,Volume Peak Charge,Volume Peak Charge - Block 2,2,10000,,0,0,kWh,unstated,xlsx:SACS Business!P5,"Volume Peak Charge (over 10,000)"
ergon-2024-25-network-price-list-28mar2024/ergon:EBFRMT3/402da9df56,ergon:EBFRMT3,ergon-2024-25-network-price-list-28mar2024,2024-25,2024-07-01,2025-06-30,Volume Peak Charge,Volume Peak Charge - Block 1,1,0,10000,1,1,kWh,unstated,xlsx:SACS Business!O5,Volume Peak Charge
ergon-2024-25-network-price-list-28mar2024/ergon:EBFRMT3/b88c2a629f,ergon:EBFRMT3,ergon-2024-25-network-price-list-28mar2024,2024-25,2024-07-01,2025-06-30,Volume Peak Charge,Volume Peak Charge - Block 2,2,10000,,0,0,kWh,unstated,xlsx:SACS Business!P5,"Volume Peak Charge (over 10,000)"
ergon-network-price-list-2023-24-sch8-wayback/ergon:EBFRMT1/402da9df56,ergon:EBFRMT1,ergon-network-price-list-2023-24-sch8-wayback,2023-24,2023-07-01,2024-06-30,Volume Peak Charge,Volume Peak Charge - Block 1,1,0,10000,1,1,kWh,unstated,xlsx:SACS Business!O5,Volume Peak Charge
ergon-network-price-list-2023-24-sch8-wayback/ergon:EBFRMT1/b88c2a629f,ergon:EBFRMT1,ergon-network-price-list-2023-24-sch8-wayback,2023-24,2023-07-01,2024-06-30,Volume Peak Charge,Volume Peak Charge - Block 2,2,10000,,0,0,kWh,unstated,xlsx:SACS Business!P5,"Volume Peak Charge (over 10,000)"
ergon-network-price-list-2023-24-sch8-wayback/ergon:EBFRMT2/402da9df56,ergon:EBFRMT2,ergon-network-price-list-2023-24-sch8-wayback,2023-24,2023-07-01,2024-06-30,Volume Peak Charge,Volume Peak Charge - Block 1,1,0,10000,1,1,kWh,unstated,xlsx:SACS Business!O5,Volume Peak Charge
ergon-network-price-list-2023-24-sch8-wayback/ergon:EBFRMT2/b88c2a629f,ergon:EBFRMT2,ergon-network-price-list-2023-24-sch8-wayback,2023-24,2023-07-01,2024-06-30,Volume Peak Charge,Volume Peak Charge - Block 2,2,10000,,0,0,kWh,unstated,xlsx:SACS Business!P5,"Volume Peak Charge (over 10,000)"
ergon-network-price-list-2023-24-sch8-wayback/ergon:EBFRMT3/402da9df56,ergon:EBFRMT3,ergon-network-price-list-2023-24-sch8-wayback,2023-24,2023-07-01,2024-06-30,Volume Peak Charge,Volume Peak Charge - Block 1,1,0,10000,1,1,kWh,unstated,xlsx:SACS Business!O5,Volume Peak Charge
ergon-network-price-list-2023-24-sch8-wayback/ergon:EBFRMT3/b88c2a629f,ergon:EBFRMT3,ergon-network-price-list-2023-24-sch8-wayback,2023-24,2023-07-01,2024-06-30,Volume Peak Charge,Volume Peak Charge - Block 2,2,10000,,0,0,kWh,unstated,xlsx:SACS Business!P5,"Volume Peak Charge (over 10,000)"
ergon-network-price-list-2024-25-sch8-wayback/ergon:EBFRMT1/402da9df56,ergon:EBFRMT1,ergon-network-price-list-2024-25-sch8-wayback,2024-25,2024-07-01,2025-06-30,Volume Peak Charge,Volume Peak Charge - Block 1,1,0,10000,1,1,kWh,unstated,xlsx:SACS Business!O5,Volume Peak Charge
ergon-network-price-list-2024-25-sch8-wayback/ergon:EBFRMT1/b88c2a629f,ergon:EBFRMT1,ergon-network-price-list-2024-25-sch8-wayback,2024-25,2024-07-01,2025-06-30,Volume Peak Charge,Volume Peak Charge - Block 2,2,10000,,0,0,kWh,unstated,xlsx:SACS Business!P5,"Volume Peak Charge (over 10,000)"
ergon-network-price-list-2024-25-sch8-wayback/ergon:EBFRMT2/402da9df56,ergon:EBFRMT2,ergon-network-price-list-2024-25-sch8-wayback,2024-25,2024-07-01,2025-06-30,Volume Peak Charge,Volume Peak Charge - Block 1,1,0,10000,1,1,kWh,unstated,xlsx:SACS Business!O5,Volume Peak Charge
ergon-network-price-list-2024-25-sch8-wayback/ergon:EBFRMT2/b88c2a629f,ergon:EBFRMT2,ergon-network-price-list-2024-25-sch8-wayback,2024-25,2024-07-01,2025-06-30,Volume Peak Charge,Volume Peak Charge - Block 2,2,10000,,0,0,kWh,unstated,xlsx:SACS Business!P5,"Volume Peak Charge (over 10,000)"
ergon-network-price-list-2024-25-sch8-wayback/ergon:EBFRMT3/402da9df56,ergon:EBFRMT3,ergon-network-price-list-2024-25-sch8-wayback,2024-25,2024-07-01,2025-06-30,Volume Peak Charge,Volume Peak Charge - Block 1,1,0,10000,1,1,kWh,unstated,xlsx:SACS Business!O5,Volume Peak Charge
ergon-network-price-list-2024-25-sch8-wayback/ergon:EBFRMT3/b88c2a629f,ergon:EBFRMT3,ergon-network-price-list-2024-25-sch8-wayback,2024-25,2024-07-01,2025-06-30,Volume Peak Charge,Volume Peak Charge - Block 2,2,10000,,0,0,kWh,unstated,xlsx:SACS Business!P5,"Volume Peak Charge (over 10,000)"
ergon-network-price-list-2025-26-sch8-wayback/ergon:EBFRMT1/2c13ec5264,ergon:EBFRMT1,ergon-network-price-list-2025-26-sch8-wayback,2025-26,2025-07-01,2026-06-30,Volume Peak Charge,Volume Peak Charge - Block 1,1,0,10000,1,1,kWh,unstated,xlsx:SACS Business!H6,Volume Peak Charge
ergon-network-price-list-2025-26-sch8-wayback/ergon:EBFRMT1/be3f3ae6cd,ergon:EBFRMT1,ergon-network-price-list-2025-26-sch8-wayback,2025-26,2025-07-01,2026-06-30,Volume Peak Charge,Volume Peak Charge - Block 2,2,10000,,0,0,kWh,unstated,xlsx:SACS Business!J6,"Volume Peak Charge (over 10,000)"
evoenergy-schedule-of-charges-2024-25-lfit-adjusted/evoenergy:020/4c76c6dda0,evoenergy:020,evoenergy-schedule-of-charges-2024-25-lfit-adjusted,2024-25,2024-07-01,2025-06-30,Anytime Energy,Anytime Energy - Block 2,2,60,,0,0,kWh,day,pdf:p6,"Applies to energy above 60 kWh per day, every day"
evoenergy-schedule-of-charges-2024-25-lfit-adjusted/evoenergy:020/50c2495915,evoenergy:020,evoenergy-schedule-of-charges-2024-25-lfit-adjusted,2024-25,2024-07-01,2025-06-30,Anytime Energy,Anytime Energy - Block 1,1,0,60,1,1,kWh,day,pdf:p5,"Applies for the first 60 kWh per day, every day"
evoenergy-schedule-of-charges-2024-25-lfit-adjusted/evoenergy:021/05d5175844,evoenergy:021,evoenergy-schedule-of-charges-2024-25-lfit-adjusted,2024-25,2024-07-01,2025-06-30,Anytime Energy,Anytime Energy - Block 1,1,0,60,1,1,kWh,day,pdf:p6,"Applies for the first 60 kWh per day, every day"
evoenergy-schedule-of-charges-2024-25-lfit-adjusted/evoenergy:021/4c76c6dda0,evoenergy:021,evoenergy-schedule-of-charges-2024-25-lfit-adjusted,2024-25,2024-07-01,2025-06-30,Anytime Energy,Anytime Energy - Block 2,2,60,,0,0,kWh,day,pdf:p6,"Applies to energy above 60 kWh per day, every day"
evoenergy-schedule-of-charges-2024-25-lfit-adjusted/evoenergy:030/2bc0e852ff,evoenergy:030,evoenergy-schedule-of-charges-2024-25-lfit-adjusted,2024-25,2024-07-01,2025-06-30,Anytime Energy,Anytime Energy - Block 1,1,0,165,1,1,kWh,day,pdf:p8,"Applies for the first 165kWh per day, every day"
evoenergy-schedule-of-charges-2024-25-lfit-adjusted/evoenergy:030/62288dc3dc,evoenergy:030,evoenergy-schedule-of-charges-2024-25-lfit-adjusted,2024-25,2024-07-01,2025-06-30,Anytime Energy,Anytime Energy - Block 2,2,165,,0,0,kWh,day,pdf:p8,"Applies to energy above 165kWh per day, every day"
evoenergy-schedule-of-charges-2024-25-lfit-adjusted/evoenergy:031/2bc0e852ff,evoenergy:031,evoenergy-schedule-of-charges-2024-25-lfit-adjusted,2024-25,2024-07-01,2025-06-30,Anytime Energy,Anytime Energy - Block 1,1,0,165,1,1,kWh,day,pdf:p8,"Applies for the first 165kWh per day, every day"
evoenergy-schedule-of-charges-2024-25-lfit-adjusted/evoenergy:031/62288dc3dc,evoenergy:031,evoenergy-schedule-of-charges-2024-25-lfit-adjusted,2024-25,2024-07-01,2025-06-30,Anytime Energy,Anytime Energy - Block 2,2,165,,0,0,kWh,day,pdf:p8,"Applies to energy above 165kWh per day, every day"
evoenergy-schedule-of-charges-2024-25-lfit-adjusted/evoenergy:040/3bb6e2eff3,evoenergy:040,evoenergy-schedule-of-charges-2024-25-lfit-adjusted,2024-25,2024-07-01,2025-06-30,Anytime Energy,Anytime Energy - Block 1,1,0,330,1,1,kWh,day,pdf:p9,"Applies for the first 330 kWh per day, every day"
evoenergy-schedule-of-charges-2024-25-lfit-adjusted/evoenergy:040/e26153966a,evoenergy:040,evoenergy-schedule-of-charges-2024-25-lfit-adjusted,2024-25,2024-07-01,2025-06-30,Anytime Energy,Anytime Energy - Block 2,2,330,,0,0,kWh,day,pdf:p9,"Applies to energy above 330 kWh per day, every day"
evoenergy-schedule-of-charges-2024-25-lfit-adjusted/evoenergy:041/3bb6e2eff3,evoenergy:041,evoenergy-schedule-of-charges-2024-25-lfit-adjusted,2024-25,2024-07-01,2025-06-30,Anytime Energy,Anytime Energy - Block 1,1,0,330,1,1,kWh,day,pdf:p9,"Applies for the first 330 kWh per day, every day"
evoenergy-schedule-of-charges-2024-25-lfit-adjusted/evoenergy:041/e26153966a,evoenergy:041,evoenergy-schedule-of-charges-2024-25-lfit-adjusted,2024-25,2024-07-01,2025-06-30,Anytime Energy,Anytime Energy - Block 2,2,330,,0,0,kWh,day,pdf:p9,"Applies to energy above 330 kWh per day, every day"
evoenergy-schedule-of-charges-2025-26-incl-lfit-may2025/evoenergy:020/8023ad85af,evoenergy:020,evoenergy-schedule-of-charges-2025-26-incl-lfit-may2025,2025-26,2025-07-01,2026-06-30,Anytime Energy,Anytime Energy - Block 1,1,0,60,1,1,kWh,day,xlsx:Network tariffs!D80,"Applies for the first 60 kWh per day, every day"
evoenergy-schedule-of-charges-2025-26-incl-lfit-may2025/evoenergy:020/a4119e7761,evoenergy:020,evoenergy-schedule-of-charges-2025-26-incl-lfit-may2025,2025-26,2025-07-01,2026-06-30,Anytime Energy,Anytime Energy - Block 2,2,60,,0,0,kWh,day,xlsx:Network tariffs!D81,"Applies to energy above 60 kWh per day, every day"
evoenergy-schedule-of-charges-2025-26-incl-lfit-may2025/evoenergy:021/10374ca912,evoenergy:021,evoenergy-schedule-of-charges-2025-26-incl-lfit-may2025,2025-26,2025-07-01,2026-06-30,Anytime Energy,Anytime Energy - Block 1,1,0,60,1,1,kWh,day,xlsx:Network tariffs!D89,"Applies for the first 60 kWh per day, every day"
evoenergy-schedule-of-charges-2025-26-incl-lfit-may2025/evoenergy:021/93139a8661,evoenergy:021,evoenergy-schedule-of-charges-2025-26-incl-lfit-may2025,2025-26,2025-07-01,2026-06-30,Anytime Energy,Anytime Energy - Block 2,2,60,,0,0,kWh,day,xlsx:Network tariffs!D90,"Applies to energy above 60 kWh per day, every day"
evoenergy-schedule-of-charges-2025-26-incl-lfit-may2025/evoenergy:030/d30aa32fac,evoenergy:030,evoenergy-schedule-of-charges-2025-26-incl-lfit-may2025,2025-26,2025-07-01,2026-06-30,Anytime Energy,Anytime Energy - Block 2,2,165,,0,0,kWh,day,xlsx:Network tariffs!D141,"Applies to energy above 165kWh per day, every day"
evoenergy-schedule-of-charges-2025-26-incl-lfit-may2025/evoenergy:030/eef30fb349,evoenergy:030,evoenergy-schedule-of-charges-2025-26-incl-lfit-may2025,2025-26,2025-07-01,2026-06-30,Anytime Energy,Anytime Energy - Block 1,1,0,165,1,1,kWh,day,xlsx:Network tariffs!D140,"Applies for the first 165kWh per day, every day"
evoenergy-schedule-of-charges-2025-26-incl-lfit-may2025/evoenergy:031/3938585407,evoenergy:031,evoenergy-schedule-of-charges-2025-26-incl-lfit-may2025,2025-26,2025-07-01,2026-06-30,Anytime Energy,Anytime Energy - Block 2,2,165,,0,0,kWh,day,xlsx:Network tariffs!D150,"Applies to energy above 165kWh per day, every day"
evoenergy-schedule-of-charges-2025-26-incl-lfit-may2025/evoenergy:031/4ae6c5bae5,evoenergy:031,evoenergy-schedule-of-charges-2025-26-incl-lfit-may2025,2025-26,2025-07-01,2026-06-30,Anytime Energy,Anytime Energy - Block 1,1,0,165,1,1,kWh,day,xlsx:Network tariffs!D149,"Applies for the first 165kWh per day, every day"
evoenergy-schedule-of-charges-2025-26-incl-lfit-may2025/evoenergy:040/3bc83fa6d2,evoenergy:040,evoenergy-schedule-of-charges-2025-26-incl-lfit-may2025,2025-26,2025-07-01,2026-06-30,Anytime Energy,Anytime Energy - Block 1,1,0,330,1,1,kWh,day,xlsx:Network tariffs!D175,"Applies for the first 330 kWh per day, every day"
evoenergy-schedule-of-charges-2025-26-incl-lfit-may2025/evoenergy:040/954bf77c69,evoenergy:040,evoenergy-schedule-of-charges-2025-26-incl-lfit-may2025,2025-26,2025-07-01,2026-06-30,Anytime Energy,Anytime Energy - Block 2,2,330,,0,0,kWh,day,xlsx:Network tariffs!D176,"Applies to energy above 330 kWh per day, every day"
evoenergy-schedule-of-charges-2025-26-incl-lfit-may2025/evoenergy:041/4d8b05ed45,evoenergy:041,evoenergy-schedule-of-charges-2025-26-incl-lfit-may2025,2025-26,2025-07-01,2026-06-30,Anytime Energy,Anytime Energy - Block 1,1,0,330,1,1,kWh,day,xlsx:Network tariffs!D184,"Applies for the first 330 kWh per day, every day"
evoenergy-schedule-of-charges-2025-26-incl-lfit-may2025/evoenergy:041/c2fee427c8,evoenergy:041,evoenergy-schedule-of-charges-2025-26-incl-lfit-may2025,2025-26,2025-07-01,2026-06-30,Anytime Energy,Anytime Energy - Block 2,2,330,,0,0,kWh,day,xlsx:Network tariffs!D185,"Applies to energy above 330 kWh per day, every day"
evoenergy-schedule-of-charges-2026-27-aer-approved-april2026/evoenergy:020/8023ad85af,evoenergy:020,evoenergy-schedule-of-charges-2026-27-aer-approved-april2026,2026-27,2026-07-01,2027-06-30,Anytime Energy,Anytime Energy - Block 1,1,0,60,1,1,kWh,day,xlsx:Network tariffs!D80,"Applies for the first 60 kWh per day, every day"
evoenergy-schedule-of-charges-2026-27-aer-approved-april2026/evoenergy:020/a4119e7761,evoenergy:020,evoenergy-schedule-of-charges-2026-27-aer-approved-april2026,2026-27,2026-07-01,2027-06-30,Anytime Energy,Anytime Energy - Block 2,2,60,,0,0,kWh,day,xlsx:Network tariffs!D81,"Applies to energy above 60 kWh per day, every day"
evoenergy-schedule-of-charges-2026-27-aer-approved-april2026/evoenergy:021/10374ca912,evoenergy:021,evoenergy-schedule-of-charges-2026-27-aer-approved-april2026,2026-27,2026-07-01,2027-06-30,Anytime Energy,Anytime Energy - Block 1,1,0,60,1,1,kWh,day,xlsx:Network tariffs!D89,"Applies for the first 60 kWh per day, every day"
evoenergy-schedule-of-charges-2026-27-aer-approved-april2026/evoenergy:021/93139a8661,evoenergy:021,evoenergy-schedule-of-charges-2026-27-aer-approved-april2026,2026-27,2026-07-01,2027-06-30,Anytime Energy,Anytime Energy - Block 2,2,60,,0,0,kWh,day,xlsx:Network tariffs!D90,"Applies to energy above 60 kWh per day, every day"
evoenergy-schedule-of-charges-2026-27-aer-approved-april2026/evoenergy:030/d30aa32fac,evoenergy:030,evoenergy-schedule-of-charges-2026-27-aer-approved-april2026,2026-27,2026-07-01,2027-06-30,Anytime Energy,Anytime Energy - Block 2,2,165,,0,0,kWh,day,xlsx:Network tariffs!D141,"Applies to energy above 165kWh per day, every day"
evoenergy-schedule-of-charges-2026-27-aer-approved-april2026/evoenergy:030/eef30fb349,evoenergy:030,evoenergy-schedule-of-charges-2026-27-aer-approved-april2026,2026-27,2026-07-01,2027-06-30,Anytime Energy,Anytime Energy - Block 1,1,0,165,1,1,kWh,day,xlsx:Network tariffs!D140,"Applies for the first 165kWh per day, every day"
evoenergy-schedule-of-charges-2026-27-aer-approved-april2026/evoenergy:031/3938585407,evoenergy:031,evoenergy-schedule-of-charges-2026-27-aer-approved-april2026,2026-27,2026-07-01,2027-06-30,Anytime Energy,Anytime Energy - Block 2,2,165,,0,0,kWh,day,xlsx:Network tariffs!D150,"Applies to energy above 165kWh per day, every day"
evoenergy-schedule-of-charges-2026-27-aer-approved-april2026/evoenergy:031/4ae6c5bae5,evoenergy:031,evoenergy-schedule-of-charges-2026-27-aer-approved-april2026,2026-27,2026-07-01,2027-06-30,Anytime Energy,Anytime Energy - Block 1,1,0,165,1,1,kWh,day,xlsx:Network tariffs!D149,"Applies for the first 165kWh per day, every day"
evoenergy-schedule-of-charges-2026-27-aer-approved-april2026/evoenergy:040/0fc2c07e44,evoenergy:040,evoenergy-schedule-of-charges-2026-27-aer-approved-april2026,2026-27,2026-07-01,2027-06-30,Anytime Energy,Anytime Energy - Block 1,1,0,330,1,1,kWh,day,xlsx:Network tariffs!D182,"Applies for the first 330 kWh per day, every day"
evoenergy-schedule-of-charges-2026-27-aer-approved-april2026/evoenergy:040/58cc7346a8,evoenergy:040,evoenergy-schedule-of-charges-2026-27-aer-approved-april2026,2026-27,2026-07-01,2027-06-30,Anytime Energy,Anytime Energy - Block 2,2,330,,0,0,kWh,day,xlsx:Network tariffs!D183,"Applies to energy above 330 kWh per day, every day"
evoenergy-schedule-of-charges-2026-27-aer-approved-april2026/evoenergy:041/5909111ce4,evoenergy:041,evoenergy-schedule-of-charges-2026-27-aer-approved-april2026,2026-27,2026-07-01,2027-06-30,Anytime Energy,Anytime Energy - Block 2,2,330,,0,0,kWh,day,xlsx:Network tariffs!D192,"Applies to energy above 330 kWh per day, every day"
evoenergy-schedule-of-charges-2026-27-aer-approved-april2026/evoenergy:041/caba75275c,evoenergy:041,evoenergy-schedule-of-charges-2026-27-aer-approved-april2026,2026-27,2026-07-01,2027-06-30,Anytime Energy,Anytime Energy - Block 1,1,0,330,1,1,kWh,day,xlsx:Network tariffs!D191,"Applies for the first 330 kWh per day, every day"
evoenergy-schedule-of-charges-2026-27-incl-lfit-june2026/evoenergy:020/8023ad85af,evoenergy:020,evoenergy-schedule-of-charges-2026-27-incl-lfit-june2026,2026-27,2026-07-01,2027-06-30,Anytime Energy,Anytime Energy - Block 1,1,0,60,1,1,kWh,day,xlsx:Network tariffs!D80,"Applies for the first 60 kWh per day, every day"
evoenergy-schedule-of-charges-2026-27-incl-lfit-june2026/evoenergy:020/a4119e7761,evoenergy:020,evoenergy-schedule-of-charges-2026-27-incl-lfit-june2026,2026-27,2026-07-01,2027-06-30,Anytime Energy,Anytime Energy - Block 2,2,60,,0,0,kWh,day,xlsx:Network tariffs!D81,"Applies to energy above 60 kWh per day, every day"
evoenergy-schedule-of-charges-2026-27-incl-lfit-june2026/evoenergy:021/10374ca912,evoenergy:021,evoenergy-schedule-of-charges-2026-27-incl-lfit-june2026,2026-27,2026-07-01,2027-06-30,Anytime Energy,Anytime Energy - Block 1,1,0,60,1,1,kWh,day,xlsx:Network tariffs!D89,"Applies for the first 60 kWh per day, every day"
evoenergy-schedule-of-charges-2026-27-incl-lfit-june2026/evoenergy:021/93139a8661,evoenergy:021,evoenergy-schedule-of-charges-2026-27-incl-lfit-june2026,2026-27,2026-07-01,2027-06-30,Anytime Energy,Anytime Energy - Block 2,2,60,,0,0,kWh,day,xlsx:Network tariffs!D90,"Applies to energy above 60 kWh per day, every day"
evoenergy-schedule-of-charges-2026-27-incl-lfit-june2026/evoenergy:030/d30aa32fac,evoenergy:030,evoenergy-schedule-of-charges-2026-27-incl-lfit-june2026,2026-27,2026-07-01,2027-06-30,Anytime Energy,Anytime Energy - Block 2,2,165,,0,0,kWh,day,xlsx:Network tariffs!D141,"Applies to energy above 165kWh per day, every day"
evoenergy-schedule-of-charges-2026-27-incl-lfit-june2026/evoenergy:030/eef30fb349,evoenergy:030,evoenergy-schedule-of-charges-2026-27-incl-lfit-june2026,2026-27,2026-07-01,2027-06-30,Anytime Energy,Anytime Energy - Block 1,1,0,165,1,1,kWh,day,xlsx:Network tariffs!D140,"Applies for the first 165kWh per day, every day"
evoenergy-schedule-of-charges-2026-27-incl-lfit-june2026/evoenergy:031/3938585407,evoenergy:031,evoenergy-schedule-of-charges-2026-27-incl-lfit-june2026,2026-27,2026-07-01,2027-06-30,Anytime Energy,Anytime Energy - Block 2,2,165,,0,0,kWh,day,xlsx:Network tariffs!D150,"Applies to energy above 165kWh per day, every day"
evoenergy-schedule-of-charges-2026-27-incl-lfit-june2026/evoenergy:031/4ae6c5bae5,evoenergy:031,evoenergy-schedule-of-charges-2026-27-incl-lfit-june2026,2026-27,2026-07-01,2027-06-30,Anytime Energy,Anytime Energy - Block 1,1,0,165,1,1,kWh,day,xlsx:Network tariffs!D149,"Applies for the first 165kWh per day, every day"
evoenergy-schedule-of-charges-2026-27-incl-lfit-june2026/evoenergy:040/0fc2c07e44,evoenergy:040,evoenergy-schedule-of-charges-2026-27-incl-lfit-june2026,2026-27,2026-07-01,2027-06-30,Anytime Energy,Anytime Energy - Block 1,1,0,330,1,1,kWh,day,xlsx:Network tariffs!D182,"Applies for the first 330 kWh per day, every day"
evoenergy-schedule-of-charges-2026-27-incl-lfit-june2026/evoenergy:040/58cc7346a8,evoenergy:040,evoenergy-schedule-of-charges-2026-27-incl-lfit-june2026,2026-27,2026-07-01,2027-06-30,Anytime Energy,Anytime Energy - Block 2,2,330,,0,0,kWh,day,xlsx:Network tariffs!D183,"Applies to energy above 330 kWh per day, every day"
evoenergy-schedule-of-charges-2026-27-incl-lfit-june2026/evoenergy:041/5909111ce4,evoenergy:041,evoenergy-schedule-of-charges-2026-27-incl-lfit-june2026,2026-27,2026-07-01,2027-06-30,Anytime Energy,Anytime Energy - Block 2,2,330,,0,0,kWh,day,xlsx:Network tariffs!D192,"Applies to energy above 330 kWh per day, every day"
evoenergy-schedule-of-charges-2026-27-incl-lfit-june2026/evoenergy:041/caba75275c,evoenergy:041,evoenergy-schedule-of-charges-2026-27-incl-lfit-june2026,2026-27,2026-07-01,2027-06-30,Anytime Energy,Anytime Energy - Block 1,1,0,330,1,1,kWh,day,xlsx:Network tariffs!D191,"Applies for the first 330 kWh per day, every day"
evoenergy-statement-of-tariff-classes-and-tariffs-2023-24/evoenergy:020/68f1b443ed,evoenergy:020,evoenergy-statement-of-tariff-classes-and-tariffs-2023-24,2023-24,2023-07-01,2024-06-30,Energy consumption,Energy consumption for the first 60 kWh per day,1,0,60,1,1,kWh,day,pdf:p22,the first 60 kWh per day
evoenergy-statement-of-tariff-classes-and-tariffs-2023-24/evoenergy:020/8caf95729a,evoenergy:020,evoenergy-statement-of-tariff-classes-and-tariffs-2023-24,2023-24,2023-07-01,2024-06-30,Energy consumption,Energy consumption above 60 kWh per day,2,60,,0,0,kWh,day,pdf:p22,above 60 kWh per day
evoenergy-statement-of-tariff-classes-and-tariffs-2023-24/evoenergy:021/68f1b443ed,evoenergy:021,evoenergy-statement-of-tariff-classes-and-tariffs-2023-24,2023-24,2023-07-01,2024-06-30,Energy consumption,Energy consumption for the first 60 kWh per day,1,0,60,1,1,kWh,day,pdf:p22,the first 60 kWh per day
evoenergy-statement-of-tariff-classes-and-tariffs-2023-24/evoenergy:021/8caf95729a,evoenergy:021,evoenergy-statement-of-tariff-classes-and-tariffs-2023-24,2023-24,2023-07-01,2024-06-30,Energy consumption,Energy consumption above 60 kWh per day,2,60,,0,0,kWh,day,pdf:p22,above 60 kWh per day
evoenergy-statement-of-tariff-classes-and-tariffs-2023-24/evoenergy:030/d055f9c264,evoenergy:030,evoenergy-statement-of-tariff-classes-and-tariffs-2023-24,2023-24,2023-07-01,2024-06-30,Energy consumption,Energy consumption above 165 kWh per day,2,165,,0,0,kWh,day,pdf:p23,above 165 kWh per day
evoenergy-statement-of-tariff-classes-and-tariffs-2023-24/evoenergy:030/d19ac926fa,evoenergy:030,evoenergy-statement-of-tariff-classes-and-tariffs-2023-24,2023-24,2023-07-01,2024-06-30,Energy consumption,Energy consumption for the first 165 kWh per day,1,0,165,1,1,kWh,day,pdf:p23,the first 165 kWh per day
evoenergy-statement-of-tariff-classes-and-tariffs-2023-24/evoenergy:031/d055f9c264,evoenergy:031,evoenergy-statement-of-tariff-classes-and-tariffs-2023-24,2023-24,2023-07-01,2024-06-30,Energy consumption,Energy consumption above 165 kWh per day,2,165,,0,0,kWh,day,pdf:p23,above 165 kWh per day
evoenergy-statement-of-tariff-classes-and-tariffs-2023-24/evoenergy:031/d19ac926fa,evoenergy:031,evoenergy-statement-of-tariff-classes-and-tariffs-2023-24,2023-24,2023-07-01,2024-06-30,Energy consumption,Energy consumption for the first 165 kWh per day,1,0,165,1,1,kWh,day,pdf:p23,the first 165 kWh per day
evoenergy-statement-of-tariff-classes-and-tariffs-2023-24/evoenergy:040/4f725681c4,evoenergy:040,evoenergy-statement-of-tariff-classes-and-tariffs-2023-24,2023-24,2023-07-01,2024-06-30,Energy consumption,Energy consumption above 330 kWh per day,2,330,,0,0,kWh,day,pdf:p23,above 330 kWh per day
evoenergy-statement-of-tariff-classes-and-tariffs-2023-24/evoenergy:040/bbb9cb4633,evoenergy:040,evoenergy-statement-of-tariff-classes-and-tariffs-2023-24,2023-24,2023-07-01,2024-06-30,Energy consumption,Energy consumption for the first 330 kWh per day,1,0,330,1,1,kWh,day,pdf:p23,the first 330 kWh per day
evoenergy-statement-of-tariff-classes-and-tariffs-2023-24/evoenergy:041/a0e5b4354a,evoenergy:041,evoenergy-statement-of-tariff-classes-and-tariffs-2023-24,2023-24,2023-07-01,2024-06-30,Energy consumption,Energy consumption above 330 kWh per day,2,330,,0,0,kWh,day,pdf:p24,above 330 kWh per day
evoenergy-statement-of-tariff-classes-and-tariffs-2023-24/evoenergy:041/bbb9cb4633,evoenergy:041,evoenergy-statement-of-tariff-classes-and-tariffs-2023-24,2023-24,2023-07-01,2024-06-30,Energy consumption,Energy consumption for the first 330 kWh per day,1,0,330,1,1,kWh,day,pdf:p23,the first 330 kWh per day
powercor-pricing-proposal-2026-27-07may2026/powercor:PFS/55ce67f78c,powercor:PFS,powercor-pricing-proposal-2026-27-07may2026,2026-27,2026-07-01,2027-06-30,Saver energy export,"Saver energy export - BEL (exempt), 1 kWh per day x days in billing period, unused allowance rolls over within the billing period",1,0,1,1,1,kWh,billing_period_per_day,pdf:p8,"PFS BEL is the total kWh exempt from export charges are determined by multiplying 1 kWh per day by the number of days in the billing period. If exports between 11:00am – 4:00pm are less than 1 kWh, the remainder of the free export allowance would roll over to the next day, within a single billing period."
powercor-pricing-proposal-2026-27-07may2026/powercor:PFS/e337873b99,powercor:PFS,powercor-pricing-proposal-2026-27-07may2026,2026-27,2026-07-01,2027-06-30,Saver energy export,Saver energy export - above BEL (charged),2,1,,0,0,kWh,billing_period_per_day,pdf:p8,"PFS BEL is the total kWh exempt from export charges are determined by multiplying 1 kWh per day by the number of days in the billing period. If exports between 11:00am – 4:00pm are less than 1 kWh, the remainder of the free export allowance would roll over to the next day, within a single billing period."
powercor-pricing-proposal-2026-27-07may2026/powercor:PRCER/0a14653088,powercor:PRCER,powercor-pricing-proposal-2026-27-07may2026,2026-27,2026-07-01,2027-06-30,Saver energy export,"Saver energy export - BEL (exempt), 1 kWh per day x days in billing period, unused allowance rolls over within the billing period",1,0,1,1,1,kWh,billing_period_per_day,pdf:p6,"PRCER BEL is the total kWh exempt from export charges are determined by multiplying 1 kWh per day by the number of days in the billing period. If exports between 11:00am – 4:00pm are less than 1 kWh, the remainder of the free export allowance would roll over to the next day, within a single billing period."
powercor-pricing-proposal-2026-27-07may2026/powercor:PRCER/fad73eaf5d,powercor:PRCER,powercor-pricing-proposal-2026-27-07may2026,2026-27,2026-07-01,2027-06-30,Saver energy export,Saver energy export - above BEL (charged),2,1,,0,0,kWh,billing_period_per_day,pdf:p6,"PRCER BEL is the total kWh exempt from export charges are determined by multiplying 1 kWh per day by the number of days in the billing period. If exports between 11:00am – 4:00pm are less than 1 kWh, the remainder of the free export allowance would roll over to the next day, within a single billing period."
ue-pricing-proposal-2026-27-07may2026/unitedenergy:UFS/55ce67f78c,unitedenergy:UFS,ue-pricing-proposal-2026-27-07may2026,2026-27,2026-07-01,2027-06-30,Saver energy export,"Saver energy export - BEL (exempt), 1 kWh per day x days in billing period, unused allowance rolls over within the billing period",1,0,1,1,1,kWh,billing_period_per_day,pdf:p8,"UFS BEL is the total kWh exempt from export charges are determined by multiplying 1 kWh per day by the number of days in the billing period. If exports between 11:00am – 4:00pm are less than 1 kWh, the remainder of the free export allowance would roll over to the next day, within a single billing period."
ue-pricing-proposal-2026-27-07may2026/unitedenergy:UFS/e337873b99,unitedenergy:UFS,ue-pricing-proposal-2026-27-07may2026,2026-27,2026-07-01,2027-06-30,Saver energy export,Saver energy export - above BEL (charged),2,1,,0,0,kWh,billing_period_per_day,pdf:p8,"UFS BEL is the total kWh exempt from export charges are determined by multiplying 1 kWh per day by the number of days in the billing period. If exports between 11:00am – 4:00pm are less than 1 kWh, the remainder of the free export allowance would roll over to the next day, within a single billing period."
ue-pricing-proposal-2026-27-07may2026/unitedenergy:URCER/0a14653088,unitedenergy:URCER,ue-pricing-proposal-2026-27-07may2026,2026-27,2026-07-01,2027-06-30,Saver energy export,"Saver energy export - BEL (exempt), 1 kWh per day x days in billing period, unused allowance rolls over within the billing period",1,0,1,1,1,kWh,billing_period_per_day,pdf:p6,"URCER BEL is the total kWh exempt from export charges are determined by multiplying 1 kWh per day by the number of days in the billing period. If exports between 11:00am – 4:00pm are less than 1 kWh, the remainder of the free export allowance would roll over to the next day, within a single billing period."
ue-pricing-proposal-2026-27-07may2026/unitedenergy:URCER/fad73eaf5d,unitedenergy:URCER,ue-pricing-proposal-2026-27-07may2026,2026-27,2026-07-01,2027-06-30,Saver energy export,Saver energy export - above BEL (charged),2,1,,0,0,kWh,billing_period_per_day,pdf:p6,"URCER BEL is the total kWh exempt from export charges are determined by multiplying 1 kWh per day by the number of days in the billing period. If exports between 11:00am – 4:00pm are less than 1 kWh, the remainder of the free export allowance would roll over to the next day, within a single billing period."
