distributor_id,name,state,iana_timezone,observes_dst
ausgrid,Ausgrid,NSW,Australia/Sydney,1
ausnet,AusNet Services,VIC,Australia/Melbourne,1
citipower,CitiPower,VIC,Australia/Melbourne,1
endeavour,Endeavour Energy,NSW,Australia/Sydney,1
energex,Energex,QLD,Australia/Brisbane,0
ergon,Ergon Energy,QLD,Australia/Brisbane,0
essential,Essential Energy,NSW,Australia/Sydney,1
evoenergy,Evoenergy,ACT,Australia/Sydney,1
jemena,Jemena,VIC,Australia/Melbourne,1
powercor,Powercor,VIC,Australia/Melbourne,1
powerwater,Power and Water Corporation,NT,Australia/Darwin,0
sapn,SA Power Networks,SA,Australia/Adelaide,1
tasnetworks,TasNetworks,TAS,Australia/Hobart,1
unitedenergy,United Energy,VIC,Australia/Melbourne,1
