check_id,document_id,url,url_basis,url_evidence,checked_on,http_status,outcome
aer-consolidated-2025-26-v1/2026-10-06/8fa9647f,aer-consolidated-2025-26-v1,https://www.aer.gov.au/system/files/2025-04/Consolidated%C2%A0stakeholder%20report%202025%E2%80%9326.xlsx,inventory,the held copy is the Wayback capture of this URL of 9 Apr 2025 (sources/inventory.csv),2026-10-06,307,login_gated
aer-consolidated-2025-26-v2/2026-10-06/391148d0,aer-consolidated-2025-26-v2,https://www.aer.gov.au/system/files/2025-04/Consolidated%20stakeholder%20report%202025%E2%80%9326.xlsx,probed_file_name,"[UNSURE] attributed to v2: the only consolidated-report file besides v1's found in the 2025-04 folder (it differs from v1's name by a plain space for the non-breaking one), and v2 (10 Apr 2025) is the only other April version",2026-10-06,307,login_gated
aer-consolidated-2025-26-v3/2026-10-06/a76ae2c2,aer-consolidated-2025-26-v3,https://www.aer.gov.au/system/files/2025-05/Consolidated%20stakeholder%20report%202025%E2%80%9326%20v3.xlsx,probed_file_name,file name carries 'v3',2026-10-06,307,login_gated
aer-consolidated-2025-26-v4/2026-10-06/97099174,aer-consolidated-2025-26-v4,https://www.aer.gov.au/system/files/2025-05/Consolidated%20stakeholder%20report%202025%E2%80%9326%20v4.xlsx,probed_file_name,file name carries 'v4',2026-10-06,307,login_gated
aer-consolidated-2025-26-v5/2026-10-06/8c90d2bd,aer-consolidated-2025-26-v5,https://www.aer.gov.au/system/files/2025-05/AER%20-%20Consolidated%20stakeholder%20report%202025%E2%80%9326%20v5%C2%A0.xlsx,inventory,linked from the landing page (saved 2026-10-06; Wayback capture https://web.archive.org/web/20250614195514/https://www.aer.gov.au/documents/aer-consolidated-stakeholder-report-2025-26),2026-10-06,200,served
aer-consolidated-2026-27-v1/2026-10-06/88d16555,aer-consolidated-2026-27-v1,https://www.aer.gov.au/system/files/2026-04/AER%20%E2%80%93%202026%E2%80%9327%20%E2%80%93%20Consolidated%20stakeholder%20report%20%E2%80%93%2031%20March%202026.xlsx,probed_file_name,"[UNSURE] attributed to v1 (2 Apr 2026): the only consolidated-report file in the 2026-04 folder besides v2's '24 April 2026', named for the 31 Mar 2026 proposal date",2026-10-06,307,login_gated
aer-consolidated-2026-27-v2/2026-10-06/1e78db38,aer-consolidated-2026-27-v2,https://www.aer.gov.au/system/files/2026-04/AER%20%E2%80%93%202026%E2%80%9327%20%E2%80%93%20Consolidated%20stakeholder%20report%20%E2%80%93%2024%20April%202026.xlsx,probed_file_name,file name carries the v2 publication date (24 Apr 2026),2026-10-06,307,login_gated
aer-consolidated-2026-27-v3/2026-10-06/50317bea,aer-consolidated-2026-27-v3,https://www.aer.gov.au/system/files/2026-05/AER%20%E2%80%93%202026%E2%80%9327%20%E2%80%93%20Consolidated%20stakeholder%20report%20%E2%80%93%208%20May%C2%A02026.xlsx,archived_landing_page,https://web.archive.org/web/20260512222245/https://www.aer.gov.au/documents/aer-2026-27-consolidated-stakeholder-report-8-may-2026,2026-10-06,307,login_gated
aer-consolidated-2026-27-v4/2026-10-06/02b21c9c,aer-consolidated-2026-27-v4,https://www.aer.gov.au/system/files/2026-05/AER%20%E2%80%93%202026%E2%80%9327%20%E2%80%93%20Consolidated%20stakeholder%20report%20%E2%80%93%2020%20May%202026.xlsx,archived_landing_page,https://web.archive.org/web/20260616060155/https://www.aer.gov.au/documents/aer-2026-27-consolidated-stakeholder-report-20-may-2026,2026-10-06,307,login_gated
aer-consolidated-2026-27-v5/2026-10-06/f24bb241,aer-consolidated-2026-27-v5,https://www.aer.gov.au/system/files/2026-08/AER%20%E2%80%93%202026%E2%80%9327%20%E2%80%93%20Consolidated%20stakeholder%20report%20%E2%80%93%2026%20August%202026.xlsx,inventory,linked from the landing page (saved 2026-10-06),2026-10-06,200,served
aer-stakeholder-sapn-2024-25-original/2026-10-06/3e28bdbd,aer-stakeholder-sapn-2024-25-original,https://www.aer.gov.au/system/files/2024-05/AER%20-%20Stakeholder%20report%20-%20SA%20Power%20Networks%20-%20%202024%E2%80%9325%20Annual%20Pricing%20Proposal.xlsx,probed_file_name,[UNSURE] see the single-space name: one of the two is the 3 May 2024 original,2026-10-06,307,login_gated
aer-stakeholder-sapn-2024-25-original/2026-10-06/7409869d,aer-stakeholder-sapn-2024-25-original,https://www.aer.gov.au/system/files/2024-05/AER%20-%20Stakeholder%20report%20-%20SA%20Power%20Networks%20-%202024%E2%80%9325%20Annual%20Pricing%20Proposal.xlsx,probed_file_name,"[UNSURE] the 3 May 2024 file name of the other 13 distributors' reports; the same name with two spaces before '2024-25' (as in the 17 Jul 2024 replacement) also answers 307, so which file was the original is not established",2026-10-06,307,login_gated
