document_id,distributor_id,price_status,evidence_document_id,locator,quote
aer-consolidated-2025-26-v1,ausgrid,proposed,aer-consolidated-2025-26-landing-page,html:text,"On 8 April we published version 1 with: Proposed prices for ACT, NSW, NT, TAS, and VIC."
aer-consolidated-2025-26-v1,ausnet,proposed,aer-consolidated-2025-26-landing-page,html:text,"On 8 April we published version 1 with: Proposed prices for ACT, NSW, NT, TAS, and VIC."
aer-consolidated-2025-26-v1,citipower,proposed,aer-consolidated-2025-26-landing-page,html:text,"On 8 April we published version 1 with: Proposed prices for ACT, NSW, NT, TAS, and VIC."
aer-consolidated-2025-26-v1,endeavour,proposed,aer-consolidated-2025-26-landing-page,html:text,"On 8 April we published version 1 with: Proposed prices for ACT, NSW, NT, TAS, and VIC."
aer-consolidated-2025-26-v1,essential,proposed,aer-consolidated-2025-26-landing-page,html:text,"On 8 April we published version 1 with: Proposed prices for ACT, NSW, NT, TAS, and VIC."
aer-consolidated-2025-26-v1,evoenergy,proposed,aer-consolidated-2025-26-landing-page,html:text,"On 8 April we published version 1 with: Proposed prices for ACT, NSW, NT, TAS, and VIC."
aer-consolidated-2025-26-v1,jemena,proposed,aer-consolidated-2025-26-landing-page,html:text,"On 8 April we published version 1 with: Proposed prices for ACT, NSW, NT, TAS, and VIC."
aer-consolidated-2025-26-v1,powercor,proposed,aer-consolidated-2025-26-landing-page,html:text,"On 8 April we published version 1 with: Proposed prices for ACT, NSW, NT, TAS, and VIC."
aer-consolidated-2025-26-v1,powerwater,proposed,aer-consolidated-2025-26-landing-page,html:text,"On 8 April we published version 1 with: Proposed prices for ACT, NSW, NT, TAS, and VIC."
aer-consolidated-2025-26-v1,tasnetworks,proposed,aer-consolidated-2025-26-landing-page,html:text,"On 8 April we published version 1 with: Proposed prices for ACT, NSW, NT, TAS, and VIC."
aer-consolidated-2025-26-v1,unitedenergy,proposed,aer-consolidated-2025-26-landing-page,html:text,"On 8 April we published version 1 with: Proposed prices for ACT, NSW, NT, TAS, and VIC."
aer-consolidated-2025-26-v2,ausgrid,proposed,aer-consolidated-2025-26-landing-page,html:text,On 10 April we published version 2 with: Updated price movement analysis for AusNet Services and United Energy to correct errors.
aer-consolidated-2025-26-v2,ausnet,proposed,aer-consolidated-2025-26-landing-page,html:text,On 10 April we published version 2 with: Updated price movement analysis for AusNet Services and United Energy to correct errors.
aer-consolidated-2025-26-v2,citipower,proposed,aer-consolidated-2025-26-landing-page,html:text,On 10 April we published version 2 with: Updated price movement analysis for AusNet Services and United Energy to correct errors.
aer-consolidated-2025-26-v2,endeavour,proposed,aer-consolidated-2025-26-landing-page,html:text,On 10 April we published version 2 with: Updated price movement analysis for AusNet Services and United Energy to correct errors.
aer-consolidated-2025-26-v2,essential,proposed,aer-consolidated-2025-26-landing-page,html:text,On 10 April we published version 2 with: Updated price movement analysis for AusNet Services and United Energy to correct errors.
aer-consolidated-2025-26-v2,evoenergy,proposed,aer-consolidated-2025-26-landing-page,html:text,On 10 April we published version 2 with: Updated price movement analysis for AusNet Services and United Energy to correct errors.
aer-consolidated-2025-26-v2,jemena,proposed,aer-consolidated-2025-26-landing-page,html:text,On 10 April we published version 2 with: Updated price movement analysis for AusNet Services and United Energy to correct errors.
aer-consolidated-2025-26-v2,powercor,proposed,aer-consolidated-2025-26-landing-page,html:text,On 10 April we published version 2 with: Updated price movement analysis for AusNet Services and United Energy to correct errors.
aer-consolidated-2025-26-v2,powerwater,proposed,aer-consolidated-2025-26-landing-page,html:text,On 10 April we published version 2 with: Updated price movement analysis for AusNet Services and United Energy to correct errors.
aer-consolidated-2025-26-v2,tasnetworks,proposed,aer-consolidated-2025-26-landing-page,html:text,On 10 April we published version 2 with: Updated price movement analysis for AusNet Services and United Energy to correct errors.
aer-consolidated-2025-26-v2,unitedenergy,proposed,aer-consolidated-2025-26-landing-page,html:text,On 10 April we published version 2 with: Updated price movement analysis for AusNet Services and United Energy to correct errors.
aer-consolidated-2025-26-v3,ausgrid,approved,aer-consolidated-2025-26-landing-page,html:text,"On 14 May we published version 3 with: Approved prices for ACT, NSW, TAS, and VIC (including updated prices for Essential Energy, Jemena, and TasNetworks, and a single additional price for Ausgrid). Added proposed prices for QLD and SA. Retained proposed prices for NT."
aer-consolidated-2025-26-v3,ausnet,approved,aer-consolidated-2025-26-landing-page,html:text,"On 14 May we published version 3 with: Approved prices for ACT, NSW, TAS, and VIC (including updated prices for Essential Energy, Jemena, and TasNetworks, and a single additional price for Ausgrid). Added proposed prices for QLD and SA. Retained proposed prices for NT."
aer-consolidated-2025-26-v3,citipower,approved,aer-consolidated-2025-26-landing-page,html:text,"On 14 May we published version 3 with: Approved prices for ACT, NSW, TAS, and VIC (including updated prices for Essential Energy, Jemena, and TasNetworks, and a single additional price for Ausgrid). Added proposed prices for QLD and SA. Retained proposed prices for NT."
aer-consolidated-2025-26-v3,endeavour,approved,aer-consolidated-2025-26-landing-page,html:text,"On 14 May we published version 3 with: Approved prices for ACT, NSW, TAS, and VIC (including updated prices for Essential Energy, Jemena, and TasNetworks, and a single additional price for Ausgrid). Added proposed prices for QLD and SA. Retained proposed prices for NT."
aer-consolidated-2025-26-v3,energex,proposed,aer-consolidated-2025-26-landing-page,html:text,"On 14 May we published version 3 with: Approved prices for ACT, NSW, TAS, and VIC (including updated prices for Essential Energy, Jemena, and TasNetworks, and a single additional price for Ausgrid). Added proposed prices for QLD and SA. Retained proposed prices for NT."
aer-consolidated-2025-26-v3,ergon,proposed,aer-consolidated-2025-26-landing-page,html:text,"On 14 May we published version 3 with: Approved prices for ACT, NSW, TAS, and VIC (including updated prices for Essential Energy, Jemena, and TasNetworks, and a single additional price for Ausgrid). Added proposed prices for QLD and SA. Retained proposed prices for NT."
aer-consolidated-2025-26-v3,essential,approved,aer-consolidated-2025-26-landing-page,html:text,"On 14 May we published version 3 with: Approved prices for ACT, NSW, TAS, and VIC (including updated prices for Essential Energy, Jemena, and TasNetworks, and a single additional price for Ausgrid). Added proposed prices for QLD and SA. Retained proposed prices for NT."
aer-consolidated-2025-26-v3,evoenergy,approved,aer-consolidated-2025-26-landing-page,html:text,"On 14 May we published version 3 with: Approved prices for ACT, NSW, TAS, and VIC (including updated prices for Essential Energy, Jemena, and TasNetworks, and a single additional price for Ausgrid). Added proposed prices for QLD and SA. Retained proposed prices for NT."
aer-consolidated-2025-26-v3,jemena,approved,aer-consolidated-2025-26-landing-page,html:text,"On 14 May we published version 3 with: Approved prices for ACT, NSW, TAS, and VIC (including updated prices for Essential Energy, Jemena, and TasNetworks, and a single additional price for Ausgrid). Added proposed prices for QLD and SA. Retained proposed prices for NT."
aer-consolidated-2025-26-v3,powercor,approved,aer-consolidated-2025-26-landing-page,html:text,"On 14 May we published version 3 with: Approved prices for ACT, NSW, TAS, and VIC (including updated prices for Essential Energy, Jemena, and TasNetworks, and a single additional price for Ausgrid). Added proposed prices for QLD and SA. Retained proposed prices for NT."
aer-consolidated-2025-26-v3,powerwater,proposed,aer-consolidated-2025-26-landing-page,html:text,"On 14 May we published version 3 with: Approved prices for ACT, NSW, TAS, and VIC (including updated prices for Essential Energy, Jemena, and TasNetworks, and a single additional price for Ausgrid). Added proposed prices for QLD and SA. Retained proposed prices for NT."
aer-consolidated-2025-26-v3,sapn,proposed,aer-consolidated-2025-26-landing-page,html:text,"On 14 May we published version 3 with: Approved prices for ACT, NSW, TAS, and VIC (including updated prices for Essential Energy, Jemena, and TasNetworks, and a single additional price for Ausgrid). Added proposed prices for QLD and SA. Retained proposed prices for NT."
aer-consolidated-2025-26-v3,tasnetworks,approved,aer-consolidated-2025-26-landing-page,html:text,"On 14 May we published version 3 with: Approved prices for ACT, NSW, TAS, and VIC (including updated prices for Essential Energy, Jemena, and TasNetworks, and a single additional price for Ausgrid). Added proposed prices for QLD and SA. Retained proposed prices for NT."
aer-consolidated-2025-26-v3,unitedenergy,approved,aer-consolidated-2025-26-landing-page,html:text,"On 14 May we published version 3 with: Approved prices for ACT, NSW, TAS, and VIC (including updated prices for Essential Energy, Jemena, and TasNetworks, and a single additional price for Ausgrid). Added proposed prices for QLD and SA. Retained proposed prices for NT."
aer-consolidated-2025-26-v4,ausgrid,approved,aer-consolidated-2025-26-landing-page,html:text,On 16 May we published version 4 with: Approved prices for NT (including updated prices).
aer-consolidated-2025-26-v4,ausnet,approved,aer-consolidated-2025-26-landing-page,html:text,On 16 May we published version 4 with: Approved prices for NT (including updated prices).
aer-consolidated-2025-26-v4,citipower,approved,aer-consolidated-2025-26-landing-page,html:text,On 16 May we published version 4 with: Approved prices for NT (including updated prices).
aer-consolidated-2025-26-v4,endeavour,approved,aer-consolidated-2025-26-landing-page,html:text,On 16 May we published version 4 with: Approved prices for NT (including updated prices).
aer-consolidated-2025-26-v4,energex,proposed,aer-consolidated-2025-26-landing-page,html:text,On 16 May we published version 4 with: Approved prices for NT (including updated prices).
aer-consolidated-2025-26-v4,ergon,proposed,aer-consolidated-2025-26-landing-page,html:text,On 16 May we published version 4 with: Approved prices for NT (including updated prices).
aer-consolidated-2025-26-v4,essential,approved,aer-consolidated-2025-26-landing-page,html:text,On 16 May we published version 4 with: Approved prices for NT (including updated prices).
aer-consolidated-2025-26-v4,evoenergy,approved,aer-consolidated-2025-26-landing-page,html:text,On 16 May we published version 4 with: Approved prices for NT (including updated prices).
aer-consolidated-2025-26-v4,jemena,approved,aer-consolidated-2025-26-landing-page,html:text,On 16 May we published version 4 with: Approved prices for NT (including updated prices).
aer-consolidated-2025-26-v4,powercor,approved,aer-consolidated-2025-26-landing-page,html:text,On 16 May we published version 4 with: Approved prices for NT (including updated prices).
aer-consolidated-2025-26-v4,powerwater,approved,aer-consolidated-2025-26-landing-page,html:text,On 16 May we published version 4 with: Approved prices for NT (including updated prices).
aer-consolidated-2025-26-v4,sapn,proposed,aer-consolidated-2025-26-landing-page,html:text,On 16 May we published version 4 with: Approved prices for NT (including updated prices).
aer-consolidated-2025-26-v4,tasnetworks,approved,aer-consolidated-2025-26-landing-page,html:text,On 16 May we published version 4 with: Approved prices for NT (including updated prices).
aer-consolidated-2025-26-v4,unitedenergy,approved,aer-consolidated-2025-26-landing-page,html:text,On 16 May we published version 4 with: Approved prices for NT (including updated prices).
aer-consolidated-2025-26-v5,ausgrid,approved,aer-consolidated-2025-26-landing-page,html:text,On 26 May we published version 5 with: Approved prices for QLD and SA (including updated prices for Energex public lighting). Tariff codes for standard network tariffs.
aer-consolidated-2025-26-v5,ausnet,approved,aer-consolidated-2025-26-landing-page,html:text,On 26 May we published version 5 with: Approved prices for QLD and SA (including updated prices for Energex public lighting). Tariff codes for standard network tariffs.
aer-consolidated-2025-26-v5,citipower,approved,aer-consolidated-2025-26-landing-page,html:text,On 26 May we published version 5 with: Approved prices for QLD and SA (including updated prices for Energex public lighting). Tariff codes for standard network tariffs.
aer-consolidated-2025-26-v5,endeavour,approved,aer-consolidated-2025-26-landing-page,html:text,On 26 May we published version 5 with: Approved prices for QLD and SA (including updated prices for Energex public lighting). Tariff codes for standard network tariffs.
aer-consolidated-2025-26-v5,energex,approved,aer-consolidated-2025-26-landing-page,html:text,On 26 May we published version 5 with: Approved prices for QLD and SA (including updated prices for Energex public lighting). Tariff codes for standard network tariffs.
aer-consolidated-2025-26-v5,ergon,approved,aer-consolidated-2025-26-landing-page,html:text,On 26 May we published version 5 with: Approved prices for QLD and SA (including updated prices for Energex public lighting). Tariff codes for standard network tariffs.
aer-consolidated-2025-26-v5,essential,approved,aer-consolidated-2025-26-landing-page,html:text,On 26 May we published version 5 with: Approved prices for QLD and SA (including updated prices for Energex public lighting). Tariff codes for standard network tariffs.
aer-consolidated-2025-26-v5,evoenergy,approved,aer-consolidated-2025-26-landing-page,html:text,On 26 May we published version 5 with: Approved prices for QLD and SA (including updated prices for Energex public lighting). Tariff codes for standard network tariffs.
aer-consolidated-2025-26-v5,jemena,approved,aer-consolidated-2025-26-landing-page,html:text,On 26 May we published version 5 with: Approved prices for QLD and SA (including updated prices for Energex public lighting). Tariff codes for standard network tariffs.
aer-consolidated-2025-26-v5,powercor,approved,aer-consolidated-2025-26-landing-page,html:text,On 26 May we published version 5 with: Approved prices for QLD and SA (including updated prices for Energex public lighting). Tariff codes for standard network tariffs.
aer-consolidated-2025-26-v5,powerwater,approved,aer-consolidated-2025-26-landing-page,html:text,On 26 May we published version 5 with: Approved prices for QLD and SA (including updated prices for Energex public lighting). Tariff codes for standard network tariffs.
aer-consolidated-2025-26-v5,sapn,approved,aer-consolidated-2025-26-landing-page,html:text,On 26 May we published version 5 with: Approved prices for QLD and SA (including updated prices for Energex public lighting). Tariff codes for standard network tariffs.
aer-consolidated-2025-26-v5,tasnetworks,approved,aer-consolidated-2025-26-landing-page,html:text,On 26 May we published version 5 with: Approved prices for QLD and SA (including updated prices for Energex public lighting). Tariff codes for standard network tariffs.
aer-consolidated-2025-26-v5,unitedenergy,approved,aer-consolidated-2025-26-landing-page,html:text,On 26 May we published version 5 with: Approved prices for QLD and SA (including updated prices for Energex public lighting). Tariff codes for standard network tariffs.
aer-consolidated-2026-27-v1,ausgrid,proposed,aer-consolidated-2026-27-landing-page,html:text,"On 2 April we published version 1 with: Proposed prices for ACT, NSW, NT, QLD, SA, and TAS."
aer-consolidated-2026-27-v1,endeavour,proposed,aer-consolidated-2026-27-landing-page,html:text,"On 2 April we published version 1 with: Proposed prices for ACT, NSW, NT, QLD, SA, and TAS."
aer-consolidated-2026-27-v1,energex,proposed,aer-consolidated-2026-27-landing-page,html:text,"On 2 April we published version 1 with: Proposed prices for ACT, NSW, NT, QLD, SA, and TAS."
aer-consolidated-2026-27-v1,ergon,proposed,aer-consolidated-2026-27-landing-page,html:text,"On 2 April we published version 1 with: Proposed prices for ACT, NSW, NT, QLD, SA, and TAS."
aer-consolidated-2026-27-v1,essential,proposed,aer-consolidated-2026-27-landing-page,html:text,"On 2 April we published version 1 with: Proposed prices for ACT, NSW, NT, QLD, SA, and TAS."
aer-consolidated-2026-27-v1,evoenergy,proposed,aer-consolidated-2026-27-landing-page,html:text,"On 2 April we published version 1 with: Proposed prices for ACT, NSW, NT, QLD, SA, and TAS."
aer-consolidated-2026-27-v1,powerwater,proposed,aer-consolidated-2026-27-landing-page,html:text,"On 2 April we published version 1 with: Proposed prices for ACT, NSW, NT, QLD, SA, and TAS."
aer-consolidated-2026-27-v1,sapn,proposed,aer-consolidated-2026-27-landing-page,html:text,"On 2 April we published version 1 with: Proposed prices for ACT, NSW, NT, QLD, SA, and TAS."
aer-consolidated-2026-27-v1,tasnetworks,proposed,aer-consolidated-2026-27-landing-page,html:text,"On 2 April we published version 1 with: Proposed prices for ACT, NSW, NT, QLD, SA, and TAS."
aer-consolidated-2026-27-v2,ausgrid,approved,aer-consolidated-2026-27-landing-page,html:text,"On 24 April we published version 2 with: Approved prices for ACT, NSW, NT, QLD, SA, and TAS. Updated prices for Endeavour Energy from 14 April resubmission."
aer-consolidated-2026-27-v2,endeavour,approved,aer-consolidated-2026-27-landing-page,html:text,"On 24 April we published version 2 with: Approved prices for ACT, NSW, NT, QLD, SA, and TAS. Updated prices for Endeavour Energy from 14 April resubmission."
aer-consolidated-2026-27-v2,energex,approved,aer-consolidated-2026-27-landing-page,html:text,"On 24 April we published version 2 with: Approved prices for ACT, NSW, NT, QLD, SA, and TAS. Updated prices for Endeavour Energy from 14 April resubmission."
aer-consolidated-2026-27-v2,ergon,approved,aer-consolidated-2026-27-landing-page,html:text,"On 24 April we published version 2 with: Approved prices for ACT, NSW, NT, QLD, SA, and TAS. Updated prices for Endeavour Energy from 14 April resubmission."
aer-consolidated-2026-27-v2,essential,approved,aer-consolidated-2026-27-landing-page,html:text,"On 24 April we published version 2 with: Approved prices for ACT, NSW, NT, QLD, SA, and TAS. Updated prices for Endeavour Energy from 14 April resubmission."
aer-consolidated-2026-27-v2,evoenergy,approved,aer-consolidated-2026-27-landing-page,html:text,"On 24 April we published version 2 with: Approved prices for ACT, NSW, NT, QLD, SA, and TAS. Updated prices for Endeavour Energy from 14 April resubmission."
aer-consolidated-2026-27-v2,powerwater,approved,aer-consolidated-2026-27-landing-page,html:text,"On 24 April we published version 2 with: Approved prices for ACT, NSW, NT, QLD, SA, and TAS. Updated prices for Endeavour Energy from 14 April resubmission."
aer-consolidated-2026-27-v2,sapn,approved,aer-consolidated-2026-27-landing-page,html:text,"On 24 April we published version 2 with: Approved prices for ACT, NSW, NT, QLD, SA, and TAS. Updated prices for Endeavour Energy from 14 April resubmission."
aer-consolidated-2026-27-v2,tasnetworks,approved,aer-consolidated-2026-27-landing-page,html:text,"On 24 April we published version 2 with: Approved prices for ACT, NSW, NT, QLD, SA, and TAS. Updated prices for Endeavour Energy from 14 April resubmission."
aer-consolidated-2026-27-v3,ausgrid,approved,aer-consolidated-2026-27-landing-page,html:text,"On 8 May we published version 3 with: Approved prices for ACT, NSW, NT, QLD, SA and TAS (unchanged from version 2). Proposed prices for VIC."
aer-consolidated-2026-27-v3,ausnet,proposed,aer-consolidated-2026-27-landing-page,html:text,"On 8 May we published version 3 with: Approved prices for ACT, NSW, NT, QLD, SA and TAS (unchanged from version 2). Proposed prices for VIC."
aer-consolidated-2026-27-v3,citipower,proposed,aer-consolidated-2026-27-landing-page,html:text,"On 8 May we published version 3 with: Approved prices for ACT, NSW, NT, QLD, SA and TAS (unchanged from version 2). Proposed prices for VIC."
aer-consolidated-2026-27-v3,endeavour,approved,aer-consolidated-2026-27-landing-page,html:text,"On 8 May we published version 3 with: Approved prices for ACT, NSW, NT, QLD, SA and TAS (unchanged from version 2). Proposed prices for VIC."
aer-consolidated-2026-27-v3,energex,approved,aer-consolidated-2026-27-landing-page,html:text,"On 8 May we published version 3 with: Approved prices for ACT, NSW, NT, QLD, SA and TAS (unchanged from version 2). Proposed prices for VIC."
aer-consolidated-2026-27-v3,ergon,approved,aer-consolidated-2026-27-landing-page,html:text,"On 8 May we published version 3 with: Approved prices for ACT, NSW, NT, QLD, SA and TAS (unchanged from version 2). Proposed prices for VIC."
aer-consolidated-2026-27-v3,essential,approved,aer-consolidated-2026-27-landing-page,html:text,"On 8 May we published version 3 with: Approved prices for ACT, NSW, NT, QLD, SA and TAS (unchanged from version 2). Proposed prices for VIC."
aer-consolidated-2026-27-v3,evoenergy,approved,aer-consolidated-2026-27-landing-page,html:text,"On 8 May we published version 3 with: Approved prices for ACT, NSW, NT, QLD, SA and TAS (unchanged from version 2). Proposed prices for VIC."
aer-consolidated-2026-27-v3,jemena,proposed,aer-consolidated-2026-27-landing-page,html:text,"On 8 May we published version 3 with: Approved prices for ACT, NSW, NT, QLD, SA and TAS (unchanged from version 2). Proposed prices for VIC."
aer-consolidated-2026-27-v3,powercor,proposed,aer-consolidated-2026-27-landing-page,html:text,"On 8 May we published version 3 with: Approved prices for ACT, NSW, NT, QLD, SA and TAS (unchanged from version 2). Proposed prices for VIC."
aer-consolidated-2026-27-v3,powerwater,approved,aer-consolidated-2026-27-landing-page,html:text,"On 8 May we published version 3 with: Approved prices for ACT, NSW, NT, QLD, SA and TAS (unchanged from version 2). Proposed prices for VIC."
aer-consolidated-2026-27-v3,sapn,approved,aer-consolidated-2026-27-landing-page,html:text,"On 8 May we published version 3 with: Approved prices for ACT, NSW, NT, QLD, SA and TAS (unchanged from version 2). Proposed prices for VIC."
aer-consolidated-2026-27-v3,tasnetworks,approved,aer-consolidated-2026-27-landing-page,html:text,"On 8 May we published version 3 with: Approved prices for ACT, NSW, NT, QLD, SA and TAS (unchanged from version 2). Proposed prices for VIC."
aer-consolidated-2026-27-v3,unitedenergy,proposed,aer-consolidated-2026-27-landing-page,html:text,"On 8 May we published version 3 with: Approved prices for ACT, NSW, NT, QLD, SA and TAS (unchanged from version 2). Proposed prices for VIC."
aer-consolidated-2026-27-v4,ausgrid,approved,aer-consolidated-2026-27-landing-page,html:text,On 20 May we published version 4 with: Approved prices for all jurisdictions.
aer-consolidated-2026-27-v4,ausnet,approved,aer-consolidated-2026-27-landing-page,html:text,On 20 May we published version 4 with: Approved prices for all jurisdictions.
aer-consolidated-2026-27-v4,citipower,approved,aer-consolidated-2026-27-landing-page,html:text,On 20 May we published version 4 with: Approved prices for all jurisdictions.
aer-consolidated-2026-27-v4,endeavour,approved,aer-consolidated-2026-27-landing-page,html:text,On 20 May we published version 4 with: Approved prices for all jurisdictions.
aer-consolidated-2026-27-v4,energex,approved,aer-consolidated-2026-27-landing-page,html:text,On 20 May we published version 4 with: Approved prices for all jurisdictions.
aer-consolidated-2026-27-v4,ergon,approved,aer-consolidated-2026-27-landing-page,html:text,On 20 May we published version 4 with: Approved prices for all jurisdictions.
aer-consolidated-2026-27-v4,essential,approved,aer-consolidated-2026-27-landing-page,html:text,On 20 May we published version 4 with: Approved prices for all jurisdictions.
aer-consolidated-2026-27-v4,evoenergy,approved,aer-consolidated-2026-27-landing-page,html:text,On 20 May we published version 4 with: Approved prices for all jurisdictions.
aer-consolidated-2026-27-v4,jemena,approved,aer-consolidated-2026-27-landing-page,html:text,On 20 May we published version 4 with: Approved prices for all jurisdictions.
aer-consolidated-2026-27-v4,powercor,approved,aer-consolidated-2026-27-landing-page,html:text,On 20 May we published version 4 with: Approved prices for all jurisdictions.
aer-consolidated-2026-27-v4,powerwater,approved,aer-consolidated-2026-27-landing-page,html:text,On 20 May we published version 4 with: Approved prices for all jurisdictions.
aer-consolidated-2026-27-v4,sapn,approved,aer-consolidated-2026-27-landing-page,html:text,On 20 May we published version 4 with: Approved prices for all jurisdictions.
aer-consolidated-2026-27-v4,tasnetworks,approved,aer-consolidated-2026-27-landing-page,html:text,On 20 May we published version 4 with: Approved prices for all jurisdictions.
aer-consolidated-2026-27-v4,unitedenergy,approved,aer-consolidated-2026-27-landing-page,html:text,On 20 May we published version 4 with: Approved prices for all jurisdictions.
aer-consolidated-2026-27-v5,ausgrid,approved,aer-consolidated-2026-27-landing-page,html:text,"On 14 August we published version 5 with: For AusNet Services, updated tariff codes for the following public lighting services"
aer-consolidated-2026-27-v5,ausnet,approved,aer-consolidated-2026-27-landing-page,html:text,"On 14 August we published version 5 with: For AusNet Services, updated tariff codes for the following public lighting services"
aer-consolidated-2026-27-v5,citipower,approved,aer-consolidated-2026-27-landing-page,html:text,"On 14 August we published version 5 with: For AusNet Services, updated tariff codes for the following public lighting services"
aer-consolidated-2026-27-v5,endeavour,approved,aer-consolidated-2026-27-landing-page,html:text,"On 14 August we published version 5 with: For AusNet Services, updated tariff codes for the following public lighting services"
aer-consolidated-2026-27-v5,energex,approved,aer-consolidated-2026-27-landing-page,html:text,"On 14 August we published version 5 with: For AusNet Services, updated tariff codes for the following public lighting services"
aer-consolidated-2026-27-v5,ergon,approved,aer-consolidated-2026-27-landing-page,html:text,"On 14 August we published version 5 with: For AusNet Services, updated tariff codes for the following public lighting services"
aer-consolidated-2026-27-v5,essential,approved,aer-consolidated-2026-27-landing-page,html:text,"On 14 August we published version 5 with: For AusNet Services, updated tariff codes for the following public lighting services"
aer-consolidated-2026-27-v5,evoenergy,approved,aer-consolidated-2026-27-landing-page,html:text,"On 14 August we published version 5 with: For AusNet Services, updated tariff codes for the following public lighting services"
aer-consolidated-2026-27-v5,jemena,approved,aer-consolidated-2026-27-landing-page,html:text,"On 14 August we published version 5 with: For AusNet Services, updated tariff codes for the following public lighting services"
aer-consolidated-2026-27-v5,powercor,approved,aer-consolidated-2026-27-landing-page,html:text,"On 14 August we published version 5 with: For AusNet Services, updated tariff codes for the following public lighting services"
aer-consolidated-2026-27-v5,powerwater,approved,aer-consolidated-2026-27-landing-page,html:text,"On 14 August we published version 5 with: For AusNet Services, updated tariff codes for the following public lighting services"
aer-consolidated-2026-27-v5,sapn,approved,aer-consolidated-2026-27-landing-page,html:text,"On 14 August we published version 5 with: For AusNet Services, updated tariff codes for the following public lighting services"
aer-consolidated-2026-27-v5,tasnetworks,approved,aer-consolidated-2026-27-landing-page,html:text,"On 14 August we published version 5 with: For AusNet Services, updated tariff codes for the following public lighting services"
aer-consolidated-2026-27-v5,unitedenergy,approved,aer-consolidated-2026-27-landing-page,html:text,"On 14 August we published version 5 with: For AusNet Services, updated tariff codes for the following public lighting services"
