series_id,author,distributor_id,fin_year,title
aer-all-2025-26-consolidated,AER,,2025-26,AER consolidated stakeholder report 2025-26
aer-all-2025-26-landing-page,AER,,2025-26,AER landing page of the 2025-26 consolidated stakeholder report (version changelog)
aer-all-2026-27-consolidated,AER,,2026-27,AER consolidated stakeholder report 2026-27
aer-all-2026-27-landing-page,AER,,2026-27,AER landing page of the 2026-27 consolidated stakeholder report (version changelog)
aer-ausgrid-2024-25-aer-stakeholder-report,AER,ausgrid,2024-25,AER per-DNSP stakeholder report (Tariff schedule sheet)
aer-ausnet-2024-25-aer-stakeholder-report,AER,ausnet,2024-25,AER per-DNSP stakeholder report
aer-citipower-2024-25-aer-stakeholder-report,AER,citipower,2024-25,AER per-DNSP stakeholder report
aer-endeavour-2024-25-aer-stakeholder-report,AER,endeavour,2024-25,AER per-DNSP stakeholder report
aer-energex-2024-25-aer-stakeholder-report,AER,energex,2024-25,AER per-DNSP stakeholder report
aer-ergon-2024-25-aer-stakeholder-report,AER,ergon,2024-25,AER per-DNSP stakeholder report
aer-essential-2024-25-aer-stakeholder-report,AER,essential,2024-25,AER per-DNSP stakeholder report
aer-evoenergy-2024-25-aer-stakeholder-report,AER,evoenergy,2024-25,AER per-DNSP stakeholder report
aer-jemena-2024-25-aer-stakeholder-report,AER,jemena,2024-25,AER per-DNSP stakeholder report
aer-powercor-2024-25-aer-stakeholder-report,AER,powercor,2024-25,AER per-DNSP stakeholder report
aer-powerwater-2024-25-aer-stakeholder-report,AER,powerwater,2024-25,AER per-DNSP stakeholder report
aer-sapn-2024-25-aer-stakeholder-report,AER,sapn,2024-25,AER per-DNSP stakeholder report (updated 17 July 2024)
aer-tasnetworks-2024-25-aer-stakeholder-report,AER,tasnetworks,2024-25,AER per-DNSP stakeholder report
aer-unitedenergy-2024-25-aer-stakeholder-report,AER,unitedenergy,2024-25,AER per-DNSP stakeholder report
aerhosted-ausgrid-2023-24-pricing-proposal,distributor,ausgrid,2023-24,DNSP-submitted annual SCS pricing proposal (contains price list) hosted on aer.gov.au - no AER-authored price file exists for 2023-24
aerhosted-ausnet-2023-24-tariff-schedule,distributor,ausnet,2023-24,DNSP-submitted Schedule of tariffs 2023-24 hosted on aer.gov.au
aerhosted-ausnet-2024-25-tariff-schedule,distributor,ausnet,2024-25,DNSP-submitted Schedule of tariffs 2024-25 xlsx hosted on aer.gov.au
aerhosted-citipower-2023-24-tariff-summary,distributor,citipower,2023-24,DNSP-submitted Tariff Summary xlsx hosted on aer.gov.au
aerhosted-citipower-2024-25-tariff-summary,distributor,citipower,2024-25,DNSP-submitted Tariff Summary xlsx hosted on aer.gov.au
aerhosted-endeavour-2023-24-pricing-proposal,distributor,endeavour,2023-24,DNSP-submitted Pricing Proposal (contains NUOS price list) hosted on aer.gov.au
aerhosted-energex-2023-24-price-list,distributor,energex,2023-24,DNSP-submitted Network Price List xlsx (27 Apr 2023 revised) hosted on aer.gov.au
aerhosted-energex-2024-25-price-list,distributor,energex,2024-25,DNSP-submitted Network Price List xlsx hosted on aer.gov.au
aerhosted-ergon-2023-24-price-list,distributor,ergon,2023-24,DNSP-submitted Network Price List xlsx hosted on aer.gov.au
aerhosted-ergon-2024-25-price-list,distributor,ergon,2024-25,DNSP-submitted Network Price List xlsx hosted on aer.gov.au
aerhosted-essential-2023-24-price-list,distributor,essential,2023-24,DNSP-submitted Network Price List xlsx hosted on aer.gov.au
aerhosted-essential-2024-25-price-list,distributor,essential,2024-25,DNSP-submitted NUoS Price List xlsx (20 May 2024) hosted on aer.gov.au
aerhosted-evoenergy-2023-24-pricing-proposal,distributor,evoenergy,2023-24,DNSP-submitted electricity network pricing proposal (5 May 2023) hosted on aer.gov.au
aerhosted-jemena-2023-24-tariff-schedule,distributor,jemena,2023-24,DNSP-submitted Network Tariff Schedule hosted on aer.gov.au
aerhosted-jemena-2024-25-tariff-schedule,distributor,jemena,2024-25,DNSP-submitted Network Tariff Schedule PDF hosted on aer.gov.au
aerhosted-powercor-2023-24-tariff-summary,distributor,powercor,2023-24,DNSP-submitted Tariff Summary xlsx hosted on aer.gov.au
aerhosted-powercor-2024-25-tariff-summary,distributor,powercor,2024-25,DNSP-submitted Tariff Summary xlsx hosted on aer.gov.au
aerhosted-powerwater-2023-24-pricing-proposal,distributor,powerwater,2023-24,DNSP-submitted Network Pricing Proposal document hosted on aer.gov.au
aerhosted-powerwater-2024-25-pricing-proposal,distributor,powerwater,2024-25,DNSP-submitted Pricing Proposal (8 May 2024) hosted on aer.gov.au
aerhosted-powerwater-2025-26-pricing-proposal,distributor,powerwater,2025-26,DNSP-submitted Network Pricing Proposal (23 May 2025) hosted on aer.gov.au
aerhosted-powerwater-2026-27-pricing-proposal,distributor,powerwater,2026-27,DNSP-submitted Network Pricing Proposal (31 Mar 2026) hosted on aer.gov.au (own-site 2026-27 tariff PDF blocked by Cloudflare and not in Wayback)
aerhosted-sapn-2023-24-pricing-proposal,distributor,sapn,2023-24,DNSP-submitted Annual Pricing Proposal Revised (8 May 2023) hosted on aer.gov.au
aerhosted-sapn-2024-25-pricing-proposal,distributor,sapn,2024-25,DNSP-submitted Annual Pricing Proposal (19 Apr 2024) hosted on aer.gov.au
aerhosted-sapn-2025-26-pricing-proposal-overview,distributor,sapn,2025-26,DNSP-submitted Pricing Proposal Overview (14 May 2025) hosted on aer.gov.au - contains Table 9 NUoS Tariff Schedule 2025-26
aerhosted-tasnetworks-2023-24-price-guide,distributor,tasnetworks,2023-24,DNSP-submitted Network tariff application and price guide 2023-24 hosted on aer.gov.au
aerhosted-unitedenergy-2023-24-tariff-summary,distributor,unitedenergy,2023-24,DNSP-submitted Tariff Summary xlsx hosted on aer.gov.au
aerhosted-unitedenergy-2024-25-tariff-summary,distributor,unitedenergy,2024-25,DNSP-submitted Tariff Summary xlsx hosted on aer.gov.au
aerhosted-unitedenergy-2025-26-pricing-proposal,distributor,unitedenergy,2025-26,DNSP-submitted Final Pricing (31 Mar 2025) PDF hosted on aer.gov.au (own-site copy no longer served)
dnsp-ausgrid-2023-24-pricing-proposal,distributor,ausgrid,2023-24,NOT AVAILABLE on ausgrid.com.au or Wayback; use AER_HOSTED 2023-24 pricing proposal
dnsp-ausgrid-2024-25-price-list,distributor,ausgrid,2024-25,Ausgrid Network Price List 2024-25 - Wayback Machine copy (6 Aug 2025) of own-site PDF; no longer linked from Ausgrid site
dnsp-ausgrid-2025-26-price-list,distributor,ausgrid,2025-26,Ausgrid Network Price List 2025-26 (own site; updated 13 May 2025)
dnsp-ausgrid-2026-27-price-list,distributor,ausgrid,2026-27,Ausgrid Network Price List 2026-27 (own site; updated 27 Apr 2026)
dnsp-ausnet-2023-24-pricing-proposal,distributor,ausnet,2023-24,AusNet Annual Pricing Proposal 2023-24 PDF (own site)
dnsp-ausnet-2024-25-pricing-proposal,distributor,ausnet,2024-25,AusNet Annual Pricing Proposal 2024-25 PDF (own site; schedule of tariffs in appendix)
dnsp-ausnet-2025-26-tariff-schedule,distributor,ausnet,2025-26,AusNet Network Tariff Schedule 2025-26 xlsx (own site)
dnsp-ausnet-2026-27-tariff-schedule,distributor,ausnet,2026-27,AusNet Network Tariff Schedule 2026-27 xlsx (own site; 15 May 2026)
dnsp-citipower-2023-24-pricing-proposal,distributor,citipower,2023-24,CitiPower 2023-24 Pricing Proposal PDF - Wayback copy (19 Jun 2023)
dnsp-citipower-2024-25-pricing-proposal,distributor,citipower,2024-25,CitiPower 2024-25 Pricing PDF - Wayback copy (14 Jan 2025)
dnsp-citipower-2025-26-pricing-proposal,distributor,citipower,2025-26,CitiPower 2025-26 Final Pricing PDF - Wayback copy (5 Nov 2025); own-site URL now returns 403
dnsp-citipower-2026-27-pricing-proposal,distributor,citipower,2026-27,CitiPower 2026-27 Pricing proposal PDF (own site)
dnsp-citipower-2026-27-tariff-summary,distributor,citipower,2026-27,CitiPower FINAL 2026-27 Tariff Summary xlsx (own site; 7 May 2026)
dnsp-endeavour-2023-24-pricing-proposal,distributor,endeavour,2023-24,NOT AVAILABLE on endeavourenergy.com.au or Wayback; use AER_HOSTED 2023-24 pricing proposal
dnsp-endeavour-2024-25-price-list,distributor,endeavour,2024-25,Endeavour Network Price List 2024-25 v1.0 (own site)
dnsp-endeavour-2025-26-price-list,distributor,endeavour,2025-26,Endeavour Network Price List 2025-26 v1.1 (own site)
dnsp-endeavour-2026-27-price-list,distributor,endeavour,2026-27,Endeavour Network Price List 2026-27 (own site)
dnsp-energex-2023-24-price-list,distributor,energex,2023-24,Energex 2023-24 Network Price List (UPDATED for SCH8) xlsx - Wayback copy (14 Oct 2023)
dnsp-energex-2024-25-price-list,distributor,energex,2024-25,Energex 2024-25 Network Price List (Updated for Sch 8) xlsx - Wayback copy (24 Oct 2024)
dnsp-energex-2025-26-price-list,distributor,energex,2025-26,Energex 2025-26 Network Price List (updated for Sch 8) xlsx - Wayback copy (6 Nov 2025)
dnsp-energex-2026-27-price-list,distributor,energex,2026-27,Energex 2026-27 Network Price List (Updated for Sch 8) xlsx - Wayback copy (14 Jul 2026) of own-site file; energex.com.au blocks automated access (Cloudflare)
dnsp-ergon-2023-24-price-list,distributor,ergon,2023-24,Ergon Energy 2023-24 Network Price List (UPDATED for SCH8) xlsx - Wayback copy (14 Oct 2023)
dnsp-ergon-2024-25-price-list,distributor,ergon,2024-25,Ergon 2024-25 Network Price List (Updated for Sch 8) xlsx - Wayback copy (3 Nov 2024)
dnsp-ergon-2025-26-price-list,distributor,ergon,2025-26,Ergon Energy 2025-26 Network Price List (updated for Sch 8) xlsx - Wayback copy (15 Nov 2025)
dnsp-ergon-2026-27-price-list,distributor,ergon,2026-27,Ergon Energy 2026-27 Network Price List (Updated for Sch 8) xlsx - Wayback copy (30 Aug 2026)
dnsp-essential-2023-24-price-list,distributor,essential,2023-24,NOT AVAILABLE on essentialenergy.com.au or Wayback; use AER_HOSTED 2023-24 Network Price List xlsx
dnsp-essential-2024-25-price-list,distributor,essential,2024-25,Essential Network Price List and Explanatory Notes 2024-25 (own site)
dnsp-essential-2025-26-price-list,distributor,essential,2025-26,Essential Network Price List and Explanatory Notes 2025-26 (own site)
dnsp-essential-2026-27-price-list,distributor,essential,2026-27,Essential Network Price List and Explanatory Notes 2026-27 (own site)
dnsp-evoenergy-2023-24-statement-of-tariff-classes,distributor,evoenergy,2023-24,Evoenergy Statement of Tariff Classes and Tariffs 2023-24 PDF (own site)
dnsp-evoenergy-2024-25-schedule-of-charges,distributor,evoenergy,2024-25,Evoenergy electricity schedule of charges 2024-25 LFiT adjusted PDF (own site)
dnsp-evoenergy-2025-26-schedule-of-charges,distributor,evoenergy,2025-26,Evoenergy Schedule of Charges 2025-26 incl LFiT xlsx (own site; May 2025)
dnsp-evoenergy-2026-27-schedule-of-charges-excl-lfit,distributor,evoenergy,2026-27,Evoenergy Schedule of Charges 2026-27 AER-approved (excl LFiT) xlsx (own site; April 2026)
dnsp-evoenergy-2026-27-schedule-of-charges-incl-lfit,distributor,evoenergy,2026-27,Evoenergy Schedule of Charges 2026-27 incl LFiT xlsx (own site; June 2026)
dnsp-jemena-2023-24-tariff-schedule,distributor,jemena,2023-24,Jemena JEN 2023-24 Tariff Schedule (own site; effective 1 July 2023)
dnsp-jemena-2024-25-tariff-schedule,distributor,jemena,2024-25,Jemena JEN 2024-25 Tariff Schedule (own site)
dnsp-jemena-2025-26-tariff-schedule,distributor,jemena,2025-26,Jemena JEN 2025-26 Network Tariff Schedule (own site)
dnsp-jemena-2026-27-tariff-schedule,distributor,jemena,2026-27,Jemena JEN 2026-27 Network Tariff Schedule (own site)
dnsp-powercor-2023-24-tariff-summary,distributor,powercor,2023-24,NOT AVAILABLE on own site (403) and not in Wayback; use AER_HOSTED 2023-24 Tariff Summary xlsx
dnsp-powercor-2024-25-pricing-proposal,distributor,powercor,2024-25,Powercor 2024-25 Pricing PDF - Wayback copy (15 Jan 2025)
dnsp-powercor-2025-26-pricing-proposal,distributor,powercor,2025-26,Powercor 2025-26 Final Pricing PDF - Wayback copy (5 Nov 2025)
dnsp-powercor-2025-26-tariff-summary,distributor,powercor,2025-26,Powercor FINAL 2025-26 Tariff Summary xlsx - Wayback copy (17 Nov 2025)
dnsp-powercor-2026-27-pricing-proposal,distributor,powercor,2026-27,Powercor 2026-27 Pricing proposal PDF (own site)
dnsp-powercor-2026-27-tariff-summary,distributor,powercor,2026-27,Powercor FINAL 2026-27 Tariff Summary xlsx (own site; 7 May 2026)
dnsp-powerwater-2023-24-price-list,distributor,powerwater,2023-24,PWC Standard Control Service Tariffs 2023-24 PDF - Wayback copy (26 Nov 2025)
dnsp-powerwater-2024-25-price-list,distributor,powerwater,2024-25,PWC Standard Control Service Tariffs 2024-25 PDF - Wayback copy (26 Nov 2025)
dnsp-powerwater-2025-26-price-list,distributor,powerwater,2025-26,PWC Standard Control Service Tariffs 2025-26 (FINAL 21 May 2025) PDF - Wayback copy (26 Nov 2025); powerwater.com.au blocks automated access (Cloudflare)
dnsp-powerwater-2026-27-pricing-proposal,distributor,powerwater,2026-27,NOT AVAILABLE: own-site 2026-27 SCS tariff PDF blocked (Cloudflare) and not yet in Wayback; use AER_HOSTED 2026-27 Network Pricing Proposal
dnsp-sapn-2023-24-price-list,distributor,sapn,2023-24,SAPN Tariff Price List (1 July 2023) (own site)
dnsp-sapn-2024-25-price-list,distributor,sapn,2024-25,SAPN Tariff Price List (1 July 2024) (own site)
dnsp-sapn-2025-26-pricing-proposal-overview,distributor,sapn,2025-26,SAPN Initial Pricing Proposal Overview 2025-26 (May 2025) (own site) - Table 9 NUoS Tariff Schedule 2025-26; the standalone 2025-26 Tariff Price List is no longer served (superseded in place) and is not in Wayback
dnsp-sapn-2026-27-price-list,distributor,sapn,2026-27,SAPN Tariff Price List v1.0 (1 July 2026) (own site)
dnsp-tasnetworks-2023-24-pricing-schedule,distributor,tasnetworks,2023-24,TasNetworks 2023-24 Network Tariff Pricing Schedule for SCS PDF (own site)
dnsp-tasnetworks-2024-25-pricing-schedule,distributor,tasnetworks,2024-25,TasNetworks 2024-25 Network Tariff Pricing Schedule for SCS PDF (own site)
dnsp-tasnetworks-2025-26-pricing-schedule,distributor,tasnetworks,2025-26,TasNetworks 2025-26 Network Tariff Pricing Schedule for SCS xlsx (own site)
dnsp-tasnetworks-2026-27-pricing-schedule,distributor,tasnetworks,2026-27,TasNetworks 2026-27 Network Pricing Schedule for SCS xlsx (own site)
dnsp-unitedenergy-2023-24-pricing-proposal,distributor,unitedenergy,2023-24,United Energy 2023-2024 Pricing Proposal PDF - Wayback copy (10 Aug 2023)
dnsp-unitedenergy-2024-25-tariff-summary,distributor,unitedenergy,2024-25,NOT AVAILABLE on own site (403) and not in Wayback; use AER_HOSTED 2024-25 Tariff Summary xlsx
dnsp-unitedenergy-2025-26-pricing-proposal,distributor,unitedenergy,2025-26,NOT AVAILABLE on own site (403) and not in Wayback; use AER_HOSTED 2025-26 Final Pricing PDF
dnsp-unitedenergy-2026-27-pricing-proposal,distributor,unitedenergy,2026-27,United Energy 2026-27 Pricing PDF (own site)
dnsp-unitedenergy-2026-27-tariff-summary,distributor,unitedenergy,2026-27,United Energy FINAL 2026-27 Tariff Summary xlsx (own site; 7 May 2026)
