document_id,charge_count,listing_count,eligibility_count,tou_schedule_count,metering_count,status
aer-consolidated-2025-26-landing-page,0,0,0,0,0,metadata_only
aer-consolidated-2025-26-v1,941,271,0,0,67,prices
aer-consolidated-2025-26-v2,0,0,0,0,0,unavailable
aer-consolidated-2025-26-v3,0,0,0,0,0,unavailable
aer-consolidated-2025-26-v4,0,0,0,0,0,unavailable
aer-consolidated-2025-26-v5,1492,434,80,0,69,prices
aer-consolidated-2026-27-landing-page,0,0,0,0,0,metadata_only
aer-consolidated-2026-27-v1,0,0,0,0,0,unavailable
aer-consolidated-2026-27-v2,0,0,0,0,0,unavailable
aer-consolidated-2026-27-v3,0,0,0,0,0,unavailable
aer-consolidated-2026-27-v4,0,0,0,0,0,unavailable
aer-consolidated-2026-27-v5,1321,390,57,0,71,prices
aer-stakeholder-report-ausgrid-2024-25,256,34,59,0,1,prices
aer-stakeholder-report-ausnet-2024-25,767,64,64,0,5,prices
aer-stakeholder-report-citipower-2024-25,141,15,20,0,3,prices
aer-stakeholder-report-endeavour-2024-25,250,21,32,0,6,prices
aer-stakeholder-report-energex-2024-25,245,28,26,0,1,prices
aer-stakeholder-report-ergon-2024-25,2715,206,128,0,1,prices
aer-stakeholder-report-essential-2024-25,415,25,30,0,1,prices
aer-stakeholder-report-evoenergy-2024-25,424,34,0,0,0,prices
aer-stakeholder-report-jemena-2024-25,406,33,46,0,4,prices
aer-stakeholder-report-powercor-2024-25,141,15,18,0,3,prices
aer-stakeholder-report-pwc-2024-25,44,8,26,0,0,prices
aer-stakeholder-report-sapn-2024-25-updated17jul2024,875,92,58,0,0,prices
aer-stakeholder-report-tasnetworks-2024-25,198,24,55,0,1,prices
aer-stakeholder-report-unitedenergy-2024-25,92,11,0,0,4,prices
aer-stakeholder-sapn-2024-25-original,0,0,0,0,0,unavailable
ausgrid-2023-24-annual-scs-pricing-proposal-31mar2023,480,29,95,2,0,prices
ausgrid-2023-24-pricing-proposal-not-retrievable,0,0,0,0,0,unavailable
ausgrid-network-price-list-2024-25-wayback20250806,99,34,80,1,0,prices
ausgrid-network-price-list-2025-26,98,33,77,0,0,prices
ausgrid-network-price-list-2026-27,112,37,97,0,0,prices
ausnet-2023-24-schedule-of-tariffs-31mar2023,816,68,109,0,0,prices
ausnet-2024-25-schedule-of-tariffs-28mar2024,816,68,182,14,0,prices
ausnet-annual-pricing-proposal-2023-24,858,75,463,14,0,prices
ausnet-annual-pricing-proposal-2024-25,70,40,457,2,0,prices
ausnet-network-tariff-schedule-2025-26,705,60,152,14,0,prices
ausnet-network-tariff-schedule-2026-27-20260515,598,48,122,15,0,prices
citipower-2023-24-tariff-summary-31mar2023,189,19,24,0,0,prices
citipower-2024-25-tariff-summary-28mar2024,189,19,24,0,0,prices
citipower-pricing-proposal-2023-24-wayback,200,23,128,18,0,prices
citipower-pricing-proposal-2024-25-28mar2024-wayback,74,23,102,14,0,prices
citipower-pricing-proposal-2025-26-31mar2025-wayback,0,0,79,7,0,rules_only
citipower-pricing-proposal-2026-27-07may2026,0,1,64,10,0,rules_only
citipower-tariff-summary-2026-27-07may2026,189,21,44,0,0,prices
endeavour-2023-24-pricing-proposal-31mar2023,372,26,95,3,0,prices
endeavour-2023-24-pricing-proposal-not-retrievable,0,0,0,0,0,unavailable
endeavour-nuos-price-list-2024-25-v10,167,44,151,3,0,prices
endeavour-nuos-price-list-2025-26-v11,91,21,90,3,0,prices
endeavour-nuos-price-list-2026-27,91,21,90,3,0,prices
energex-2023-24-network-price-list-27apr2023,372,29,59,0,0,prices
energex-2024-25-network-price-list-28mar2024,410,30,65,0,0,prices
energex-network-price-list-2023-24-sch8-wayback,372,29,59,0,0,prices
energex-network-price-list-2024-25-sch8-wayback,408,30,65,0,0,prices
energex-network-price-list-2025-26-sch8-wayback,330,26,51,0,14,prices
energex-network-price-list-2026-27-sch8-wayback,338,25,51,0,15,prices
ergon-2023-24-network-price-list-31mar2023,3352,217,401,0,0,prices
ergon-2024-25-network-price-list-28mar2024,3364,214,413,0,0,prices
ergon-network-price-list-2023-24-sch8-wayback,3352,217,401,0,0,prices
ergon-network-price-list-2024-25-sch8-wayback,3228,208,410,0,0,prices
ergon-network-price-list-2025-26-sch8-wayback,1028,76,150,0,43,prices
ergon-network-price-list-2026-27-sch8-wayback,1012,73,144,0,41,prices
essential-2023-24-network-price-list-31mar2023,862,48,76,0,0,prices
essential-2023-24-price-list-not-retrievable,0,0,0,0,0,unavailable
essential-2024-25-nuos-price-list-20may2024,254,42,65,7,0,prices
essential-price-list-and-explanatory-notes-2024-25,113,39,67,7,0,prices
essential-price-list-and-explanatory-notes-2025-26,110,39,67,7,0,prices
essential-price-list-and-explanatory-notes-2026-27,110,39,67,7,0,prices
evoenergy-2023-24-electricity-network-pricing-proposal-5may2023,376,22,6,0,0,prices
evoenergy-schedule-of-charges-2024-25-lfit-adjusted,138,36,75,42,0,prices
evoenergy-schedule-of-charges-2025-26-incl-lfit-may2025,138,36,75,42,0,prices
evoenergy-schedule-of-charges-2026-27-aer-approved-april2026,150,39,78,47,0,prices
evoenergy-schedule-of-charges-2026-27-incl-lfit-june2026,150,39,78,47,0,prices
evoenergy-statement-of-tariff-classes-and-tariffs-2023-24,662,34,117,10,0,prices
jemena-2023-24-network-tariff-schedule-31mar2023,840,50,271,11,0,prices
jemena-2024-25-network-tariff-schedule-28mar2024,210,50,271,11,0,prices
jemena-network-tariff-schedule-2023-24,840,50,271,11,0,prices
jemena-network-tariff-schedule-2024-25,210,50,271,11,0,prices
jemena-network-tariff-schedule-2025-26,177,50,205,11,0,prices
jemena-network-tariff-schedule-2026-27,102,24,108,11,0,prices
powercor-2023-24-tariff-summary-31mar2023,189,19,24,0,0,prices
powercor-2023-24-tariff-summary-not-retrievable,0,0,0,0,0,unavailable
powercor-2024-25-tariff-summary-28mar2024,189,19,24,0,0,prices
powercor-pricing-proposal-2024-25-28mar2024-wayback,78,24,121,15,0,prices
powercor-pricing-proposal-2025-26-31mar2025-wayback,0,0,103,12,0,rules_only
powercor-pricing-proposal-2026-27-07may2026,0,1,60,19,0,rules_only
powercor-tariff-summary-2025-26-31mar2025-wayback,204,24,65,3,0,prices
powercor-tariff-summary-2026-27-07may2026,189,21,45,0,0,prices
powerwater-2026-27-pricing-proposal-not-retrievable,0,0,0,0,0,unavailable
pwc-2023-24-network-pricing-proposal-30mar2023,17,7,28,2,0,prices
pwc-2024-25-pricing-proposal-8may2024,25,8,36,3,0,prices
pwc-2025-26-network-pricing-proposal-23may2025,22,8,36,3,0,prices
pwc-2026-27-network-pricing-proposal-31mar2026,22,8,36,3,0,prices
pwc-scs-tariffs-2023-24-wayback,34,7,9,2,0,prices
pwc-scs-tariffs-2024-25-wayback,25,8,20,3,0,prices
pwc-scs-tariffs-2025-26-210525-wayback,22,8,20,3,0,prices
sapn-2023-24-annual-pricing-proposal-revised-8may2023,1111,91,190,14,0,prices
sapn-2024-25-annual-pricing-proposal-19apr2024,1177,97,190,14,0,prices
sapn-2025-26-pricing-proposal-overview-14may2025,1132,91,250,14,0,prices
sapn-initial-pricing-proposal-overview-2025-26-id333252,1140,91,250,14,0,prices
sapn-tariff-price-list-2023-24-id320662,1113,91,245,0,0,prices
sapn-tariff-price-list-2024-25-id328119,1179,97,258,0,0,prices
sapn-tariff-price-list-2026-27-id338674,973,87,204,0,0,prices
tasnetworks-2023-24-network-tariff-application-and-price-guide-4apr2023,183,20,101,5,0,prices
tasnetworks-network-pricing-schedule-2026-27,233,24,52,0,0,prices
tasnetworks-network-tariff-pricing-schedule-scs-2023-24,163,26,43,0,0,prices
tasnetworks-network-tariff-pricing-schedule-scs-2024-25,233,26,56,0,0,prices
tasnetworks-network-tariff-pricing-schedule-scs-2025-26,233,24,52,0,0,prices
ue-pricing-proposal-2023-24-wayback,125,17,82,12,0,prices
ue-pricing-proposal-2026-27-07may2026,0,1,108,17,0,rules_only
ue-tariff-summary-2026-27-07may2026,180,21,37,0,0,prices
unitedenergy-2023-24-tariff-summary-31mar2023,125,17,31,3,0,prices
unitedenergy-2024-25-tariff-summary-28mar2024,128,18,33,3,0,prices
unitedenergy-2024-25-tariff-summary-not-retrievable,0,0,0,0,0,unavailable
unitedenergy-2025-26-final-pricing-31mar2025,0,0,65,10,0,rules_only
unitedenergy-2025-26-pricing-proposal-not-retrievable,0,0,0,0,0,unavailable
