metering_price_id,document_id,distributor_id,fin_year,source_block,meter_class,tariff_codes_published,tariff_id,component_label,charge_basis,value_published,unit_published,value_raw,value_num,value_c_per_day,locator,sheet,cell
aer-consolidated-2025-26-v1/xlsx:Metering!L114,aer-consolidated-2025-26-v1,endeavour,2025-26,aer_metering_sheet,Metering - Residential,,,,per_year,12.65,$dollars,12.65455,12.65455,3.467,xlsx:Metering!L114,Metering,L114
aer-consolidated-2025-26-v1/xlsx:Metering!L115,aer-consolidated-2025-26-v1,endeavour,2025-26,aer_metering_sheet,Metering - General Supply,,,,per_year,12.65,$dollars,12.65455,12.65455,3.467,xlsx:Metering!L115,Metering,L115
aer-consolidated-2025-26-v1/xlsx:Metering!L116,aer-consolidated-2025-26-v1,endeavour,2025-26,aer_metering_sheet,Metering - Control Load,,,,per_year,12.65,$dollars,12.65455,12.65455,3.467,xlsx:Metering!L116,Metering,L116
aer-consolidated-2025-26-v1/xlsx:Metering!L117,aer-consolidated-2025-26-v1,endeavour,2025-26,aer_metering_sheet,Metering - Prosumer,,,,per_year,0.00,$dollars,0,0,0,xlsx:Metering!L117,Metering,L117
aer-consolidated-2025-26-v1/xlsx:Metering!L118,aer-consolidated-2025-26-v1,endeavour,2025-26,aer_metering_sheet,Metering - Storage,,,,per_year,12.65,$dollars,12.65455,12.65455,3.467,xlsx:Metering!L118,Metering,L118
aer-consolidated-2025-26-v1/xlsx:Metering!L119,aer-consolidated-2025-26-v1,endeavour,2025-26,aer_metering_sheet,Metering - Off Peak+,,,,per_year,12.65,$dollars,12.65455,12.65455,3.467,xlsx:Metering!L119,Metering,L119
aer-consolidated-2025-26-v1/xlsx:Metering!L120,aer-consolidated-2025-26-v1,endeavour,2025-26,aer_metering_sheet,Metering - Res and GS LUOS Trial,,,,per_year,12.65,$dollars,12.65455,12.65455,3.467,xlsx:Metering!L120,Metering,L120
aer-consolidated-2025-26-v1/xlsx:Metering!L15,aer-consolidated-2025-26-v1,ausgrid,2025-26,aer_metering_sheet,Residential,,,,per_year,27.54,$dollars,27.54,27.54,7.54520547945206,xlsx:Metering!L15,Metering,L15
aer-consolidated-2025-26-v1/xlsx:Metering!L16,aer-consolidated-2025-26-v1,ausgrid,2025-26,aer_metering_sheet,Small business,,,,per_year,38.16,$dollars,38.16,38.16,10.4547945205479,xlsx:Metering!L16,Metering,L16
aer-consolidated-2025-26-v1/xlsx:Metering!L17,aer-consolidated-2025-26-v1,ausgrid,2025-26,aer_metering_sheet,Large Business,,,,per_year,55.39,$dollars,55.39,55.39,15.1753424657534,xlsx:Metering!L17,Metering,L17
aer-consolidated-2025-26-v1/xlsx:Metering!L18,aer-consolidated-2025-26-v1,ausgrid,2025-26,aer_metering_sheet,Controlled Load,,,,per_year,9.01,$dollars,9.01,9.01,2.46849315068493,xlsx:Metering!L18,Metering,L18
aer-consolidated-2025-26-v1/xlsx:Metering!L19,aer-consolidated-2025-26-v1,ausgrid,2025-26,aer_metering_sheet,Solar,,,,per_year,12.70,$dollars,12.7,12.7,3.47945205479452,xlsx:Metering!L19,Metering,L19
aer-consolidated-2025-26-v1/xlsx:Metering!L213,aer-consolidated-2025-26-v1,essential,2025-26,aer_metering_sheet,Metering,,,,unstated,62.13,,62.12680321710156,62.1268032171016,,xlsx:Metering!L213,Metering,L213
aer-consolidated-2025-26-v1/xlsx:Metering!L246,aer-consolidated-2025-26-v1,evoenergy,2025-26,aer_metering_sheet,MP7: Quarterly manually-read interval metering capital rate,MP7,,,per_year,61.23,$dollars,61.23,61.23,16.7753424657534,xlsx:Metering!L246,Metering,L246
aer-consolidated-2025-26-v1/xlsx:Metering!L247,aer-consolidated-2025-26-v1,evoenergy,2025-26,aer_metering_sheet,MP8: Monthly non-interval metering capital rate,MP8,,,per_year,61.23,$dollars,61.23,61.23,16.7753424657534,xlsx:Metering!L247,Metering,L247
aer-consolidated-2025-26-v1/xlsx:Metering!L248,aer-consolidated-2025-26-v1,evoenergy,2025-26,aer_metering_sheet,MP9: Monthly multi-register non-interval metering capital rate,MP9,,,per_year,61.23,$dollars,61.23,61.23,16.7753424657534,xlsx:Metering!L248,Metering,L248
aer-consolidated-2025-26-v1/xlsx:Metering!L249,aer-consolidated-2025-26-v1,evoenergy,2025-26,aer_metering_sheet,MP10: Monthly manually-read interval metering capital rate,MP10,,,per_year,61.23,$dollars,61.23,61.23,16.7753424657534,xlsx:Metering!L249,Metering,L249
aer-consolidated-2025-26-v1/xlsx:Metering!L279,aer-consolidated-2025-26-v1,jemena,2025-26,aer_metering_sheet,Single phase single element,,,,per_year,64.50,$dollars,64.50324584090946,64.5032458409095,17.6721221481944,xlsx:Metering!L279,Metering,L279
aer-consolidated-2025-26-v1/xlsx:Metering!L280,aer-consolidated-2025-26-v1,jemena,2025-26,aer_metering_sheet,Single phase two element with contactor,,,,per_year,64.50,$dollars,64.50324584090946,64.5032458409095,17.6721221481944,xlsx:Metering!L280,Metering,L280
aer-consolidated-2025-26-v1/xlsx:Metering!L281,aer-consolidated-2025-26-v1,jemena,2025-26,aer_metering_sheet,Multiphase,,,,per_year,78.75,$dollars,78.75057458505356,78.7505745850536,21.575499886316,xlsx:Metering!L281,Metering,L281
aer-consolidated-2025-26-v1/xlsx:Metering!L282,aer-consolidated-2025-26-v1,jemena,2025-26,aer_metering_sheet,Multiphase CT connected,,,,per_year,87.71,$dollars,87.7110932473677,87.7110932473677,24.0304365061281,xlsx:Metering!L282,Metering,L282
aer-consolidated-2025-26-v1/xlsx:Metering!L285,aer-consolidated-2025-26-v1,jemena,2025-26,aer_metering_sheet,Single phase single element,,,,per_meter,191.64,$dollars,191.64,191.64,,xlsx:Metering!L285,Metering,L285
aer-consolidated-2025-26-v1/xlsx:Metering!L286,aer-consolidated-2025-26-v1,jemena,2025-26,aer_metering_sheet,Single phase two element with contactor,,,,per_meter,191.64,$dollars,191.64,191.64,,xlsx:Metering!L286,Metering,L286
aer-consolidated-2025-26-v1/xlsx:Metering!L287,aer-consolidated-2025-26-v1,jemena,2025-26,aer_metering_sheet,Multiphase,,,,per_meter,191.64,$dollars,191.64,191.64,,xlsx:Metering!L287,Metering,L287
aer-consolidated-2025-26-v1/xlsx:Metering!L288,aer-consolidated-2025-26-v1,jemena,2025-26,aer_metering_sheet,Multiphase CT connected,,,,per_meter,191.64,$dollars,191.64,191.64,,xlsx:Metering!L288,Metering,L288
aer-consolidated-2025-26-v1/xlsx:Metering!L312,aer-consolidated-2025-26-v1,powerwater,2025-26,aer_metering_sheet,1 Phase Meters (including prepayment),,,,per_year,139.70,$dollars,139.7,139.7,38.2739726027397,xlsx:Metering!L312,Metering,L312
aer-consolidated-2025-26-v1/xlsx:Metering!L313,aer-consolidated-2025-26-v1,powerwater,2025-26,aer_metering_sheet,3 Phase Meters,,,,per_year,185.09,$dollars,185.09,185.09,50.7095890410959,xlsx:Metering!L313,Metering,L313
aer-consolidated-2025-26-v1/xlsx:Metering!L314,aer-consolidated-2025-26-v1,powerwater,2025-26,aer_metering_sheet,Dedicated CT and VT Meters,,,,per_year,738.63,$dollars,738.63,738.63,202.364383561644,xlsx:Metering!L314,Metering,L314
aer-consolidated-2025-26-v1/xlsx:Metering!L315,aer-consolidated-2025-26-v1,powerwater,2025-26,aer_metering_sheet,Dedicated CT and VT Meters,,,,per_year,2548.39,$dollars,2548.39,2548.39,698.18904109589,xlsx:Metering!L315,Metering,L315
aer-consolidated-2025-26-v1/xlsx:Metering!L345,aer-consolidated-2025-26-v1,powercor,2025-26,aer_metering_sheet,AMI single phase,,,,per_year,70.00,$dollars,70,70,19.1780821917808,xlsx:Metering!L345,Metering,L345
aer-consolidated-2025-26-v1/xlsx:Metering!L346,aer-consolidated-2025-26-v1,powercor,2025-26,aer_metering_sheet,AMI three phase,,,,per_year,75.20,$dollars,75.2,75.2,20.6027397260274,xlsx:Metering!L346,Metering,L346
aer-consolidated-2025-26-v1/xlsx:Metering!L347,aer-consolidated-2025-26-v1,powercor,2025-26,aer_metering_sheet,AMI three phase current transformer,,,,per_year,130.00,$dollars,130,130,35.6164383561644,xlsx:Metering!L347,Metering,L347
aer-consolidated-2025-26-v1/xlsx:Metering!L350,aer-consolidated-2025-26-v1,powercor,2025-26,aer_metering_sheet,AMI single phase,,,,per_meter,351.25,$dollars,351.25,351.25,,xlsx:Metering!L350,Metering,L350
aer-consolidated-2025-26-v1/xlsx:Metering!L351,aer-consolidated-2025-26-v1,powercor,2025-26,aer_metering_sheet,AMI three phase,,,,per_meter,403.12,$dollars,403.12,403.12,,xlsx:Metering!L351,Metering,L351
aer-consolidated-2025-26-v1/xlsx:Metering!L352,aer-consolidated-2025-26-v1,powercor,2025-26,aer_metering_sheet,AMI three phase current transformer,,,,per_meter,651.83,$dollars,651.83,651.83,,xlsx:Metering!L352,Metering,L352
aer-consolidated-2025-26-v1/xlsx:Metering!L353,aer-consolidated-2025-26-v1,powercor,2025-26,aer_metering_sheet,Basic or MRIM,,,,per_meter,54.73,$dollars,54.73,54.73,,xlsx:Metering!L353,Metering,L353
aer-consolidated-2025-26-v1/xlsx:Metering!L411,aer-consolidated-2025-26-v1,tasnetworks,2025-26,aer_metering_sheet,Business LV - Single phase,,,,per_year,17.30,$dollars,17.3,17.3,4.73972602739726,xlsx:Metering!L411,Metering,L411
aer-consolidated-2025-26-v1/xlsx:Metering!L412,aer-consolidated-2025-26-v1,tasnetworks,2025-26,aer_metering_sheet,Business LV - Multi phase,,,,per_year,34.60,$dollars,34.6,34.6,9.47945205479452,xlsx:Metering!L412,Metering,L412
aer-consolidated-2025-26-v1/xlsx:Metering!L413,aer-consolidated-2025-26-v1,tasnetworks,2025-26,aer_metering_sheet,Business LV - CT meters,,,,per_year,44.75,$dollars,44.75,44.75,12.2602739726027,xlsx:Metering!L413,Metering,L413
aer-consolidated-2025-26-v1/xlsx:Metering!L414,aer-consolidated-2025-26-v1,tasnetworks,2025-26,aer_metering_sheet,Domestic LV - Single phase,,,,per_year,16.73,$dollars,16.73,16.73,4.58356164383562,xlsx:Metering!L414,Metering,L414
aer-consolidated-2025-26-v1/xlsx:Metering!L415,aer-consolidated-2025-26-v1,tasnetworks,2025-26,aer_metering_sheet,Domestic LV - Multi phase,,,,per_year,34.70,$dollars,34.7,34.7,9.5068493150685,xlsx:Metering!L415,Metering,L415
aer-consolidated-2025-26-v1/xlsx:Metering!L416,aer-consolidated-2025-26-v1,tasnetworks,2025-26,aer_metering_sheet,Domestic LV - CT meters,,,,per_year,42.94,$dollars,42.94,42.94,11.7643835616438,xlsx:Metering!L416,Metering,L416
aer-consolidated-2025-26-v1/xlsx:Metering!L417,aer-consolidated-2025-26-v1,tasnetworks,2025-26,aer_metering_sheet,Other meters,,,,per_year,30.53,$dollars,30.53,30.53,8.36438356164384,xlsx:Metering!L417,Metering,L417
aer-consolidated-2025-26-v1/xlsx:Metering!L444,aer-consolidated-2025-26-v1,unitedenergy,2025-26,aer_metering_sheet,AMI single phase,,,,per_year,50.98,$dollars,50.98,50.98,13.9671232876712,xlsx:Metering!L444,Metering,L444
aer-consolidated-2025-26-v1/xlsx:Metering!L445,aer-consolidated-2025-26-v1,unitedenergy,2025-26,aer_metering_sheet,AMI three phase,,,,per_year,57.48,$dollars,57.48,57.48,15.7479452054795,xlsx:Metering!L445,Metering,L445
aer-consolidated-2025-26-v1/xlsx:Metering!L446,aer-consolidated-2025-26-v1,unitedenergy,2025-26,aer_metering_sheet,AMI three phase current transformer,,,,per_year,60.96,$dollars,60.96,60.96,16.7013698630137,xlsx:Metering!L446,Metering,L446
aer-consolidated-2025-26-v1/xlsx:Metering!L449,aer-consolidated-2025-26-v1,unitedenergy,2025-26,aer_metering_sheet,AMI single phase,,,,per_meter,256.73,$dollars,256.73,256.73,,xlsx:Metering!L449,Metering,L449
aer-consolidated-2025-26-v1/xlsx:Metering!L450,aer-consolidated-2025-26-v1,unitedenergy,2025-26,aer_metering_sheet,AMI three phase,,,,per_meter,295.05,$dollars,295.05,295.05,,xlsx:Metering!L450,Metering,L450
aer-consolidated-2025-26-v1/xlsx:Metering!L451,aer-consolidated-2025-26-v1,unitedenergy,2025-26,aer_metering_sheet,AMI three phase current transformer,,,,per_meter,316.29,$dollars,316.29,316.29,,xlsx:Metering!L451,Metering,L451
aer-consolidated-2025-26-v1/xlsx:Metering!L452,aer-consolidated-2025-26-v1,unitedenergy,2025-26,aer_metering_sheet,Basic or MRIM,,,,per_meter,54.73,$dollars,54.73,54.73,,xlsx:Metering!L452,Metering,L452
aer-consolidated-2025-26-v1/xlsx:Metering!L48,aer-consolidated-2025-26-v1,ausnet,2025-26,aer_metering_sheet,Single phase single element,,,,per_year,75.19,$dollars,75.18521821407845,75.1852182140784,20.5986899216653,xlsx:Metering!L48,Metering,L48
aer-consolidated-2025-26-v1/xlsx:Metering!L49,aer-consolidated-2025-26-v1,ausnet,2025-26,aer_metering_sheet,Single phase two element with contactor,,,,per_year,88.43,$dollars,88.43093618803522,88.4309361880352,24.2276537501466,xlsx:Metering!L49,Metering,L49
aer-consolidated-2025-26-v1/xlsx:Metering!L50,aer-consolidated-2025-26-v1,ausnet,2025-26,aer_metering_sheet,Multiphase,,,,per_year,106.52,$dollars,106.52080244961046,106.52080244961,29.183781493044,xlsx:Metering!L50,Metering,L50
aer-consolidated-2025-26-v1/xlsx:Metering!L51,aer-consolidated-2025-26-v1,ausnet,2025-26,aer_metering_sheet,Multiphase with contactor,,,,per_year,118.14,$dollars,118.1391893581954,118.139189358195,32.3669011940261,xlsx:Metering!L51,Metering,L51
aer-consolidated-2025-26-v1/xlsx:Metering!L52,aer-consolidated-2025-26-v1,ausnet,2025-26,aer_metering_sheet,Multiphase CT connected,,,,per_year,151.82,$dollars,151.8211579205426,151.821157920543,41.59483778645,xlsx:Metering!L52,Metering,L52
aer-consolidated-2025-26-v1/xlsx:Metering!L55,aer-consolidated-2025-26-v1,ausnet,2025-26,aer_metering_sheet,Single phase single element,,,,per_meter,315.21,$dollars,315.21,315.21,,xlsx:Metering!L55,Metering,L55
aer-consolidated-2025-26-v1/xlsx:Metering!L56,aer-consolidated-2025-26-v1,ausnet,2025-26,aer_metering_sheet,Single phase two element with contactor,,,,per_meter,315.21,$dollars,315.21,315.21,,xlsx:Metering!L56,Metering,L56
aer-consolidated-2025-26-v1/xlsx:Metering!L57,aer-consolidated-2025-26-v1,ausnet,2025-26,aer_metering_sheet,Multiphase,,,,per_meter,315.22,$dollars,315.22,315.22,,xlsx:Metering!L57,Metering,L57
aer-consolidated-2025-26-v1/xlsx:Metering!L58,aer-consolidated-2025-26-v1,ausnet,2025-26,aer_metering_sheet,Multiphase with contactor,,,,per_meter,315.22,$dollars,315.22,315.22,,xlsx:Metering!L58,Metering,L58
aer-consolidated-2025-26-v1/xlsx:Metering!L59,aer-consolidated-2025-26-v1,ausnet,2025-26,aer_metering_sheet,Multiphase CT connected,,,,per_meter,315.22,$dollars,315.22,315.22,,xlsx:Metering!L59,Metering,L59
aer-consolidated-2025-26-v1/xlsx:Metering!L81,aer-consolidated-2025-26-v1,citipower,2025-26,aer_metering_sheet,Single Phase,,,,per_year,72.20,$dollars,72.2,72.2,19.7808219178082,xlsx:Metering!L81,Metering,L81
aer-consolidated-2025-26-v1/xlsx:Metering!L82,aer-consolidated-2025-26-v1,citipower,2025-26,aer_metering_sheet,Three phase direct connected meter,,,,per_year,88.60,$dollars,88.6,88.6,24.2739726027397,xlsx:Metering!L82,Metering,L82
aer-consolidated-2025-26-v1/xlsx:Metering!L83,aer-consolidated-2025-26-v1,citipower,2025-26,aer_metering_sheet,Three phase CT connected meter,,,,per_year,112.00,$dollars,112,112,30.6849315068493,xlsx:Metering!L83,Metering,L83
aer-consolidated-2025-26-v1/xlsx:Metering!L86,aer-consolidated-2025-26-v1,citipower,2025-26,aer_metering_sheet,Single Phase,,,,per_meter,259.65,$dollars,259.65,259.65,,xlsx:Metering!L86,Metering,L86
aer-consolidated-2025-26-v1/xlsx:Metering!L87,aer-consolidated-2025-26-v1,citipower,2025-26,aer_metering_sheet,Three phase direct connected meter,,,,per_meter,305.73,$dollars,305.73,305.73,,xlsx:Metering!L87,Metering,L87
aer-consolidated-2025-26-v1/xlsx:Metering!L88,aer-consolidated-2025-26-v1,citipower,2025-26,aer_metering_sheet,Three phase CT connected meter,,,,per_meter,579.56,$dollars,579.56,579.56,,xlsx:Metering!L88,Metering,L88
aer-consolidated-2025-26-v1/xlsx:Metering!L89,aer-consolidated-2025-26-v1,citipower,2025-26,aer_metering_sheet,"Basic 
or 
MRIM",,,,per_meter,54.73,$dollars,54.73,54.73,,xlsx:Metering!L89,Metering,L89
aer-consolidated-2025-26-v5/xlsx:Metering!L114,aer-consolidated-2025-26-v5,endeavour,2025-26,aer_metering_sheet,Metering - Residential,,,,per_year,12.65,$dollars,12.65455,12.65455,3.467,xlsx:Metering!L114,Metering,L114
aer-consolidated-2025-26-v5/xlsx:Metering!L115,aer-consolidated-2025-26-v5,endeavour,2025-26,aer_metering_sheet,Metering - General Supply,,,,per_year,12.65,$dollars,12.65455,12.65455,3.467,xlsx:Metering!L115,Metering,L115
aer-consolidated-2025-26-v5/xlsx:Metering!L116,aer-consolidated-2025-26-v5,endeavour,2025-26,aer_metering_sheet,Metering - Control Load,,,,per_year,12.65,$dollars,12.65455,12.65455,3.467,xlsx:Metering!L116,Metering,L116
aer-consolidated-2025-26-v5/xlsx:Metering!L118,aer-consolidated-2025-26-v5,endeavour,2025-26,aer_metering_sheet,Metering - Storage,,,,per_year,12.65,$dollars,12.65455,12.65455,3.467,xlsx:Metering!L118,Metering,L118
aer-consolidated-2025-26-v5/xlsx:Metering!L119,aer-consolidated-2025-26-v5,endeavour,2025-26,aer_metering_sheet,Metering - Off Peak+,,,,per_year,12.65,$dollars,12.65455,12.65455,3.467,xlsx:Metering!L119,Metering,L119
aer-consolidated-2025-26-v5/xlsx:Metering!L120,aer-consolidated-2025-26-v5,endeavour,2025-26,aer_metering_sheet,Metering - Res and GS LUOS Trial,,,,per_year,12.65,$dollars,12.65455,12.65455,3.467,xlsx:Metering!L120,Metering,L120
aer-consolidated-2025-26-v5/xlsx:Metering!L147,aer-consolidated-2025-26-v5,energex,2025-26,aer_metering_sheet,SCS metering,,,,per_year,44.14,,44.14330636933487,44.1433063693349,12.0940565395438,xlsx:Metering!L147,Metering,L147
aer-consolidated-2025-26-v5/xlsx:Metering!L15,aer-consolidated-2025-26-v5,ausgrid,2025-26,aer_metering_sheet,Residential,,,,per_year,27.54,$dollars,27.54,27.54,7.54520547945206,xlsx:Metering!L15,Metering,L15
aer-consolidated-2025-26-v5/xlsx:Metering!L16,aer-consolidated-2025-26-v5,ausgrid,2025-26,aer_metering_sheet,Small business,,,,per_year,38.16,$dollars,38.16,38.16,10.4547945205479,xlsx:Metering!L16,Metering,L16
aer-consolidated-2025-26-v5/xlsx:Metering!L17,aer-consolidated-2025-26-v5,ausgrid,2025-26,aer_metering_sheet,Large Business,,,,per_year,55.39,$dollars,55.39,55.39,15.1753424657534,xlsx:Metering!L17,Metering,L17
aer-consolidated-2025-26-v5/xlsx:Metering!L18,aer-consolidated-2025-26-v5,ausgrid,2025-26,aer_metering_sheet,Controlled Load,,,,per_year,9.01,$dollars,9.01,9.01,2.46849315068493,xlsx:Metering!L18,Metering,L18
aer-consolidated-2025-26-v5/xlsx:Metering!L180,aer-consolidated-2025-26-v5,ergon,2025-26,aer_metering_sheet,SCS metering,,,,per_year,41.94,,41.94426582179715,41.9442658217972,11.4915796772047,xlsx:Metering!L180,Metering,L180
aer-consolidated-2025-26-v5/xlsx:Metering!L19,aer-consolidated-2025-26-v5,ausgrid,2025-26,aer_metering_sheet,Solar,,,,per_year,12.70,$dollars,12.7,12.7,3.47945205479452,xlsx:Metering!L19,Metering,L19
aer-consolidated-2025-26-v5/xlsx:Metering!L213,aer-consolidated-2025-26-v5,essential,2025-26,aer_metering_sheet,Metering,,,,per_year,62.13,,62.12680321710156,62.1268032171016,17.0210419772881,xlsx:Metering!L213,Metering,L213
aer-consolidated-2025-26-v5/xlsx:Metering!L246,aer-consolidated-2025-26-v5,evoenergy,2025-26,aer_metering_sheet,MP7: Quarterly manually-read interval metering capital rate,MP7,,,per_year,61.23,$dollars,61.23,61.23,16.7753424657534,xlsx:Metering!L246,Metering,L246
aer-consolidated-2025-26-v5/xlsx:Metering!L247,aer-consolidated-2025-26-v5,evoenergy,2025-26,aer_metering_sheet,MP8: Monthly non-interval metering capital rate,MP8,,,per_year,61.23,$dollars,61.23,61.23,16.7753424657534,xlsx:Metering!L247,Metering,L247
aer-consolidated-2025-26-v5/xlsx:Metering!L248,aer-consolidated-2025-26-v5,evoenergy,2025-26,aer_metering_sheet,MP9: Monthly multi-register non-interval metering capital rate,MP9,,,per_year,61.23,$dollars,61.23,61.23,16.7753424657534,xlsx:Metering!L248,Metering,L248
aer-consolidated-2025-26-v5/xlsx:Metering!L249,aer-consolidated-2025-26-v5,evoenergy,2025-26,aer_metering_sheet,MP10: Monthly manually-read interval metering capital rate,MP10,,,per_year,61.23,$dollars,61.23,61.23,16.7753424657534,xlsx:Metering!L249,Metering,L249
aer-consolidated-2025-26-v5/xlsx:Metering!L279,aer-consolidated-2025-26-v5,jemena,2025-26,aer_metering_sheet,Single phase single element,,,,per_year,64.50,$dollars,64.50324584090946,64.5032458409095,17.6721221481944,xlsx:Metering!L279,Metering,L279
aer-consolidated-2025-26-v5/xlsx:Metering!L280,aer-consolidated-2025-26-v5,jemena,2025-26,aer_metering_sheet,Single phase two element with contactor,,,,per_year,64.50,$dollars,64.50324584090946,64.5032458409095,17.6721221481944,xlsx:Metering!L280,Metering,L280
aer-consolidated-2025-26-v5/xlsx:Metering!L281,aer-consolidated-2025-26-v5,jemena,2025-26,aer_metering_sheet,Multiphase,,,,per_year,78.75,$dollars,78.75057458505356,78.7505745850536,21.575499886316,xlsx:Metering!L281,Metering,L281
aer-consolidated-2025-26-v5/xlsx:Metering!L282,aer-consolidated-2025-26-v5,jemena,2025-26,aer_metering_sheet,Multiphase CT connected,,,,per_year,87.71,$dollars,87.7110932473677,87.7110932473677,24.0304365061281,xlsx:Metering!L282,Metering,L282
aer-consolidated-2025-26-v5/xlsx:Metering!L285,aer-consolidated-2025-26-v5,jemena,2025-26,aer_metering_sheet,Single phase single element,,,,per_meter,191.64,$dollars,191.64,191.64,,xlsx:Metering!L285,Metering,L285
aer-consolidated-2025-26-v5/xlsx:Metering!L286,aer-consolidated-2025-26-v5,jemena,2025-26,aer_metering_sheet,Single phase two element with contactor,,,,per_meter,191.64,$dollars,191.64,191.64,,xlsx:Metering!L286,Metering,L286
aer-consolidated-2025-26-v5/xlsx:Metering!L287,aer-consolidated-2025-26-v5,jemena,2025-26,aer_metering_sheet,Multiphase,,,,per_meter,191.64,$dollars,191.64,191.64,,xlsx:Metering!L287,Metering,L287
aer-consolidated-2025-26-v5/xlsx:Metering!L288,aer-consolidated-2025-26-v5,jemena,2025-26,aer_metering_sheet,Multiphase CT connected,,,,per_meter,191.64,$dollars,191.64,191.64,,xlsx:Metering!L288,Metering,L288
aer-consolidated-2025-26-v5/xlsx:Metering!L312,aer-consolidated-2025-26-v5,powerwater,2025-26,aer_metering_sheet,1 Phase Meters (including prepayment),,,,per_year,139.70,$dollars,139.7,139.7,38.2739726027397,xlsx:Metering!L312,Metering,L312
aer-consolidated-2025-26-v5/xlsx:Metering!L313,aer-consolidated-2025-26-v5,powerwater,2025-26,aer_metering_sheet,3 Phase Meters,,,,per_year,185.09,$dollars,185.09,185.09,50.7095890410959,xlsx:Metering!L313,Metering,L313
aer-consolidated-2025-26-v5/xlsx:Metering!L314,aer-consolidated-2025-26-v5,powerwater,2025-26,aer_metering_sheet,Dedicated CT and VT Meters,,,,per_year,738.63,$dollars,738.63,738.63,202.364383561644,xlsx:Metering!L314,Metering,L314
aer-consolidated-2025-26-v5/xlsx:Metering!L315,aer-consolidated-2025-26-v5,powerwater,2025-26,aer_metering_sheet,Dedicated CT and VT Meters,,,,per_year,2548.39,$dollars,2548.39,2548.39,698.18904109589,xlsx:Metering!L315,Metering,L315
aer-consolidated-2025-26-v5/xlsx:Metering!L345,aer-consolidated-2025-26-v5,powercor,2025-26,aer_metering_sheet,AMI single phase,,,,per_year,70.00,$dollars,70,70,19.1780821917808,xlsx:Metering!L345,Metering,L345
aer-consolidated-2025-26-v5/xlsx:Metering!L346,aer-consolidated-2025-26-v5,powercor,2025-26,aer_metering_sheet,AMI three phase,,,,per_year,75.20,$dollars,75.2,75.2,20.6027397260274,xlsx:Metering!L346,Metering,L346
aer-consolidated-2025-26-v5/xlsx:Metering!L347,aer-consolidated-2025-26-v5,powercor,2025-26,aer_metering_sheet,AMI three phase current transformer,,,,per_year,130.00,$dollars,130,130,35.6164383561644,xlsx:Metering!L347,Metering,L347
aer-consolidated-2025-26-v5/xlsx:Metering!L350,aer-consolidated-2025-26-v5,powercor,2025-26,aer_metering_sheet,AMI single phase,,,,per_meter,351.25,$dollars,351.25,351.25,,xlsx:Metering!L350,Metering,L350
aer-consolidated-2025-26-v5/xlsx:Metering!L351,aer-consolidated-2025-26-v5,powercor,2025-26,aer_metering_sheet,AMI three phase,,,,per_meter,403.12,$dollars,403.12,403.12,,xlsx:Metering!L351,Metering,L351
aer-consolidated-2025-26-v5/xlsx:Metering!L352,aer-consolidated-2025-26-v5,powercor,2025-26,aer_metering_sheet,AMI three phase current transformer,,,,per_meter,651.83,$dollars,651.83,651.83,,xlsx:Metering!L352,Metering,L352
aer-consolidated-2025-26-v5/xlsx:Metering!L353,aer-consolidated-2025-26-v5,powercor,2025-26,aer_metering_sheet,Basic or MRIM,,,,per_meter,54.73,$dollars,54.73,54.73,,xlsx:Metering!L353,Metering,L353
aer-consolidated-2025-26-v5/xlsx:Metering!L378,aer-consolidated-2025-26-v5,sapn,2025-26,aer_metering_sheet,Legacy metering services,,,,per_year,9.30,$dollars,9.295753659366175,9.29575365936618,2.54678182448388,xlsx:Metering!L378,Metering,L378
aer-consolidated-2025-26-v5/xlsx:Metering!L411,aer-consolidated-2025-26-v5,tasnetworks,2025-26,aer_metering_sheet,Business LV - Single phase,,,,per_year,17.30,$dollars,17.3,17.3,4.73972602739726,xlsx:Metering!L411,Metering,L411
aer-consolidated-2025-26-v5/xlsx:Metering!L412,aer-consolidated-2025-26-v5,tasnetworks,2025-26,aer_metering_sheet,Business LV - Multi phase,,,,per_year,34.60,$dollars,34.6,34.6,9.47945205479452,xlsx:Metering!L412,Metering,L412
aer-consolidated-2025-26-v5/xlsx:Metering!L413,aer-consolidated-2025-26-v5,tasnetworks,2025-26,aer_metering_sheet,Business LV - CT meters,,,,per_year,44.75,$dollars,44.75,44.75,12.2602739726027,xlsx:Metering!L413,Metering,L413
aer-consolidated-2025-26-v5/xlsx:Metering!L414,aer-consolidated-2025-26-v5,tasnetworks,2025-26,aer_metering_sheet,Domestic LV - Single phase,,,,per_year,16.73,$dollars,16.73,16.73,4.58356164383562,xlsx:Metering!L414,Metering,L414
aer-consolidated-2025-26-v5/xlsx:Metering!L415,aer-consolidated-2025-26-v5,tasnetworks,2025-26,aer_metering_sheet,Domestic LV - Multi phase,,,,per_year,34.70,$dollars,34.7,34.7,9.5068493150685,xlsx:Metering!L415,Metering,L415
aer-consolidated-2025-26-v5/xlsx:Metering!L416,aer-consolidated-2025-26-v5,tasnetworks,2025-26,aer_metering_sheet,Domestic LV - CT meters,,,,per_year,42.94,$dollars,42.94,42.94,11.7643835616438,xlsx:Metering!L416,Metering,L416
aer-consolidated-2025-26-v5/xlsx:Metering!L417,aer-consolidated-2025-26-v5,tasnetworks,2025-26,aer_metering_sheet,Other meters,,,,per_year,30.53,$dollars,30.53,30.53,8.36438356164384,xlsx:Metering!L417,Metering,L417
aer-consolidated-2025-26-v5/xlsx:Metering!L444,aer-consolidated-2025-26-v5,unitedenergy,2025-26,aer_metering_sheet,AMI single phase,,,,per_year,50.98,$dollars,50.98,50.98,13.9671232876712,xlsx:Metering!L444,Metering,L444
aer-consolidated-2025-26-v5/xlsx:Metering!L445,aer-consolidated-2025-26-v5,unitedenergy,2025-26,aer_metering_sheet,AMI three phase,,,,per_year,57.48,$dollars,57.48,57.48,15.7479452054795,xlsx:Metering!L445,Metering,L445
aer-consolidated-2025-26-v5/xlsx:Metering!L446,aer-consolidated-2025-26-v5,unitedenergy,2025-26,aer_metering_sheet,AMI three phase current transformer,,,,per_year,60.96,$dollars,60.96,60.96,16.7013698630137,xlsx:Metering!L446,Metering,L446
aer-consolidated-2025-26-v5/xlsx:Metering!L449,aer-consolidated-2025-26-v5,unitedenergy,2025-26,aer_metering_sheet,AMI single phase,,,,per_meter,256.73,$dollars,256.73,256.73,,xlsx:Metering!L449,Metering,L449
aer-consolidated-2025-26-v5/xlsx:Metering!L450,aer-consolidated-2025-26-v5,unitedenergy,2025-26,aer_metering_sheet,AMI three phase,,,,per_meter,295.05,$dollars,295.05,295.05,,xlsx:Metering!L450,Metering,L450
aer-consolidated-2025-26-v5/xlsx:Metering!L451,aer-consolidated-2025-26-v5,unitedenergy,2025-26,aer_metering_sheet,AMI three phase current transformer,,,,per_meter,316.29,$dollars,316.29,316.29,,xlsx:Metering!L451,Metering,L451
aer-consolidated-2025-26-v5/xlsx:Metering!L452,aer-consolidated-2025-26-v5,unitedenergy,2025-26,aer_metering_sheet,Basic or MRIM,,,,per_meter,54.73,$dollars,54.73,54.73,,xlsx:Metering!L452,Metering,L452
aer-consolidated-2025-26-v5/xlsx:Metering!L48,aer-consolidated-2025-26-v5,ausnet,2025-26,aer_metering_sheet,Single phase single element,,,,per_year,75.19,$dollars,75.18521821407845,75.1852182140784,20.5986899216653,xlsx:Metering!L48,Metering,L48
aer-consolidated-2025-26-v5/xlsx:Metering!L49,aer-consolidated-2025-26-v5,ausnet,2025-26,aer_metering_sheet,Single phase two element with contactor,,,,per_year,88.43,$dollars,88.43093618803522,88.4309361880352,24.2276537501466,xlsx:Metering!L49,Metering,L49
aer-consolidated-2025-26-v5/xlsx:Metering!L50,aer-consolidated-2025-26-v5,ausnet,2025-26,aer_metering_sheet,Multiphase,,,,per_year,106.52,$dollars,106.52080244961046,106.52080244961,29.183781493044,xlsx:Metering!L50,Metering,L50
aer-consolidated-2025-26-v5/xlsx:Metering!L51,aer-consolidated-2025-26-v5,ausnet,2025-26,aer_metering_sheet,Multiphase with contactor,,,,per_year,118.14,$dollars,118.1391893581954,118.139189358195,32.3669011940261,xlsx:Metering!L51,Metering,L51
aer-consolidated-2025-26-v5/xlsx:Metering!L52,aer-consolidated-2025-26-v5,ausnet,2025-26,aer_metering_sheet,Multiphase CT connected,,,,per_year,151.82,$dollars,151.8211579205426,151.821157920543,41.59483778645,xlsx:Metering!L52,Metering,L52
aer-consolidated-2025-26-v5/xlsx:Metering!L55,aer-consolidated-2025-26-v5,ausnet,2025-26,aer_metering_sheet,Single phase single element,,,,per_meter,315.21,$dollars,315.21,315.21,,xlsx:Metering!L55,Metering,L55
aer-consolidated-2025-26-v5/xlsx:Metering!L56,aer-consolidated-2025-26-v5,ausnet,2025-26,aer_metering_sheet,Single phase two element with contactor,,,,per_meter,315.21,$dollars,315.21,315.21,,xlsx:Metering!L56,Metering,L56
aer-consolidated-2025-26-v5/xlsx:Metering!L57,aer-consolidated-2025-26-v5,ausnet,2025-26,aer_metering_sheet,Multiphase,,,,per_meter,315.22,$dollars,315.22,315.22,,xlsx:Metering!L57,Metering,L57
aer-consolidated-2025-26-v5/xlsx:Metering!L58,aer-consolidated-2025-26-v5,ausnet,2025-26,aer_metering_sheet,Multiphase with contactor,,,,per_meter,315.22,$dollars,315.22,315.22,,xlsx:Metering!L58,Metering,L58
aer-consolidated-2025-26-v5/xlsx:Metering!L59,aer-consolidated-2025-26-v5,ausnet,2025-26,aer_metering_sheet,Multiphase CT connected,,,,per_meter,315.22,$dollars,315.22,315.22,,xlsx:Metering!L59,Metering,L59
aer-consolidated-2025-26-v5/xlsx:Metering!L81,aer-consolidated-2025-26-v5,citipower,2025-26,aer_metering_sheet,Single Phase,,,,per_year,72.20,$dollars,72.2,72.2,19.7808219178082,xlsx:Metering!L81,Metering,L81
aer-consolidated-2025-26-v5/xlsx:Metering!L82,aer-consolidated-2025-26-v5,citipower,2025-26,aer_metering_sheet,Three phase direct connected meter,,,,per_year,88.60,$dollars,88.6,88.6,24.2739726027397,xlsx:Metering!L82,Metering,L82
aer-consolidated-2025-26-v5/xlsx:Metering!L83,aer-consolidated-2025-26-v5,citipower,2025-26,aer_metering_sheet,Three phase CT connected meter,,,,per_year,112.00,$dollars,112,112,30.6849315068493,xlsx:Metering!L83,Metering,L83
aer-consolidated-2025-26-v5/xlsx:Metering!L86,aer-consolidated-2025-26-v5,citipower,2025-26,aer_metering_sheet,Single Phase,,,,per_meter,259.65,$dollars,259.65,259.65,,xlsx:Metering!L86,Metering,L86
aer-consolidated-2025-26-v5/xlsx:Metering!L87,aer-consolidated-2025-26-v5,citipower,2025-26,aer_metering_sheet,Three phase direct connected meter,,,,per_meter,305.73,$dollars,305.73,305.73,,xlsx:Metering!L87,Metering,L87
aer-consolidated-2025-26-v5/xlsx:Metering!L88,aer-consolidated-2025-26-v5,citipower,2025-26,aer_metering_sheet,Three phase CT connected meter,,,,per_meter,579.56,$dollars,579.56,579.56,,xlsx:Metering!L88,Metering,L88
aer-consolidated-2025-26-v5/xlsx:Metering!L89,aer-consolidated-2025-26-v5,citipower,2025-26,aer_metering_sheet,"Basic 
or 
MRIM",,,,per_meter,54.73,$dollars,54.73,54.73,,xlsx:Metering!L89,Metering,L89
aer-consolidated-2026-27-v5/xlsx:Metering!L114,aer-consolidated-2026-27-v5,endeavour,2026-27,aer_metering_sheet,Metering - Residential,"N70,N71,N72,N73",,,per_year,13.29,$dollars,13.293665,13.293665,3.6421,xlsx:Metering!L114,Metering,L114
aer-consolidated-2026-27-v5/xlsx:Metering!L115,aer-consolidated-2026-27-v5,endeavour,2026-27,aer_metering_sheet,Metering - General Supply,"N90,N91,N92,N93",,,per_year,13.29,$dollars,13.293665,13.293665,3.6421,xlsx:Metering!L115,Metering,L115
aer-consolidated-2026-27-v5/xlsx:Metering!L116,aer-consolidated-2026-27-v5,endeavour,2026-27,aer_metering_sheet,Metering - Control Load,"N50,N54",,,per_year,13.29,$dollars,13.293665,13.293665,3.6421,xlsx:Metering!L116,Metering,L116
aer-consolidated-2026-27-v5/xlsx:Metering!L117,aer-consolidated-2026-27-v5,endeavour,2026-27,aer_metering_sheet,Metering - Prosumer,N61,,,per_year,0.00,$dollars,0,0,0,xlsx:Metering!L117,Metering,L117
aer-consolidated-2026-27-v5/xlsx:Metering!L118,aer-consolidated-2026-27-v5,endeavour,2026-27,aer_metering_sheet,Metering - Storage,N95,,,per_year,13.29,$dollars,13.293665,13.293665,3.6421,xlsx:Metering!L118,Metering,L118
aer-consolidated-2026-27-v5/xlsx:Metering!L119,aer-consolidated-2026-27-v5,endeavour,2026-27,aer_metering_sheet,Metering - Off Peak+,N62,,,per_year,13.29,$dollars,13.293665,13.293665,3.6421,xlsx:Metering!L119,Metering,L119
aer-consolidated-2026-27-v5/xlsx:Metering!L120,aer-consolidated-2026-27-v5,endeavour,2026-27,aer_metering_sheet,Metering - Res/GS LUOS  and EV Charger Trials,"N63,N96,N97",,,per_year,13.29,$dollars,13.293665,13.293665,3.6421,xlsx:Metering!L120,Metering,L120
aer-consolidated-2026-27-v5/xlsx:Metering!L147,aer-consolidated-2026-27-v5,energex,2026-27,aer_metering_sheet,SCS metering,,,,per_year,44.90,$dollars,44.894999999999996,44.895,12.3,xlsx:Metering!L147,Metering,L147
aer-consolidated-2026-27-v5/xlsx:Metering!L15,aer-consolidated-2026-27-v5,ausgrid,2026-27,aer_metering_sheet,Residential,,,,per_year,28.54,$dollars,28.54,28.54,7.81917808219178,xlsx:Metering!L15,Metering,L15
aer-consolidated-2026-27-v5/xlsx:Metering!L16,aer-consolidated-2026-27-v5,ausgrid,2026-27,aer_metering_sheet,Small business,,,,per_year,39.54,$dollars,39.54,39.54,10.8328767123288,xlsx:Metering!L16,Metering,L16
aer-consolidated-2026-27-v5/xlsx:Metering!L17,aer-consolidated-2026-27-v5,ausgrid,2026-27,aer_metering_sheet,Large Business,,,,per_year,57.40,$dollars,57.4,57.4,15.7260273972603,xlsx:Metering!L17,Metering,L17
aer-consolidated-2026-27-v5/xlsx:Metering!L18,aer-consolidated-2026-27-v5,ausgrid,2026-27,aer_metering_sheet,Controlled Load,,,,per_year,9.34,$dollars,9.34,9.34,2.55890410958904,xlsx:Metering!L18,Metering,L18
aer-consolidated-2026-27-v5/xlsx:Metering!L180,aer-consolidated-2026-27-v5,ergon,2026-27,aer_metering_sheet,SCS metering,,,,per_year,42.34,$dollars,42.34,42.34,11.6,xlsx:Metering!L180,Metering,L180
aer-consolidated-2026-27-v5/xlsx:Metering!L19,aer-consolidated-2026-27-v5,ausgrid,2026-27,aer_metering_sheet,Solar,,,,per_year,13.16,$dollars,13.16,13.16,3.60547945205479,xlsx:Metering!L19,Metering,L19
aer-consolidated-2026-27-v5/xlsx:Metering!L213,aer-consolidated-2026-27-v5,essential,2026-27,aer_metering_sheet,Metering,,,,per_year,63.34,$dollars,63.33847673127089,63.3384767312709,17.3530073236359,xlsx:Metering!L213,Metering,L213
aer-consolidated-2026-27-v5/xlsx:Metering!L246,aer-consolidated-2026-27-v5,evoenergy,2026-27,aer_metering_sheet,MP7: Quarterly manually-read interval metering capital rate,MP7,,,per_year,67.05,$dollars,67.05,67.05,18.3698630136986,xlsx:Metering!L246,Metering,L246
aer-consolidated-2026-27-v5/xlsx:Metering!L247,aer-consolidated-2026-27-v5,evoenergy,2026-27,aer_metering_sheet,MP8: Monthly non-interval metering capital rate,MP8,,,per_year,67.05,$dollars,67.05,67.05,18.3698630136986,xlsx:Metering!L247,Metering,L247
aer-consolidated-2026-27-v5/xlsx:Metering!L248,aer-consolidated-2026-27-v5,evoenergy,2026-27,aer_metering_sheet,MP9: Monthly multi-register non-interval metering capital rate,MP9,,,per_year,67.05,$dollars,67.05,67.05,18.3698630136986,xlsx:Metering!L248,Metering,L248
aer-consolidated-2026-27-v5/xlsx:Metering!L249,aer-consolidated-2026-27-v5,evoenergy,2026-27,aer_metering_sheet,MP10: Monthly manually-read interval metering capital rate,MP10,,,per_year,67.05,$dollars,67.05,67.05,18.3698630136986,xlsx:Metering!L249,Metering,L249
aer-consolidated-2026-27-v5/xlsx:Metering!L279,aer-consolidated-2026-27-v5,jemena,2026-27,aer_metering_sheet,1 phase,,,,per_year,64.07,$dollars,64.06790599686032,64.0679059968603,17.5528509580439,xlsx:Metering!L279,Metering,L279
aer-consolidated-2026-27-v5/xlsx:Metering!L280,aer-consolidated-2026-27-v5,jemena,2026-27,aer_metering_sheet,1 phase with contactor,,,,per_year,64.07,$dollars,64.06790599686032,64.0679059968603,17.5528509580439,xlsx:Metering!L280,Metering,L280
aer-consolidated-2026-27-v5/xlsx:Metering!L281,aer-consolidated-2026-27-v5,jemena,2026-27,aer_metering_sheet,3 phase DC,,,,per_year,78.22,$dollars,78.2190778764508,78.2190778764508,21.4298843497125,xlsx:Metering!L281,Metering,L281
aer-consolidated-2026-27-v5/xlsx:Metering!L282,aer-consolidated-2026-27-v5,jemena,2026-27,aer_metering_sheet,3 phase CT,,,,per_year,87.12,$dollars,87.11912096507564,87.1191209650756,23.8682523191988,xlsx:Metering!L282,Metering,L282
aer-consolidated-2026-27-v5/xlsx:Metering!L285,aer-consolidated-2026-27-v5,jemena,2026-27,aer_metering_sheet,Single Phase (inc. DC),,,,per_meter,206.54,$dollars,206.54,206.54,,xlsx:Metering!L285,Metering,L285
aer-consolidated-2026-27-v5/xlsx:Metering!L286,aer-consolidated-2026-27-v5,jemena,2026-27,aer_metering_sheet,"Single Phase, Two Element",,,,per_meter,215.31,$dollars,215.31,215.31,,xlsx:Metering!L286,Metering,L286
aer-consolidated-2026-27-v5/xlsx:Metering!L287,aer-consolidated-2026-27-v5,jemena,2026-27,aer_metering_sheet,Three Phase (inc. DC),,,,per_meter,248.67,$dollars,248.67,248.67,,xlsx:Metering!L287,Metering,L287
aer-consolidated-2026-27-v5/xlsx:Metering!L288,aer-consolidated-2026-27-v5,jemena,2026-27,aer_metering_sheet,Three Phase CT,,,,per_meter,318.70,$dollars,318.7,318.7,,xlsx:Metering!L288,Metering,L288
aer-consolidated-2026-27-v5/xlsx:Metering!L312,aer-consolidated-2026-27-v5,powerwater,2026-27,aer_metering_sheet,1 Phase Meters (including prepayment),,,,unstated,144.77,$dollars,144.77,144.77,,xlsx:Metering!L312,Metering,L312
aer-consolidated-2026-27-v5/xlsx:Metering!L313,aer-consolidated-2026-27-v5,powerwater,2026-27,aer_metering_sheet,3 Phase Meters,,,,unstated,191.80,$dollars,191.8,191.8,,xlsx:Metering!L313,Metering,L313
aer-consolidated-2026-27-v5/xlsx:Metering!L314,aer-consolidated-2026-27-v5,powerwater,2026-27,aer_metering_sheet,Dedicated CT and VT Meters,,,,unstated,765.41,$dollars,765.41,765.41,,xlsx:Metering!L314,Metering,L314
aer-consolidated-2026-27-v5/xlsx:Metering!L315,aer-consolidated-2026-27-v5,powerwater,2026-27,aer_metering_sheet,Dedicated CT and VT Meters,,,,unstated,2640.79,$dollars,2640.79,2640.79,,xlsx:Metering!L315,Metering,L315
aer-consolidated-2026-27-v5/xlsx:Metering!L345,aer-consolidated-2026-27-v5,powercor,2026-27,aer_metering_sheet,Single phase,,,,per_year,60.30,$dollars,60.3,60.3,16.5205479452055,xlsx:Metering!L345,Metering,L345
aer-consolidated-2026-27-v5/xlsx:Metering!L346,aer-consolidated-2026-27-v5,powercor,2026-27,aer_metering_sheet,3 phase DC,,,,per_year,64.60,$dollars,64.6,64.6,17.6986301369863,xlsx:Metering!L346,Metering,L346
aer-consolidated-2026-27-v5/xlsx:Metering!L347,aer-consolidated-2026-27-v5,powercor,2026-27,aer_metering_sheet,3 phase CT,,,,per_year,112.20,$dollars,112.2,112.2,30.7397260273973,xlsx:Metering!L347,Metering,L347
aer-consolidated-2026-27-v5/xlsx:Metering!L350,aer-consolidated-2026-27-v5,powercor,2026-27,aer_metering_sheet,AMI single phase,,,,per_meter,318.37,$dollars,318.37,318.37,,xlsx:Metering!L350,Metering,L350
aer-consolidated-2026-27-v5/xlsx:Metering!L351,aer-consolidated-2026-27-v5,powercor,2026-27,aer_metering_sheet,AMI three phase,,,,per_meter,376.90,$dollars,376.9,376.9,,xlsx:Metering!L351,Metering,L351
aer-consolidated-2026-27-v5/xlsx:Metering!L352,aer-consolidated-2026-27-v5,powercor,2026-27,aer_metering_sheet,AMI three phase current transformer,,,,per_meter,506.27,$dollars,506.27,506.27,,xlsx:Metering!L352,Metering,L352
aer-consolidated-2026-27-v5/xlsx:Metering!L353,aer-consolidated-2026-27-v5,powercor,2026-27,aer_metering_sheet,Basic or MRIM,,,,per_meter,55.57,$dollars,55.57,55.57,,xlsx:Metering!L353,Metering,L353
aer-consolidated-2026-27-v5/xlsx:Metering!L378,aer-consolidated-2026-27-v5,sapn,2026-27,aer_metering_sheet,Legacy metering services,,,,per_year,9.56,$dollars,9.5559,9.5559,2.61805479452055,xlsx:Metering!L378,Metering,L378
aer-consolidated-2026-27-v5/xlsx:Metering!L411,aer-consolidated-2026-27-v5,tasnetworks,2026-27,aer_metering_sheet,Business LV - Single phase,T04,,,unstated,17.93,$dollars,17.93,17.93,,xlsx:Metering!L411,Metering,L411
aer-consolidated-2026-27-v5/xlsx:Metering!L412,aer-consolidated-2026-27-v5,tasnetworks,2026-27,aer_metering_sheet,Business LV - Multi phase,T05,,,unstated,35.85,$dollars,35.85,35.85,,xlsx:Metering!L412,Metering,L412
aer-consolidated-2026-27-v5/xlsx:Metering!L413,aer-consolidated-2026-27-v5,tasnetworks,2026-27,aer_metering_sheet,Business LV - CT meters,T06,,,unstated,46.37,$dollars,46.37,46.37,,xlsx:Metering!L413,Metering,L413
aer-consolidated-2026-27-v5/xlsx:Metering!L414,aer-consolidated-2026-27-v5,tasnetworks,2026-27,aer_metering_sheet,Domestic LV - Single phase,T01,,,unstated,17.34,$dollars,17.34,17.34,,xlsx:Metering!L414,Metering,L414
aer-consolidated-2026-27-v5/xlsx:Metering!L415,aer-consolidated-2026-27-v5,tasnetworks,2026-27,aer_metering_sheet,Domestic LV - Multi phase,T02,,,unstated,35.96,$dollars,35.96,35.96,,xlsx:Metering!L415,Metering,L415
aer-consolidated-2026-27-v5/xlsx:Metering!L416,aer-consolidated-2026-27-v5,tasnetworks,2026-27,aer_metering_sheet,Domestic LV - CT meters,T03,,,unstated,44.50,$dollars,44.5,44.5,,xlsx:Metering!L416,Metering,L416
aer-consolidated-2026-27-v5/xlsx:Metering!L417,aer-consolidated-2026-27-v5,tasnetworks,2026-27,aer_metering_sheet,Other meters,T09,,,unstated,31.64,$dollars,31.64,31.64,,xlsx:Metering!L417,Metering,L417
aer-consolidated-2026-27-v5/xlsx:Metering!L444,aer-consolidated-2026-27-v5,unitedenergy,2026-27,aer_metering_sheet,Single phase,,,,per_year,45.63,$dollars,45.63,45.63,12.5013698630137,xlsx:Metering!L444,Metering,L444
aer-consolidated-2026-27-v5/xlsx:Metering!L445,aer-consolidated-2026-27-v5,unitedenergy,2026-27,aer_metering_sheet,1 phase with contactor,,,,per_year,45.63,$dollars,45.63,45.63,12.5013698630137,xlsx:Metering!L445,Metering,L445
aer-consolidated-2026-27-v5/xlsx:Metering!L446,aer-consolidated-2026-27-v5,unitedenergy,2026-27,aer_metering_sheet,3 phase DC,,,,per_year,51.45,$dollars,51.45,51.45,14.0958904109589,xlsx:Metering!L446,Metering,L446
aer-consolidated-2026-27-v5/xlsx:Metering!L447,aer-consolidated-2026-27-v5,unitedenergy,2026-27,aer_metering_sheet,3 phase CT,,,,per_year,54.57,$dollars,54.57,54.57,14.9506849315068,xlsx:Metering!L447,Metering,L447
aer-consolidated-2026-27-v5/xlsx:Metering!L449,aer-consolidated-2026-27-v5,unitedenergy,2026-27,aer_metering_sheet,AMI single phase,,,,per_meter,244.09,$dollars,244.09,244.09,,xlsx:Metering!L449,Metering,L449
aer-consolidated-2026-27-v5/xlsx:Metering!L450,aer-consolidated-2026-27-v5,unitedenergy,2026-27,aer_metering_sheet,AMI three phase,,,,per_meter,293.59,$dollars,293.59,293.59,,xlsx:Metering!L450,Metering,L450
aer-consolidated-2026-27-v5/xlsx:Metering!L451,aer-consolidated-2026-27-v5,unitedenergy,2026-27,aer_metering_sheet,AMI three phase current transformer,,,,per_meter,397.59,$dollars,397.59,397.59,,xlsx:Metering!L451,Metering,L451
aer-consolidated-2026-27-v5/xlsx:Metering!L452,aer-consolidated-2026-27-v5,unitedenergy,2026-27,aer_metering_sheet,Basic or MRIM,,,,per_meter,55.57,$dollars,55.57,55.57,,xlsx:Metering!L452,Metering,L452
aer-consolidated-2026-27-v5/xlsx:Metering!L48,aer-consolidated-2026-27-v5,ausnet,2026-27,aer_metering_sheet,"1 phase, 1 element",,,,per_year,39.73,$dollars,39.73223370348227,39.7322337034823,10.8855434804061,xlsx:Metering!L48,Metering,L48
aer-consolidated-2026-27-v5/xlsx:Metering!L49,aer-consolidated-2026-27-v5,ausnet,2026-27,aer_metering_sheet,"1 phase, 2 element",,,,per_year,48.04,$dollars,48.04151626348255,48.0415162634826,13.1620592502692,xlsx:Metering!L49,Metering,L49
aer-consolidated-2026-27-v5/xlsx:Metering!L50,aer-consolidated-2026-27-v5,ausnet,2026-27,aer_metering_sheet,Multiphase,,,,per_year,60.68,$dollars,60.68086779913692,60.6808677991369,16.6248952874348,xlsx:Metering!L50,Metering,L50
aer-consolidated-2026-27-v5/xlsx:Metering!L51,aer-consolidated-2026-27-v5,ausnet,2026-27,aer_metering_sheet,"Multiphase, CT",,,,per_year,63.79,$dollars,63.787221629497495,63.7872216294975,17.4759511313692,xlsx:Metering!L51,Metering,L51
aer-consolidated-2026-27-v5/xlsx:Metering!L52,aer-consolidated-2026-27-v5,ausnet,2026-27,aer_metering_sheet,"1 phase, 1 element - not providing smart meter benefits",,,,per_year,63.48,$dollars,63.47541855486599,63.475418554866,17.3905256314701,xlsx:Metering!L52,Metering,L52
aer-consolidated-2026-27-v5/xlsx:Metering!L53,aer-consolidated-2026-27-v5,ausnet,2026-27,aer_metering_sheet,Multiphase - not providing smart meter benefits,,,,per_year,76.74,$dollars,76.74462234137003,76.74462234137,21.0259239291425,xlsx:Metering!L53,Metering,L53
aer-consolidated-2026-27-v5/xlsx:Metering!L56,aer-consolidated-2026-27-v5,ausnet,2026-27,aer_metering_sheet,Single phase single element,,,,per_meter,210.62,$dollars,210.62,210.62,,xlsx:Metering!L56,Metering,L56
aer-consolidated-2026-27-v5/xlsx:Metering!L57,aer-consolidated-2026-27-v5,ausnet,2026-27,aer_metering_sheet,Single phase two element with contactor,,,,per_meter,216.46,$dollars,216.46,216.46,,xlsx:Metering!L57,Metering,L57
aer-consolidated-2026-27-v5/xlsx:Metering!L58,aer-consolidated-2026-27-v5,ausnet,2026-27,aer_metering_sheet,Multiphase,,,,per_meter,240.21,$dollars,240.21,240.21,,xlsx:Metering!L58,Metering,L58
aer-consolidated-2026-27-v5/xlsx:Metering!L59,aer-consolidated-2026-27-v5,ausnet,2026-27,aer_metering_sheet,Multiphase CT connected,,,,per_meter,391.71,$dollars,391.71,391.71,,xlsx:Metering!L59,Metering,L59
aer-consolidated-2026-27-v5/xlsx:Metering!L81,aer-consolidated-2026-27-v5,citipower,2026-27,aer_metering_sheet,Single phase,,,,per_year,50.40,$dollars,50.4,50.4,13.8082191780822,xlsx:Metering!L81,Metering,L81
aer-consolidated-2026-27-v5/xlsx:Metering!L82,aer-consolidated-2026-27-v5,citipower,2026-27,aer_metering_sheet,3 phase DC,,,,per_year,61.70,$dollars,61.7,61.7,16.9041095890411,xlsx:Metering!L82,Metering,L82
aer-consolidated-2026-27-v5/xlsx:Metering!L83,aer-consolidated-2026-27-v5,citipower,2026-27,aer_metering_sheet,3 phase CT,,,,per_year,77.80,$dollars,77.8,77.8,21.3150684931507,xlsx:Metering!L83,Metering,L83
aer-consolidated-2026-27-v5/xlsx:Metering!L86,aer-consolidated-2026-27-v5,citipower,2026-27,aer_metering_sheet,Single Phase,,,,per_meter,224.60,$dollars,224.6,224.6,,xlsx:Metering!L86,Metering,L86
aer-consolidated-2026-27-v5/xlsx:Metering!L87,aer-consolidated-2026-27-v5,citipower,2026-27,aer_metering_sheet,Three phase direct connected meter,,,,per_meter,276.03,$dollars,276.03,276.03,,xlsx:Metering!L87,Metering,L87
aer-consolidated-2026-27-v5/xlsx:Metering!L88,aer-consolidated-2026-27-v5,citipower,2026-27,aer_metering_sheet,Three phase CT connected meter,,,,per_meter,386.52,$dollars,386.52,386.52,,xlsx:Metering!L88,Metering,L88
aer-consolidated-2026-27-v5/xlsx:Metering!L89,aer-consolidated-2026-27-v5,citipower,2026-27,aer_metering_sheet,"Basic 
or 
MRIM",,,,per_meter,57.00,$dollars,57,57,,xlsx:Metering!L89,Metering,L89
aer-stakeholder-report-ausgrid-2024-25/xlsx:Tariff schedule!I7,aer-stakeholder-report-ausgrid-2024-25,ausgrid,2024-25,aer_tariff_schedule_1,Metering a,,,,unstated,0.00,,0,0,,xlsx:Tariff schedule!I7,Tariff schedule,I7
aer-stakeholder-report-ausnet-2024-25/xlsx:Tariff schedule!I10,aer-stakeholder-report-ausnet-2024-25,ausnet,2024-25,aer_tariff_schedule_1,"Multiphase, DC",,,,unstated,111.85,,111.85196472731677,111.851964727317,,xlsx:Tariff schedule!I10,Tariff schedule,I10
aer-stakeholder-report-ausnet-2024-25/xlsx:Tariff schedule!I11,aer-stakeholder-report-ausnet-2024-25,ausnet,2024-25,aer_tariff_schedule_1,"Multiphase, CT",,,,unstated,143.74,,143.74141970029441,143.741419700294,,xlsx:Tariff schedule!I11,Tariff schedule,I11
aer-stakeholder-report-ausnet-2024-25/xlsx:Tariff schedule!I7,aer-stakeholder-report-ausnet-2024-25,ausnet,2024-25,aer_tariff_schedule_1,"1 phase, 1 element",,,,unstated,71.18,,71.1839519246992,71.1839519246992,,xlsx:Tariff schedule!I7,Tariff schedule,I7
aer-stakeholder-report-ausnet-2024-25/xlsx:Tariff schedule!I8,aer-stakeholder-report-ausnet-2024-25,ausnet,2024-25,aer_tariff_schedule_1,"1 phase, 2 element",,,,unstated,83.72,,83.7247488241848,83.7247488241848,,xlsx:Tariff schedule!I8,Tariff schedule,I8
aer-stakeholder-report-ausnet-2024-25/xlsx:Tariff schedule!I9,aer-stakeholder-report-ausnet-2024-25,ausnet,2024-25,aer_tariff_schedule_1,Multiphase,,,,unstated,100.85,,100.8518943040537,100.851894304054,,xlsx:Tariff schedule!I9,Tariff schedule,I9
aer-stakeholder-report-citipower-2024-25/xlsx:Tariff schedule!I7,aer-stakeholder-report-citipower-2024-25,citipower,2024-25,aer_tariff_schedule_1,Single phase,,,,unstated,68.20,,68.2,68.2,,xlsx:Tariff schedule!I7,Tariff schedule,I7
aer-stakeholder-report-citipower-2024-25/xlsx:Tariff schedule!I8,aer-stakeholder-report-citipower-2024-25,citipower,2024-25,aer_tariff_schedule_1,3 phase DC,,,,unstated,84.00,,84,84,,xlsx:Tariff schedule!I8,Tariff schedule,I8
aer-stakeholder-report-citipower-2024-25/xlsx:Tariff schedule!I9,aer-stakeholder-report-citipower-2024-25,citipower,2024-25,aer_tariff_schedule_1,3 phase CT,,,,unstated,105.60,,105.6,105.6,,xlsx:Tariff schedule!I9,Tariff schedule,I9
aer-stakeholder-report-endeavour-2024-25/xlsx:Tariff schedule!I10,aer-stakeholder-report-endeavour-2024-25,endeavour,2024-25,aer_tariff_schedule_1,Metering - Prosumer,,,,unstated,0.00,,0,0,,xlsx:Tariff schedule!I10,Tariff schedule,I10
aer-stakeholder-report-endeavour-2024-25/xlsx:Tariff schedule!I11,aer-stakeholder-report-endeavour-2024-25,endeavour,2024-25,aer_tariff_schedule_1,Metering - Storage,,,,unstated,12.42,,12.419125,12.419125,,xlsx:Tariff schedule!I11,Tariff schedule,I11
aer-stakeholder-report-endeavour-2024-25/xlsx:Tariff schedule!I12,aer-stakeholder-report-endeavour-2024-25,endeavour,2024-25,aer_tariff_schedule_1,Metering - Off Peak+,,,,unstated,12.42,,12.419125,12.419125,,xlsx:Tariff schedule!I12,Tariff schedule,I12
aer-stakeholder-report-endeavour-2024-25/xlsx:Tariff schedule!I7,aer-stakeholder-report-endeavour-2024-25,endeavour,2024-25,aer_tariff_schedule_1,Metering - Residential,,,,unstated,12.42,,12.419125,12.419125,,xlsx:Tariff schedule!I7,Tariff schedule,I7
aer-stakeholder-report-endeavour-2024-25/xlsx:Tariff schedule!I8,aer-stakeholder-report-endeavour-2024-25,endeavour,2024-25,aer_tariff_schedule_1,Metering - General Supply,,,,unstated,12.42,,12.419125,12.419125,,xlsx:Tariff schedule!I8,Tariff schedule,I8
aer-stakeholder-report-endeavour-2024-25/xlsx:Tariff schedule!I9,aer-stakeholder-report-endeavour-2024-25,endeavour,2024-25,aer_tariff_schedule_1,Metering - Control Load,,,,unstated,12.42,,12.419125,12.419125,,xlsx:Tariff schedule!I9,Tariff schedule,I9
aer-stakeholder-report-energex-2024-25/xlsx:Tariff schedule!I7,aer-stakeholder-report-energex-2024-25,energex,2024-25,aer_tariff_schedule_1,Metering a,,,,unstated,0.00,,0,0,,xlsx:Tariff schedule!I7,Tariff schedule,I7
aer-stakeholder-report-ergon-2024-25/xlsx:Tariff schedule!I7,aer-stakeholder-report-ergon-2024-25,ergon,2024-25,aer_tariff_schedule_1,Metering a,,,,unstated,0.00,,0,0,,xlsx:Tariff schedule!I7,Tariff schedule,I7
aer-stakeholder-report-essential-2024-25/xlsx:Tariff schedule!I7,aer-stakeholder-report-essential-2024-25,essential,2024-25,aer_tariff_schedule_1,Metering,,,,unstated,60.61,,60.60880246834354,60.6088024683435,,xlsx:Tariff schedule!I7,Tariff schedule,I7
aer-stakeholder-report-jemena-2024-25/xlsx:Tariff schedule!I10,aer-stakeholder-report-jemena-2024-25,jemena,2024-25,aer_tariff_schedule_1,3 phase CT,,,,unstated,84.28,,84.28,84.28,,xlsx:Tariff schedule!I10,Tariff schedule,I10
aer-stakeholder-report-jemena-2024-25/xlsx:Tariff schedule!I7,aer-stakeholder-report-jemena-2024-25,jemena,2024-25,aer_tariff_schedule_1,1 phase,,,,unstated,61.98,,61.98,61.98,,xlsx:Tariff schedule!I7,Tariff schedule,I7
aer-stakeholder-report-jemena-2024-25/xlsx:Tariff schedule!I8,aer-stakeholder-report-jemena-2024-25,jemena,2024-25,aer_tariff_schedule_1,1 phase with contactor,,,,unstated,61.98,,61.98,61.98,,xlsx:Tariff schedule!I8,Tariff schedule,I8
aer-stakeholder-report-jemena-2024-25/xlsx:Tariff schedule!I9,aer-stakeholder-report-jemena-2024-25,jemena,2024-25,aer_tariff_schedule_1,3 phase DC,,,,unstated,75.67,,75.67,75.67,,xlsx:Tariff schedule!I9,Tariff schedule,I9
aer-stakeholder-report-powercor-2024-25/xlsx:Tariff schedule!I7,aer-stakeholder-report-powercor-2024-25,powercor,2024-25,aer_tariff_schedule_1,Single phase,,,,unstated,67.00,,67,67,,xlsx:Tariff schedule!I7,Tariff schedule,I7
aer-stakeholder-report-powercor-2024-25/xlsx:Tariff schedule!I8,aer-stakeholder-report-powercor-2024-25,powercor,2024-25,aer_tariff_schedule_1,3 phase DC,,,,unstated,74.20,,74.2,74.2,,xlsx:Tariff schedule!I8,Tariff schedule,I8
aer-stakeholder-report-powercor-2024-25/xlsx:Tariff schedule!I9,aer-stakeholder-report-powercor-2024-25,powercor,2024-25,aer_tariff_schedule_1,3 phase CT,,,,unstated,125.00,,125,125,,xlsx:Tariff schedule!I9,Tariff schedule,I9
aer-stakeholder-report-tasnetworks-2024-25/xlsx:Tariff schedule!I7,aer-stakeholder-report-tasnetworks-2024-25,tasnetworks,2024-25,aer_tariff_schedule_1,Metering a,,,,unstated,0.00,,0,0,,xlsx:Tariff schedule!I7,Tariff schedule,I7
aer-stakeholder-report-unitedenergy-2024-25/xlsx:Tariff schedule!I10,aer-stakeholder-report-unitedenergy-2024-25,unitedenergy,2024-25,aer_tariff_schedule_1,3 phase CT,,,,unstated,57.63,,57.629999999999995,57.63,,xlsx:Tariff schedule!I10,Tariff schedule,I10
aer-stakeholder-report-unitedenergy-2024-25/xlsx:Tariff schedule!I7,aer-stakeholder-report-unitedenergy-2024-25,unitedenergy,2024-25,aer_tariff_schedule_1,Single phase,,,,unstated,48.20,,48.2,48.2,,xlsx:Tariff schedule!I7,Tariff schedule,I7
aer-stakeholder-report-unitedenergy-2024-25/xlsx:Tariff schedule!I8,aer-stakeholder-report-unitedenergy-2024-25,unitedenergy,2024-25,aer_tariff_schedule_1,1 phase with contactor,,,,unstated,48.20,,48.2,48.2,,xlsx:Tariff schedule!I8,Tariff schedule,I8
aer-stakeholder-report-unitedenergy-2024-25/xlsx:Tariff schedule!I9,aer-stakeholder-report-unitedenergy-2024-25,unitedenergy,2024-25,aer_tariff_schedule_1,3 phase DC,,,,unstated,54.34,,54.339999999999996,54.34,,xlsx:Tariff schedule!I9,Tariff schedule,I9
energex-network-price-list-2025-26-sch8-wayback/xlsx:SAC Large!D64,energex-network-price-list-2025-26-sch8-wayback,energex,2025-26,distributor_metering_block,Large (>100MWh pa),7200,energex:7200,Fixed Charge,per_day,0.121,$/day,0.121,0.121,12.1,xlsx:SAC Large!D64,SAC Large,D64
energex-network-price-list-2025-26-sch8-wayback/xlsx:SAC Large!D65,energex-network-price-list-2025-26-sch8-wayback,energex,2025-26,distributor_metering_block,Large (>100MWh pa),8300,energex:8300,Fixed Charge,per_day,0.121,$/day,0.121,0.121,12.1,xlsx:SAC Large!D65,SAC Large,D65
energex-network-price-list-2025-26-sch8-wayback/xlsx:SAC Large!D66,energex-network-price-list-2025-26-sch8-wayback,energex,2025-26,distributor_metering_block,Large (>100MWh pa),6700,energex:6700,Fixed Charge,per_day,0.121,$/day,0.121,0.121,12.1,xlsx:SAC Large!D66,SAC Large,D66
energex-network-price-list-2025-26-sch8-wayback/xlsx:SAC Large!D67,energex-network-price-list-2025-26-sch8-wayback,energex,2025-26,distributor_metering_block,Large (>100MWh pa),94300,energex:94300,Fixed Charge,per_day,0.121,$/day,0.121,0.121,12.1,xlsx:SAC Large!D67,SAC Large,D67
energex-network-price-list-2025-26-sch8-wayback/xlsx:SAC Large!D69,energex-network-price-list-2025-26-sch8-wayback,energex,2025-26,distributor_metering_block,Storage,94000,energex:94000,Fixed Charge,per_day,0.121,$/day,0.121,0.121,12.1,xlsx:SAC Large!D69,SAC Large,D69
energex-network-price-list-2025-26-sch8-wayback/xlsx:SAC Large!D71,energex-network-price-list-2025-26-sch8-wayback,energex,2025-26,distributor_metering_block,Large Controlled Load (>100MWh pa),5800,energex:5800,Fixed Charge,per_day,0.121,$/day,0.121,0.121,12.1,xlsx:SAC Large!D71,SAC Large,D71
energex-network-price-list-2025-26-sch8-wayback/xlsx:SACS Business!D64,energex-network-price-list-2025-26-sch8-wayback,energex,2025-26,distributor_metering_block,Small Business (<100MWh pa),6800,energex:6800,Fixed Charge,per_day,0.121,$/day,0.121,0.121,12.1,xlsx:SACS Business!D64,SACS Business,D64
energex-network-price-list-2025-26-sch8-wayback/xlsx:SACS Business!D65,energex-network-price-list-2025-26-sch8-wayback,energex,2025-26,distributor_metering_block,Small Business (<100MWh pa),3800,energex:3800,Fixed Charge,per_day,0.121,$/day,0.121,0.121,12.1,xlsx:SACS Business!D65,SACS Business,D65
energex-network-price-list-2025-26-sch8-wayback/xlsx:SACS Business!D66,energex-network-price-list-2025-26-sch8-wayback,energex,2025-26,distributor_metering_block,Small Business (<100MWh pa),8500,energex:8500,Fixed Charge,per_day,0.121,$/day,0.121,0.121,12.1,xlsx:SACS Business!D66,SACS Business,D66
energex-network-price-list-2025-26-sch8-wayback/xlsx:SACS Business!D68,energex-network-price-list-2025-26-sch8-wayback,energex,2025-26,distributor_metering_block,Controlled load (<100MWh pa),5700,energex:5700,Fixed Charge,per_day,0.121,$/day,0.121,0.121,12.1,xlsx:SACS Business!D68,SACS Business,D68
energex-network-price-list-2025-26-sch8-wayback/xlsx:SACS Residential!D52,energex-network-price-list-2025-26-sch8-wayback,energex,2025-26,distributor_metering_block,Residential (<100MWh pa),6900,energex:6900,Fixed Charge,per_day,0.121,$/day,0.121,0.121,12.1,xlsx:SACS Residential!D52,SACS Residential,D52
energex-network-price-list-2025-26-sch8-wayback/xlsx:SACS Residential!D53,energex-network-price-list-2025-26-sch8-wayback,energex,2025-26,distributor_metering_block,Residential (<100MWh pa),3900,energex:3900,Fixed Charge,per_day,0.121,$/day,0.121,0.121,12.1,xlsx:SACS Residential!D53,SACS Residential,D53
energex-network-price-list-2025-26-sch8-wayback/xlsx:SACS Residential!D54,energex-network-price-list-2025-26-sch8-wayback,energex,2025-26,distributor_metering_block,Residential (<100MWh pa),8400,energex:8400,Fixed Charge,per_day,0.121,$/day,0.121,0.121,12.1,xlsx:SACS Residential!D54,SACS Residential,D54
energex-network-price-list-2025-26-sch8-wayback/xlsx:Tariff Trials!D48,energex-network-price-list-2025-26-sch8-wayback,energex,2025-26,distributor_metering_block,Primary,94100,energex:94100,Fixed Charge,per_day,0.000,$/day,0,0,0,xlsx:Tariff Trials!D48,Tariff Trials,D48
energex-network-price-list-2026-27-sch8-wayback/xlsx:SAC Large!D64,energex-network-price-list-2026-27-sch8-wayback,energex,2026-27,distributor_metering_block,Large (>100MWh pa),7200,energex:7200,Fixed Charge,per_day,0.123,$/day,0.123,0.123,12.3,xlsx:SAC Large!D64,SAC Large,D64
energex-network-price-list-2026-27-sch8-wayback/xlsx:SAC Large!D65,energex-network-price-list-2026-27-sch8-wayback,energex,2026-27,distributor_metering_block,Large (>100MWh pa),8300,energex:8300,Fixed Charge,per_day,0.123,$/day,0.123,0.123,12.3,xlsx:SAC Large!D65,SAC Large,D65
energex-network-price-list-2026-27-sch8-wayback/xlsx:SAC Large!D66,energex-network-price-list-2026-27-sch8-wayback,energex,2026-27,distributor_metering_block,Large (>100MWh pa),6700,energex:6700,Fixed Charge,per_day,0.123,$/day,0.123,0.123,12.3,xlsx:SAC Large!D66,SAC Large,D66
energex-network-price-list-2026-27-sch8-wayback/xlsx:SAC Large!D67,energex-network-price-list-2026-27-sch8-wayback,energex,2026-27,distributor_metering_block,Large (>100MWh pa),94300,energex:94300,Fixed Charge,per_day,0.123,$/day,0.123,0.123,12.3,xlsx:SAC Large!D67,SAC Large,D67
energex-network-price-list-2026-27-sch8-wayback/xlsx:SAC Large!D69,energex-network-price-list-2026-27-sch8-wayback,energex,2026-27,distributor_metering_block,Storage,94000,energex:94000,Fixed Charge,per_day,0.123,$/day,0.123,0.123,12.3,xlsx:SAC Large!D69,SAC Large,D69
energex-network-price-list-2026-27-sch8-wayback/xlsx:SAC Large!D71,energex-network-price-list-2026-27-sch8-wayback,energex,2026-27,distributor_metering_block,Large Controlled Load (>100MWh pa),5800,energex:5800,Fixed Charge,per_day,0.123,$/day,0.123,0.123,12.3,xlsx:SAC Large!D71,SAC Large,D71
energex-network-price-list-2026-27-sch8-wayback/xlsx:SACS Business!D64,energex-network-price-list-2026-27-sch8-wayback,energex,2026-27,distributor_metering_block,Small Business (<100MWh pa),6800,energex:6800,Fixed Charge,per_day,0.123,$/day,0.123,0.123,12.3,xlsx:SACS Business!D64,SACS Business,D64
energex-network-price-list-2026-27-sch8-wayback/xlsx:SACS Business!D65,energex-network-price-list-2026-27-sch8-wayback,energex,2026-27,distributor_metering_block,Small Business (<100MWh pa),3800,energex:3800,Fixed Charge,per_day,0.123,$/day,0.123,0.123,12.3,xlsx:SACS Business!D65,SACS Business,D65
energex-network-price-list-2026-27-sch8-wayback/xlsx:SACS Business!D66,energex-network-price-list-2026-27-sch8-wayback,energex,2026-27,distributor_metering_block,Small Business (<100MWh pa),8500,energex:8500,Fixed Charge,per_day,0.123,$/day,0.123,0.123,12.3,xlsx:SACS Business!D66,SACS Business,D66
energex-network-price-list-2026-27-sch8-wayback/xlsx:SACS Business!D68,energex-network-price-list-2026-27-sch8-wayback,energex,2026-27,distributor_metering_block,Controlled load (<100MWh pa),5700,energex:5700,Fixed Charge,per_day,0.123,$/day,0.123,0.123,12.3,xlsx:SACS Business!D68,SACS Business,D68
energex-network-price-list-2026-27-sch8-wayback/xlsx:SACS Residential!D52,energex-network-price-list-2026-27-sch8-wayback,energex,2026-27,distributor_metering_block,Residential (<100MWh pa),6900,energex:6900,Fixed Charge,per_day,0.123,$/day,0.123,0.123,12.3,xlsx:SACS Residential!D52,SACS Residential,D52
energex-network-price-list-2026-27-sch8-wayback/xlsx:SACS Residential!D53,energex-network-price-list-2026-27-sch8-wayback,energex,2026-27,distributor_metering_block,Residential (<100MWh pa),3900,energex:3900,Fixed Charge,per_day,0.123,$/day,0.123,0.123,12.3,xlsx:SACS Residential!D53,SACS Residential,D53
energex-network-price-list-2026-27-sch8-wayback/xlsx:SACS Residential!D54,energex-network-price-list-2026-27-sch8-wayback,energex,2026-27,distributor_metering_block,Residential (<100MWh pa),8400,energex:8400,Fixed Charge,per_day,0.123,$/day,0.123,0.123,12.3,xlsx:SACS Residential!D54,SACS Residential,D54
energex-network-price-list-2026-27-sch8-wayback/xlsx:Tariff Trials!D44,energex-network-price-list-2026-27-sch8-wayback,energex,2026-27,distributor_metering_block,SAC,96200,energex:96200,Fixed Charge,per_day,0.000,$/day,0,0,0,xlsx:Tariff Trials!D44,Tariff Trials,D44
energex-network-price-list-2026-27-sch8-wayback/xlsx:Tariff Trials!D45,energex-network-price-list-2026-27-sch8-wayback,energex,2026-27,distributor_metering_block,SAC,94500,energex:94500,Fixed Charge,per_day,0.000,$/day,0,0,0,xlsx:Tariff Trials!D45,Tariff Trials,D45
ergon-network-price-list-2025-26-sch8-wayback/xlsx:SAC Large!E120,ergon-network-price-list-2025-26-sch8-wayback,ergon,2025-26,distributor_metering_block,Large (>100MWh pa),ELTOUDT1,ergon:ELTOUDT1,Fixed Charge,per_day,0.115,$/day,0.115,0.115,11.5,xlsx:SAC Large!E120,SAC Large,E120
ergon-network-price-list-2025-26-sch8-wayback/xlsx:SAC Large!E121,ergon-network-price-list-2025-26-sch8-wayback,ergon,2025-26,distributor_metering_block,Large (>100MWh pa),WLTOUDT1,ergon:WLTOUDT1,Fixed Charge,per_day,0.115,$/day,0.115,0.115,11.5,xlsx:SAC Large!E121,SAC Large,E121
ergon-network-price-list-2025-26-sch8-wayback/xlsx:SAC Large!E122,ergon-network-price-list-2025-26-sch8-wayback,ergon,2025-26,distributor_metering_block,Large (>100MWh pa),MLTOUDT4,ergon:MLTOUDT4,Fixed Charge,per_day,0.115,$/day,0.115,0.115,11.5,xlsx:SAC Large!E122,SAC Large,E122
ergon-network-price-list-2025-26-sch8-wayback/xlsx:SAC Large!E123,ergon-network-price-list-2025-26-sch8-wayback,ergon,2025-26,distributor_metering_block,Large (>100MWh pa),EDSTT1,ergon:EDSTT1,Fixed Charge,per_day,0.115,$/day,0.115,0.115,11.5,xlsx:SAC Large!E123,SAC Large,E123
ergon-network-price-list-2025-26-sch8-wayback/xlsx:SAC Large!E124,ergon-network-price-list-2025-26-sch8-wayback,ergon,2025-26,distributor_metering_block,Large (>100MWh pa),WDSTT1,ergon:WDSTT1,Fixed Charge,per_day,0.115,$/day,0.115,0.115,11.5,xlsx:SAC Large!E124,SAC Large,E124
ergon-network-price-list-2025-26-sch8-wayback/xlsx:SAC Large!E125,ergon-network-price-list-2025-26-sch8-wayback,ergon,2025-26,distributor_metering_block,Large (>100MWh pa),MDSTT4,ergon:MDSTT4,Fixed Charge,per_day,0.115,$/day,0.115,0.115,11.5,xlsx:SAC Large!E125,SAC Large,E125
ergon-network-price-list-2025-26-sch8-wayback/xlsx:SAC Large!E126,ergon-network-price-list-2025-26-sch8-wayback,ergon,2025-26,distributor_metering_block,Large (>100MWh pa),EBESTT1,ergon:EBESTT1,Fixed Charge,per_day,0.115,$/day,0.115,0.115,11.5,xlsx:SAC Large!E126,SAC Large,E126
ergon-network-price-list-2025-26-sch8-wayback/xlsx:SAC Large!E127,ergon-network-price-list-2025-26-sch8-wayback,ergon,2025-26,distributor_metering_block,Large (>100MWh pa),WBESTT1,ergon:WBESTT1,Fixed Charge,per_day,0.115,$/day,0.115,0.115,11.5,xlsx:SAC Large!E127,SAC Large,E127
ergon-network-price-list-2025-26-sch8-wayback/xlsx:SAC Large!E128,ergon-network-price-list-2025-26-sch8-wayback,ergon,2025-26,distributor_metering_block,Large (>100MWh pa),MBESTT4,ergon:MBESTT4,Fixed Charge,per_day,0.115,$/day,0.115,0.115,11.5,xlsx:SAC Large!E128,SAC Large,E128
ergon-network-price-list-2025-26-sch8-wayback/xlsx:SAC Large!E129,ergon-network-price-list-2025-26-sch8-wayback,ergon,2025-26,distributor_metering_block,Large (>100MWh pa),ELTOUET1,ergon:ELTOUET1,Fixed Charge,per_day,0.115,$/day,0.115,0.115,11.5,xlsx:SAC Large!E129,SAC Large,E129
ergon-network-price-list-2025-26-sch8-wayback/xlsx:SAC Large!E130,ergon-network-price-list-2025-26-sch8-wayback,ergon,2025-26,distributor_metering_block,Large (>100MWh pa),WLTOUET1,ergon:WLTOUET1,Fixed Charge,per_day,0.115,$/day,0.115,0.115,11.5,xlsx:SAC Large!E130,SAC Large,E130
ergon-network-price-list-2025-26-sch8-wayback/xlsx:SAC Large!E131,ergon-network-price-list-2025-26-sch8-wayback,ergon,2025-26,distributor_metering_block,Large (>100MWh pa),MLTOUET4,ergon:MLTOUET4,Fixed Charge,per_day,0.115,$/day,0.115,0.115,11.5,xlsx:SAC Large!E131,SAC Large,E131
ergon-network-price-list-2025-26-sch8-wayback/xlsx:SAC Large!E133,ergon-network-price-list-2025-26-sch8-wayback,ergon,2025-26,distributor_metering_block,Storage,ELFLEXT1,ergon:ELFLEXT1,Fixed Charge,per_day,0.115,$/day,0.115,0.115,11.5,xlsx:SAC Large!E133,SAC Large,E133
ergon-network-price-list-2025-26-sch8-wayback/xlsx:SAC Large!E134,ergon-network-price-list-2025-26-sch8-wayback,ergon,2025-26,distributor_metering_block,Storage,WLFLEXT1,ergon:WLFLEXT1,Fixed Charge,per_day,0.115,$/day,0.115,0.115,11.5,xlsx:SAC Large!E134,SAC Large,E134
ergon-network-price-list-2025-26-sch8-wayback/xlsx:SAC Large!E135,ergon-network-price-list-2025-26-sch8-wayback,ergon,2025-26,distributor_metering_block,Storage,MLFLEXT4,ergon:MLFLEXT4,Fixed Charge,per_day,0.115,$/day,0.115,0.115,11.5,xlsx:SAC Large!E135,SAC Large,E135
ergon-network-price-list-2025-26-sch8-wayback/xlsx:SAC Large!E137,ergon-network-price-list-2025-26-sch8-wayback,ergon,2025-26,distributor_metering_block,Large Controlled Load (>100MWh pa),ELPLCT1,ergon:ELPLCT1,Fixed Charge,per_day,0.115,$/day,0.115,0.115,11.5,xlsx:SAC Large!E137,SAC Large,E137
ergon-network-price-list-2025-26-sch8-wayback/xlsx:SAC Large!E138,ergon-network-price-list-2025-26-sch8-wayback,ergon,2025-26,distributor_metering_block,Large Controlled Load (>100MWh pa),WLPLCT1,ergon:WLPLCT1,Fixed Charge,per_day,0.115,$/day,0.115,0.115,11.5,xlsx:SAC Large!E138,SAC Large,E138
ergon-network-price-list-2025-26-sch8-wayback/xlsx:SAC Large!E139,ergon-network-price-list-2025-26-sch8-wayback,ergon,2025-26,distributor_metering_block,Large Controlled Load (>100MWh pa),MLPLCT4,ergon:MLPLCT4,Fixed Charge,per_day,0.115,$/day,0.115,0.115,11.5,xlsx:SAC Large!E139,SAC Large,E139
ergon-network-price-list-2025-26-sch8-wayback/xlsx:SACS Business!E132,ergon-network-price-list-2025-26-sch8-wayback,ergon,2025-26,distributor_metering_block,Small Business (<100MWh pa),EBTOUET1,ergon:EBTOUET1,Fixed Charge,per_day,0.115,$/day,0.115,0.115,11.5,xlsx:SACS Business!E132,SACS Business,E132
ergon-network-price-list-2025-26-sch8-wayback/xlsx:SACS Business!E133,ergon-network-price-list-2025-26-sch8-wayback,ergon,2025-26,distributor_metering_block,Small Business (<100MWh pa),WBTOUET1,ergon:WBTOUET1,Fixed Charge,per_day,0.115,$/day,0.115,0.115,11.5,xlsx:SACS Business!E133,SACS Business,E133
ergon-network-price-list-2025-26-sch8-wayback/xlsx:SACS Business!E134,ergon-network-price-list-2025-26-sch8-wayback,ergon,2025-26,distributor_metering_block,Small Business (<100MWh pa),MBTOUET4,ergon:MBTOUET4,Fixed Charge,per_day,0.115,$/day,0.115,0.115,11.5,xlsx:SACS Business!E134,SACS Business,E134
ergon-network-price-list-2025-26-sch8-wayback/xlsx:SACS Business!E135,ergon-network-price-list-2025-26-sch8-wayback,ergon,2025-26,distributor_metering_block,Small Business (<100MWh pa),EBTDEMT1,ergon:EBTDEMT1,Fixed Charge,per_day,0.115,$/day,0.115,0.115,11.5,xlsx:SACS Business!E135,SACS Business,E135
ergon-network-price-list-2025-26-sch8-wayback/xlsx:SACS Business!E136,ergon-network-price-list-2025-26-sch8-wayback,ergon,2025-26,distributor_metering_block,Small Business (<100MWh pa),WBTDEMT1,ergon:WBTDEMT1,Fixed Charge,per_day,0.115,$/day,0.115,0.115,11.5,xlsx:SACS Business!E136,SACS Business,E136
ergon-network-price-list-2025-26-sch8-wayback/xlsx:SACS Business!E137,ergon-network-price-list-2025-26-sch8-wayback,ergon,2025-26,distributor_metering_block,Small Business (<100MWh pa),MBTDEMT4,ergon:MBTDEMT4,Fixed Charge,per_day,0.115,$/day,0.115,0.115,11.5,xlsx:SACS Business!E137,SACS Business,E137
ergon-network-price-list-2025-26-sch8-wayback/xlsx:SACS Business!E138,ergon-network-price-list-2025-26-sch8-wayback,ergon,2025-26,distributor_metering_block,Small Business (<100MWh pa),EBIBT1,ergon:EBIBT1,Fixed Charge,per_day,0.115,$/day,0.115,0.115,11.5,xlsx:SACS Business!E138,SACS Business,E138
ergon-network-price-list-2025-26-sch8-wayback/xlsx:SACS Business!E139,ergon-network-price-list-2025-26-sch8-wayback,ergon,2025-26,distributor_metering_block,Small Business (<100MWh pa),WBIBT1,ergon:WBIBT1,Fixed Charge,per_day,0.115,$/day,0.115,0.115,11.5,xlsx:SACS Business!E139,SACS Business,E139
ergon-network-price-list-2025-26-sch8-wayback/xlsx:SACS Business!E140,ergon-network-price-list-2025-26-sch8-wayback,ergon,2025-26,distributor_metering_block,Small Business (<100MWh pa),MBIBT4,ergon:MBIBT4,Fixed Charge,per_day,0.115,$/day,0.115,0.115,11.5,xlsx:SACS Business!E140,SACS Business,E140
ergon-network-price-list-2025-26-sch8-wayback/xlsx:SACS Business!E141,ergon-network-price-list-2025-26-sch8-wayback,ergon,2025-26,distributor_metering_block,Small Business (<100MWh pa),EBFRMT1,ergon:EBFRMT1,Fixed Charge,per_day,0.115,$/day,0.115,0.115,11.5,xlsx:SACS Business!E141,SACS Business,E141
ergon-network-price-list-2025-26-sch8-wayback/xlsx:SACS Business!E142,ergon-network-price-list-2025-26-sch8-wayback,ergon,2025-26,distributor_metering_block,Small Business (<100MWh pa),EBIRRT1,ergon:EBIRRT1,Fixed Charge,per_day,0.115,$/day,0.115,0.115,11.5,xlsx:SACS Business!E142,SACS Business,E142
ergon-network-price-list-2025-26-sch8-wayback/xlsx:SACS Business!E143,ergon-network-price-list-2025-26-sch8-wayback,ergon,2025-26,distributor_metering_block,Small Business (<100MWh pa),EBPMPT1,ergon:EBPMPT1,Fixed Charge,per_day,0.115,$/day,0.115,0.115,11.5,xlsx:SACS Business!E143,SACS Business,E143
ergon-network-price-list-2025-26-sch8-wayback/xlsx:SACS Business!E145,ergon-network-price-list-2025-26-sch8-wayback,ergon,2025-26,distributor_metering_block,Controlled load (<100MWh pa),EBPLCT1,ergon:EBPLCT1,Fixed Charge,per_day,0.115,$/day,0.115,0.115,11.5,xlsx:SACS Business!E145,SACS Business,E145
ergon-network-price-list-2025-26-sch8-wayback/xlsx:SACS Business!E146,ergon-network-price-list-2025-26-sch8-wayback,ergon,2025-26,distributor_metering_block,Controlled load (<100MWh pa),WBPLCT1,ergon:WBPLCT1,Fixed Charge,per_day,0.115,$/day,0.115,0.115,11.5,xlsx:SACS Business!E146,SACS Business,E146
ergon-network-price-list-2025-26-sch8-wayback/xlsx:SACS Business!E147,ergon-network-price-list-2025-26-sch8-wayback,ergon,2025-26,distributor_metering_block,Controlled load (<100MWh pa),MBPLCT4,ergon:MBPLCT4,Fixed Charge,per_day,0.115,$/day,0.115,0.115,11.5,xlsx:SACS Business!E147,SACS Business,E147
ergon-network-price-list-2025-26-sch8-wayback/xlsx:SACS Residential!E100,ergon-network-price-list-2025-26-sch8-wayback,ergon,2025-26,distributor_metering_block,Residential (<100MWh pa),MRIBT4,ergon:MRIBT4,Fixed Charge,per_day,0.115,$/day,0.115,0.115,11.5,xlsx:SACS Residential!E100,SACS Residential,E100
ergon-network-price-list-2025-26-sch8-wayback/xlsx:SACS Residential!E92,ergon-network-price-list-2025-26-sch8-wayback,ergon,2025-26,distributor_metering_block,Residential (<100MWh pa),ERTOUET1,ergon:ERTOUET1,Fixed Charge,per_day,0.115,$/day,0.115,0.115,11.5,xlsx:SACS Residential!E92,SACS Residential,E92
ergon-network-price-list-2025-26-sch8-wayback/xlsx:SACS Residential!E93,ergon-network-price-list-2025-26-sch8-wayback,ergon,2025-26,distributor_metering_block,Residential (<100MWh pa),WRTOUET1,ergon:WRTOUET1,Fixed Charge,per_day,0.115,$/day,0.115,0.115,11.5,xlsx:SACS Residential!E93,SACS Residential,E93
ergon-network-price-list-2025-26-sch8-wayback/xlsx:SACS Residential!E94,ergon-network-price-list-2025-26-sch8-wayback,ergon,2025-26,distributor_metering_block,Residential (<100MWh pa),MRTOUET4,ergon:MRTOUET4,Fixed Charge,per_day,0.115,$/day,0.115,0.115,11.5,xlsx:SACS Residential!E94,SACS Residential,E94
ergon-network-price-list-2025-26-sch8-wayback/xlsx:SACS Residential!E95,ergon-network-price-list-2025-26-sch8-wayback,ergon,2025-26,distributor_metering_block,Residential (<100MWh pa),ERTDEMT1,ergon:ERTDEMT1,Fixed Charge,per_day,0.115,$/day,0.115,0.115,11.5,xlsx:SACS Residential!E95,SACS Residential,E95
ergon-network-price-list-2025-26-sch8-wayback/xlsx:SACS Residential!E96,ergon-network-price-list-2025-26-sch8-wayback,ergon,2025-26,distributor_metering_block,Residential (<100MWh pa),WRTDEMT1,ergon:WRTDEMT1,Fixed Charge,per_day,0.115,$/day,0.115,0.115,11.5,xlsx:SACS Residential!E96,SACS Residential,E96
ergon-network-price-list-2025-26-sch8-wayback/xlsx:SACS Residential!E97,ergon-network-price-list-2025-26-sch8-wayback,ergon,2025-26,distributor_metering_block,Residential (<100MWh pa),MRTDEMT4,ergon:MRTDEMT4,Fixed Charge,per_day,0.115,$/day,0.115,0.115,11.5,xlsx:SACS Residential!E97,SACS Residential,E97
ergon-network-price-list-2025-26-sch8-wayback/xlsx:SACS Residential!E98,ergon-network-price-list-2025-26-sch8-wayback,ergon,2025-26,distributor_metering_block,Residential (<100MWh pa),ERIBT1,ergon:ERIBT1,Fixed Charge,per_day,0.115,$/day,0.115,0.115,11.5,xlsx:SACS Residential!E98,SACS Residential,E98
ergon-network-price-list-2025-26-sch8-wayback/xlsx:SACS Residential!E99,ergon-network-price-list-2025-26-sch8-wayback,ergon,2025-26,distributor_metering_block,Residential (<100MWh pa),WRIBT1,ergon:WRIBT1,Fixed Charge,per_day,0.115,$/day,0.115,0.115,11.5,xlsx:SACS Residential!E99,SACS Residential,E99
ergon-network-price-list-2025-26-sch8-wayback/xlsx:Tariff Trials!E48,ergon-network-price-list-2025-26-sch8-wayback,ergon,2025-26,distributor_metering_block,Primary,ESPRCET1,ergon:ESPRCET1,Fixed Charge,per_day,0.000,$/day,0,0,0,xlsx:Tariff Trials!E48,Tariff Trials,E48
ergon-network-price-list-2026-27-sch8-wayback/xlsx:SAC Large!E120,ergon-network-price-list-2026-27-sch8-wayback,ergon,2026-27,distributor_metering_block,Large (>100MWh pa),ELTOUDT1,ergon:ELTOUDT1,Fixed Charge,per_day,0.116,$/day,0.116,0.116,11.6,xlsx:SAC Large!E120,SAC Large,E120
ergon-network-price-list-2026-27-sch8-wayback/xlsx:SAC Large!E121,ergon-network-price-list-2026-27-sch8-wayback,ergon,2026-27,distributor_metering_block,Large (>100MWh pa),WLTOUDT1,ergon:WLTOUDT1,Fixed Charge,per_day,0.116,$/day,0.116,0.116,11.6,xlsx:SAC Large!E121,SAC Large,E121
ergon-network-price-list-2026-27-sch8-wayback/xlsx:SAC Large!E122,ergon-network-price-list-2026-27-sch8-wayback,ergon,2026-27,distributor_metering_block,Large (>100MWh pa),MLTOUDT4,ergon:MLTOUDT4,Fixed Charge,per_day,0.116,$/day,0.116,0.116,11.6,xlsx:SAC Large!E122,SAC Large,E122
ergon-network-price-list-2026-27-sch8-wayback/xlsx:SAC Large!E123,ergon-network-price-list-2026-27-sch8-wayback,ergon,2026-27,distributor_metering_block,Large (>100MWh pa),EDSTT1,ergon:EDSTT1,Fixed Charge,per_day,0.116,$/day,0.116,0.116,11.6,xlsx:SAC Large!E123,SAC Large,E123
ergon-network-price-list-2026-27-sch8-wayback/xlsx:SAC Large!E124,ergon-network-price-list-2026-27-sch8-wayback,ergon,2026-27,distributor_metering_block,Large (>100MWh pa),WDSTT1,ergon:WDSTT1,Fixed Charge,per_day,0.116,$/day,0.116,0.116,11.6,xlsx:SAC Large!E124,SAC Large,E124
ergon-network-price-list-2026-27-sch8-wayback/xlsx:SAC Large!E125,ergon-network-price-list-2026-27-sch8-wayback,ergon,2026-27,distributor_metering_block,Large (>100MWh pa),MDSTT4,ergon:MDSTT4,Fixed Charge,per_day,0.116,$/day,0.116,0.116,11.6,xlsx:SAC Large!E125,SAC Large,E125
ergon-network-price-list-2026-27-sch8-wayback/xlsx:SAC Large!E126,ergon-network-price-list-2026-27-sch8-wayback,ergon,2026-27,distributor_metering_block,Large (>100MWh pa),EBESTT1,ergon:EBESTT1,Fixed Charge,per_day,0.116,$/day,0.116,0.116,11.6,xlsx:SAC Large!E126,SAC Large,E126
ergon-network-price-list-2026-27-sch8-wayback/xlsx:SAC Large!E127,ergon-network-price-list-2026-27-sch8-wayback,ergon,2026-27,distributor_metering_block,Large (>100MWh pa),WBESTT1,ergon:WBESTT1,Fixed Charge,per_day,0.116,$/day,0.116,0.116,11.6,xlsx:SAC Large!E127,SAC Large,E127
ergon-network-price-list-2026-27-sch8-wayback/xlsx:SAC Large!E128,ergon-network-price-list-2026-27-sch8-wayback,ergon,2026-27,distributor_metering_block,Large (>100MWh pa),MBESTT4,ergon:MBESTT4,Fixed Charge,per_day,0.116,$/day,0.116,0.116,11.6,xlsx:SAC Large!E128,SAC Large,E128
ergon-network-price-list-2026-27-sch8-wayback/xlsx:SAC Large!E129,ergon-network-price-list-2026-27-sch8-wayback,ergon,2026-27,distributor_metering_block,Large (>100MWh pa),ELTOUET1,ergon:ELTOUET1,Fixed Charge,per_day,0.116,$/day,0.116,0.116,11.6,xlsx:SAC Large!E129,SAC Large,E129
ergon-network-price-list-2026-27-sch8-wayback/xlsx:SAC Large!E130,ergon-network-price-list-2026-27-sch8-wayback,ergon,2026-27,distributor_metering_block,Large (>100MWh pa),WLTOUET1,ergon:WLTOUET1,Fixed Charge,per_day,0.116,$/day,0.116,0.116,11.6,xlsx:SAC Large!E130,SAC Large,E130
ergon-network-price-list-2026-27-sch8-wayback/xlsx:SAC Large!E131,ergon-network-price-list-2026-27-sch8-wayback,ergon,2026-27,distributor_metering_block,Large (>100MWh pa),MLTOUET4,ergon:MLTOUET4,Fixed Charge,per_day,0.116,$/day,0.116,0.116,11.6,xlsx:SAC Large!E131,SAC Large,E131
ergon-network-price-list-2026-27-sch8-wayback/xlsx:SAC Large!E133,ergon-network-price-list-2026-27-sch8-wayback,ergon,2026-27,distributor_metering_block,Storage,ELFLEXT1,ergon:ELFLEXT1,Fixed Charge,per_day,0.116,$/day,0.116,0.116,11.6,xlsx:SAC Large!E133,SAC Large,E133
ergon-network-price-list-2026-27-sch8-wayback/xlsx:SAC Large!E134,ergon-network-price-list-2026-27-sch8-wayback,ergon,2026-27,distributor_metering_block,Storage,WLFLEXT1,ergon:WLFLEXT1,Fixed Charge,per_day,0.116,$/day,0.116,0.116,11.6,xlsx:SAC Large!E134,SAC Large,E134
ergon-network-price-list-2026-27-sch8-wayback/xlsx:SAC Large!E135,ergon-network-price-list-2026-27-sch8-wayback,ergon,2026-27,distributor_metering_block,Storage,MLFLEXT4,ergon:MLFLEXT4,Fixed Charge,per_day,0.116,$/day,0.116,0.116,11.6,xlsx:SAC Large!E135,SAC Large,E135
ergon-network-price-list-2026-27-sch8-wayback/xlsx:SAC Large!E137,ergon-network-price-list-2026-27-sch8-wayback,ergon,2026-27,distributor_metering_block,Large Controlled Load (>100MWh pa),ELPLCT1,ergon:ELPLCT1,Fixed Charge,per_day,0.116,$/day,0.116,0.116,11.6,xlsx:SAC Large!E137,SAC Large,E137
ergon-network-price-list-2026-27-sch8-wayback/xlsx:SAC Large!E138,ergon-network-price-list-2026-27-sch8-wayback,ergon,2026-27,distributor_metering_block,Large Controlled Load (>100MWh pa),WLPLCT1,ergon:WLPLCT1,Fixed Charge,per_day,0.116,$/day,0.116,0.116,11.6,xlsx:SAC Large!E138,SAC Large,E138
ergon-network-price-list-2026-27-sch8-wayback/xlsx:SAC Large!E139,ergon-network-price-list-2026-27-sch8-wayback,ergon,2026-27,distributor_metering_block,Large Controlled Load (>100MWh pa),MLPLCT4,ergon:MLPLCT4,Fixed Charge,per_day,0.116,$/day,0.116,0.116,11.6,xlsx:SAC Large!E139,SAC Large,E139
ergon-network-price-list-2026-27-sch8-wayback/xlsx:SACS Business!E120,ergon-network-price-list-2026-27-sch8-wayback,ergon,2026-27,distributor_metering_block,Small Business (<100MWh pa),EBTOUET1,ergon:EBTOUET1,Fixed Charge,per_day,0.116,$/day,0.116,0.116,11.6,xlsx:SACS Business!E120,SACS Business,E120
ergon-network-price-list-2026-27-sch8-wayback/xlsx:SACS Business!E121,ergon-network-price-list-2026-27-sch8-wayback,ergon,2026-27,distributor_metering_block,Small Business (<100MWh pa),WBTOUET1,ergon:WBTOUET1,Fixed Charge,per_day,0.116,$/day,0.116,0.116,11.6,xlsx:SACS Business!E121,SACS Business,E121
ergon-network-price-list-2026-27-sch8-wayback/xlsx:SACS Business!E122,ergon-network-price-list-2026-27-sch8-wayback,ergon,2026-27,distributor_metering_block,Small Business (<100MWh pa),MBTOUET4,ergon:MBTOUET4,Fixed Charge,per_day,0.116,$/day,0.116,0.116,11.6,xlsx:SACS Business!E122,SACS Business,E122
ergon-network-price-list-2026-27-sch8-wayback/xlsx:SACS Business!E123,ergon-network-price-list-2026-27-sch8-wayback,ergon,2026-27,distributor_metering_block,Small Business (<100MWh pa),EBTDEMT1,ergon:EBTDEMT1,Fixed Charge,per_day,0.116,$/day,0.116,0.116,11.6,xlsx:SACS Business!E123,SACS Business,E123
ergon-network-price-list-2026-27-sch8-wayback/xlsx:SACS Business!E124,ergon-network-price-list-2026-27-sch8-wayback,ergon,2026-27,distributor_metering_block,Small Business (<100MWh pa),WBTDEMT1,ergon:WBTDEMT1,Fixed Charge,per_day,0.116,$/day,0.116,0.116,11.6,xlsx:SACS Business!E124,SACS Business,E124
ergon-network-price-list-2026-27-sch8-wayback/xlsx:SACS Business!E125,ergon-network-price-list-2026-27-sch8-wayback,ergon,2026-27,distributor_metering_block,Small Business (<100MWh pa),MBTDEMT4,ergon:MBTDEMT4,Fixed Charge,per_day,0.116,$/day,0.116,0.116,11.6,xlsx:SACS Business!E125,SACS Business,E125
ergon-network-price-list-2026-27-sch8-wayback/xlsx:SACS Business!E126,ergon-network-price-list-2026-27-sch8-wayback,ergon,2026-27,distributor_metering_block,Small Business (<100MWh pa),EBIBT1,ergon:EBIBT1,Fixed Charge,per_day,0.116,$/day,0.116,0.116,11.6,xlsx:SACS Business!E126,SACS Business,E126
ergon-network-price-list-2026-27-sch8-wayback/xlsx:SACS Business!E127,ergon-network-price-list-2026-27-sch8-wayback,ergon,2026-27,distributor_metering_block,Small Business (<100MWh pa),WBIBT1,ergon:WBIBT1,Fixed Charge,per_day,0.116,$/day,0.116,0.116,11.6,xlsx:SACS Business!E127,SACS Business,E127
ergon-network-price-list-2026-27-sch8-wayback/xlsx:SACS Business!E128,ergon-network-price-list-2026-27-sch8-wayback,ergon,2026-27,distributor_metering_block,Small Business (<100MWh pa),MBIBT4,ergon:MBIBT4,Fixed Charge,per_day,0.116,$/day,0.116,0.116,11.6,xlsx:SACS Business!E128,SACS Business,E128
ergon-network-price-list-2026-27-sch8-wayback/xlsx:SACS Business!E130,ergon-network-price-list-2026-27-sch8-wayback,ergon,2026-27,distributor_metering_block,Controlled load (<100MWh pa),EBPLCT1,ergon:EBPLCT1,Fixed Charge,per_day,0.116,$/day,0.116,0.116,11.6,xlsx:SACS Business!E130,SACS Business,E130
ergon-network-price-list-2026-27-sch8-wayback/xlsx:SACS Business!E131,ergon-network-price-list-2026-27-sch8-wayback,ergon,2026-27,distributor_metering_block,Controlled load (<100MWh pa),WBPLCT1,ergon:WBPLCT1,Fixed Charge,per_day,0.116,$/day,0.116,0.116,11.6,xlsx:SACS Business!E131,SACS Business,E131
ergon-network-price-list-2026-27-sch8-wayback/xlsx:SACS Business!E132,ergon-network-price-list-2026-27-sch8-wayback,ergon,2026-27,distributor_metering_block,Controlled load (<100MWh pa),MBPLCT4,ergon:MBPLCT4,Fixed Charge,per_day,0.116,$/day,0.116,0.116,11.6,xlsx:SACS Business!E132,SACS Business,E132
ergon-network-price-list-2026-27-sch8-wayback/xlsx:SACS Residential!E100,ergon-network-price-list-2026-27-sch8-wayback,ergon,2026-27,distributor_metering_block,Residential (<100MWh pa),MRIBT4,ergon:MRIBT4,Fixed Charge,per_day,0.116,$/day,0.116,0.116,11.6,xlsx:SACS Residential!E100,SACS Residential,E100
ergon-network-price-list-2026-27-sch8-wayback/xlsx:SACS Residential!E92,ergon-network-price-list-2026-27-sch8-wayback,ergon,2026-27,distributor_metering_block,Residential (<100MWh pa),ERTOUET1,ergon:ERTOUET1,Fixed Charge,per_day,0.116,$/day,0.116,0.116,11.6,xlsx:SACS Residential!E92,SACS Residential,E92
ergon-network-price-list-2026-27-sch8-wayback/xlsx:SACS Residential!E93,ergon-network-price-list-2026-27-sch8-wayback,ergon,2026-27,distributor_metering_block,Residential (<100MWh pa),WRTOUET1,ergon:WRTOUET1,Fixed Charge,per_day,0.116,$/day,0.116,0.116,11.6,xlsx:SACS Residential!E93,SACS Residential,E93
ergon-network-price-list-2026-27-sch8-wayback/xlsx:SACS Residential!E94,ergon-network-price-list-2026-27-sch8-wayback,ergon,2026-27,distributor_metering_block,Residential (<100MWh pa),MRTOUET4,ergon:MRTOUET4,Fixed Charge,per_day,0.116,$/day,0.116,0.116,11.6,xlsx:SACS Residential!E94,SACS Residential,E94
ergon-network-price-list-2026-27-sch8-wayback/xlsx:SACS Residential!E95,ergon-network-price-list-2026-27-sch8-wayback,ergon,2026-27,distributor_metering_block,Residential (<100MWh pa),ERTDEMT1,ergon:ERTDEMT1,Fixed Charge,per_day,0.116,$/day,0.116,0.116,11.6,xlsx:SACS Residential!E95,SACS Residential,E95
ergon-network-price-list-2026-27-sch8-wayback/xlsx:SACS Residential!E96,ergon-network-price-list-2026-27-sch8-wayback,ergon,2026-27,distributor_metering_block,Residential (<100MWh pa),WRTDEMT1,ergon:WRTDEMT1,Fixed Charge,per_day,0.116,$/day,0.116,0.116,11.6,xlsx:SACS Residential!E96,SACS Residential,E96
ergon-network-price-list-2026-27-sch8-wayback/xlsx:SACS Residential!E97,ergon-network-price-list-2026-27-sch8-wayback,ergon,2026-27,distributor_metering_block,Residential (<100MWh pa),MRTDEMT4,ergon:MRTDEMT4,Fixed Charge,per_day,0.116,$/day,0.116,0.116,11.6,xlsx:SACS Residential!E97,SACS Residential,E97
ergon-network-price-list-2026-27-sch8-wayback/xlsx:SACS Residential!E98,ergon-network-price-list-2026-27-sch8-wayback,ergon,2026-27,distributor_metering_block,Residential (<100MWh pa),ERIBT1,ergon:ERIBT1,Fixed Charge,per_day,0.116,$/day,0.116,0.116,11.6,xlsx:SACS Residential!E98,SACS Residential,E98
ergon-network-price-list-2026-27-sch8-wayback/xlsx:SACS Residential!E99,ergon-network-price-list-2026-27-sch8-wayback,ergon,2026-27,distributor_metering_block,Residential (<100MWh pa),WRIBT1,ergon:WRIBT1,Fixed Charge,per_day,0.116,$/day,0.116,0.116,11.6,xlsx:SACS Residential!E99,SACS Residential,E99
ergon-network-price-list-2026-27-sch8-wayback/xlsx:Tariff Trials!E48,ergon-network-price-list-2026-27-sch8-wayback,ergon,2026-27,distributor_metering_block,Primary,ESLVDBT1,ergon:ESLVDBT1,Fixed Charge,per_day,0.000,$/day,0,0,0,xlsx:Tariff Trials!E48,Tariff Trials,E48
ergon-network-price-list-2026-27-sch8-wayback/xlsx:Tariff Trials!E49,ergon-network-price-list-2026-27-sch8-wayback,ergon,2026-27,distributor_metering_block,Primary,WSLVDBT1,ergon:WSLVDBT1,Fixed Charge,per_day,0.000,$/day,0,0,0,xlsx:Tariff Trials!E49,Tariff Trials,E49
