adjustment_id,kind,distributor_id,fin_year,amount,amount_unit,formula,aer_document_id,distributor_document_id,evidence_document_id,locator,quote
lfit_adder/evoenergy/2024-25,lfit_adder,evoenergy,2024-25,0.258,c/kWh,distributor c/kWh = AER c/kWh + 0.258 c/kWh on every consumption charge; fixed and demand charges unchanged,aer-stakeholder-report-evoenergy-2024-25,evoenergy-schedule-of-charges-2024-25-lfit-adjusted,evoenergy-schedule-of-charges-2024-25-lfit-adjusted,pdf:p3,"The 2024-25 LFiT amount has been applied as an adjustment to the AER's approved charges for 2024-25, and is equivalent to an additional 0.258 cents per kilowatt-hour (kWh). This adjustment has been applied uniformly to the consumption charges (c/kWh) in Evoenergy's tariffs."
lfit_adder/evoenergy/2025-26,lfit_adder,evoenergy,2025-26,1.593,c/kWh,distributor c/kWh = AER c/kWh + 1.593 c/kWh on every consumption charge; fixed and demand charges unchanged,aer-consolidated-2025-26-v5,evoenergy-schedule-of-charges-2025-26-incl-lfit-may2025,evoenergy-schedule-of-charges-2025-26-incl-lfit-may2025,xlsx:Network tariffs!B6,"The 2025-26 LFiT cost has been applied as an adjustment to the AER's approved charges for 2025-26, equivalent to an additional 1.593 cents per kilowatt-hour (kWh). The LFiT cost has been applied uniformly to the consumption charges (c/kWh) in Evoenergy's tariffs."
lfit_adder/evoenergy/2026-27,lfit_adder,evoenergy,2026-27,3.035,c/kWh,distributor c/kWh = AER c/kWh + 3.035 c/kWh on every consumption charge; fixed and demand charges unchanged,aer-consolidated-2026-27-v5,evoenergy-schedule-of-charges-2026-27-incl-lfit-june2026,evoenergy-schedule-of-charges-2026-27-incl-lfit-june2026,xlsx:Network tariffs!B6,"The 2026-27 LFiT cost has been applied as an adjustment to the AER's approved charges for 2026-27, equivalent to an additional 3.035 cents per kilowatt-hour (kWh). The LFiT cost has been applied uniformly to the consumption charges (c/kWh) in Evoenergy's tariffs."
lfit_rebate/evoenergy/2023-24,lfit_rebate,evoenergy,2023-24,,,distributor c/kWh = AER-approved c/kWh - tariff-specific LFiT rebate (2.27 c/kWh on average; not uniform; applied to consumption charges where possible),evoenergy-2023-24-electricity-network-pricing-proposal-5may2023,evoenergy-statement-of-tariff-classes-and-tariffs-2023-24,evoenergy-statement-of-tariff-classes-and-tariffs-2023-24,pdf:p4,"The LFiT rebate has been applied as a negative adjustment to the AER's approved charges for 2023/24 and is equivalent to a reduction of 2.27 cents per kilowatt-hour (kWh) excluding Goods and Services Tax (GST), on average, across Evoenergy's tariffs."
metering_adder/endeavour/2024-25,metering_adder,endeavour,2024-25,3.4025,c/day,distributor fixed c/day = AER fixed c/day + 100 x 12.42 $/yr / 365 ,aer-stakeholder-report-endeavour-2024-25,endeavour-nuos-price-list-2024-25-v10,aer-stakeholder-report-endeavour-2024-25,xlsx:Tariff schedule!I7,12.419125
metering_adder/endeavour/2025-26,metering_adder,endeavour,2025-26,3.467,c/day,distributor fixed c/day = AER fixed c/day + 100 x 12.65 $/yr / 365 ,aer-consolidated-2025-26-v5,endeavour-nuos-price-list-2025-26-v11,aer-consolidated-2025-26-v5,xlsx:Metering!L114,12.65455
metering_adder/endeavour/2026-27,metering_adder,endeavour,2026-27,3.6421,c/day,distributor fixed c/day = AER fixed c/day + 100 x 13.29 $/yr / 365 ,aer-consolidated-2026-27-v5,endeavour-nuos-price-list-2026-27,aer-consolidated-2026-27-v5,xlsx:Metering!L114,13.293665
metering_adder/energex/2025-26,metering_adder,energex,2025-26,12.094056539544,c/day,distributor fixed c/day = AER fixed c/day + 100 x 44.14 $/yr / 365 (per-tariff value from the distributor's Metering block),aer-consolidated-2025-26-v5,energex-network-price-list-2025-26-sch8-wayback,aer-consolidated-2025-26-v5,xlsx:Metering!L147,44.14330636933487
metering_adder/energex/2026-27,metering_adder,energex,2026-27,12.3,c/day,distributor fixed c/day = AER fixed c/day + 100 x 44.89 $/yr / 365 (per-tariff value from the distributor's Metering block),aer-consolidated-2026-27-v5,energex-network-price-list-2026-27-sch8-wayback,aer-consolidated-2026-27-v5,xlsx:Metering!L147,44.894999999999996
metering_adder/ergon/2025-26,metering_adder,ergon,2025-26,11.491579677205,c/day,distributor fixed c/day = AER fixed c/day + 100 x 41.94 $/yr / 365 (per-tariff value from the distributor's Metering block),aer-consolidated-2025-26-v5,ergon-network-price-list-2025-26-sch8-wayback,aer-consolidated-2025-26-v5,xlsx:Metering!L180,41.94426582179715
metering_adder/ergon/2026-27,metering_adder,ergon,2026-27,11.6,c/day,distributor fixed c/day = AER fixed c/day + 100 x 42.34 $/yr / 365 (per-tariff value from the distributor's Metering block),aer-consolidated-2026-27-v5,ergon-network-price-list-2026-27-sch8-wayback,aer-consolidated-2026-27-v5,xlsx:Metering!L180,42.34
metering_adder/essential/2024-25,metering_adder,essential,2024-25,16.60515136119,c/day,distributor fixed c/day = AER fixed c/day + 100 x 60.61 $/yr / 365 ,aer-stakeholder-report-essential-2024-25,essential-price-list-and-explanatory-notes-2024-25,aer-stakeholder-report-essential-2024-25,xlsx:Tariff schedule!I7,60.60880246834354
metering_adder/essential/2025-26,metering_adder,essential,2025-26,17.021041977288,c/day,distributor fixed c/day = AER fixed c/day + 100 x 62.13 $/yr / 365 ,aer-consolidated-2025-26-v5,essential-price-list-and-explanatory-notes-2025-26,essential-price-list-and-explanatory-notes-2025-26,pdf:p1,"Please note this metering cost is included in the relevant LV tariffs daily charge, however the published AER standard control services pricing model lists the metering charge separately on the Tariff Schedule tab."
metering_adder/essential/2026-27,metering_adder,essential,2026-27,17.353007323636,c/day,distributor fixed c/day = AER fixed c/day + 100 x 63.34 $/yr / 365 ,aer-consolidated-2026-27-v5,essential-price-list-and-explanatory-notes-2026-27,essential-price-list-and-explanatory-notes-2026-27,pdf:p1,"Please note this metering cost is included in the relevant LV tariffs daily charge, however the published AER standard control services pricing model lists the metering charge separately on the Tariff Schedule tab."
