adjustment_id,tariff_id,metering_price_id,expected_delta_std,delta_unit
lfit_adder/evoenergy/2024-25,evoenergy:010,,0.258,c/kWh
lfit_adder/evoenergy/2024-25,evoenergy:011,,0.258,c/kWh
lfit_adder/evoenergy/2024-25,evoenergy:015,,0.258,c/kWh
lfit_adder/evoenergy/2024-25,evoenergy:016,,0.258,c/kWh
lfit_adder/evoenergy/2024-25,evoenergy:017,,0.258,c/kWh
lfit_adder/evoenergy/2024-25,evoenergy:018,,0.258,c/kWh
lfit_adder/evoenergy/2024-25,evoenergy:020,,0.258,c/kWh
lfit_adder/evoenergy/2024-25,evoenergy:021,,0.258,c/kWh
lfit_adder/evoenergy/2024-25,evoenergy:023,,0.258,c/kWh
lfit_adder/evoenergy/2024-25,evoenergy:024,,0.258,c/kWh
lfit_adder/evoenergy/2024-25,evoenergy:025,,0.258,c/kWh
lfit_adder/evoenergy/2024-25,evoenergy:026,,0.258,c/kWh
lfit_adder/evoenergy/2024-25,evoenergy:030,,0.258,c/kWh
lfit_adder/evoenergy/2024-25,evoenergy:031,,0.258,c/kWh
lfit_adder/evoenergy/2024-25,evoenergy:040,,0.258,c/kWh
lfit_adder/evoenergy/2024-25,evoenergy:041,,0.258,c/kWh
lfit_adder/evoenergy/2024-25,evoenergy:060,,0.258,c/kWh
lfit_adder/evoenergy/2024-25,evoenergy:070,,0.258,c/kWh
lfit_adder/evoenergy/2024-25,evoenergy:080,,0.258,c/kWh
lfit_adder/evoenergy/2024-25,evoenergy:090,,0.258,c/kWh
lfit_adder/evoenergy/2024-25,evoenergy:091,,0.258,c/kWh
lfit_adder/evoenergy/2024-25,evoenergy:101,,0.258,c/kWh
lfit_adder/evoenergy/2024-25,evoenergy:103,,0.258,c/kWh
lfit_adder/evoenergy/2024-25,evoenergy:104,,0.258,c/kWh
lfit_adder/evoenergy/2024-25,evoenergy:105,,0.258,c/kWh
lfit_adder/evoenergy/2024-25,evoenergy:106,,0.258,c/kWh
lfit_adder/evoenergy/2024-25,evoenergy:107,,0.258,c/kWh
lfit_adder/evoenergy/2024-25,evoenergy:108,,0.258,c/kWh
lfit_adder/evoenergy/2024-25,evoenergy:109,,0.258,c/kWh
lfit_adder/evoenergy/2024-25,evoenergy:121,,0.258,c/kWh
lfit_adder/evoenergy/2024-25,evoenergy:122,,0.258,c/kWh
lfit_adder/evoenergy/2024-25,evoenergy:123,,0.258,c/kWh
lfit_adder/evoenergy/2024-25,evoenergy:124,,0.258,c/kWh
lfit_adder/evoenergy/2024-25,evoenergy:135,,0.258,c/kWh
lfit_adder/evoenergy/2025-26,evoenergy:010,,1.593,c/kWh
lfit_adder/evoenergy/2025-26,evoenergy:011,,1.593,c/kWh
lfit_adder/evoenergy/2025-26,evoenergy:015,,1.593,c/kWh
lfit_adder/evoenergy/2025-26,evoenergy:016,,1.593,c/kWh
lfit_adder/evoenergy/2025-26,evoenergy:017,,1.593,c/kWh
lfit_adder/evoenergy/2025-26,evoenergy:018,,1.593,c/kWh
lfit_adder/evoenergy/2025-26,evoenergy:020,,1.593,c/kWh
lfit_adder/evoenergy/2025-26,evoenergy:021,,1.593,c/kWh
lfit_adder/evoenergy/2025-26,evoenergy:023,,1.593,c/kWh
lfit_adder/evoenergy/2025-26,evoenergy:024,,1.593,c/kWh
lfit_adder/evoenergy/2025-26,evoenergy:025,,1.593,c/kWh
lfit_adder/evoenergy/2025-26,evoenergy:026,,1.593,c/kWh
lfit_adder/evoenergy/2025-26,evoenergy:030,,1.593,c/kWh
lfit_adder/evoenergy/2025-26,evoenergy:031,,1.593,c/kWh
lfit_adder/evoenergy/2025-26,evoenergy:040,,1.593,c/kWh
lfit_adder/evoenergy/2025-26,evoenergy:041,,1.593,c/kWh
lfit_adder/evoenergy/2025-26,evoenergy:060,,1.593,c/kWh
lfit_adder/evoenergy/2025-26,evoenergy:070,,1.593,c/kWh
lfit_adder/evoenergy/2025-26,evoenergy:080,,1.593,c/kWh
lfit_adder/evoenergy/2025-26,evoenergy:090,,1.593,c/kWh
lfit_adder/evoenergy/2025-26,evoenergy:091,,1.593,c/kWh
lfit_adder/evoenergy/2025-26,evoenergy:101,,1.593,c/kWh
lfit_adder/evoenergy/2025-26,evoenergy:103,,1.593,c/kWh
lfit_adder/evoenergy/2025-26,evoenergy:104,,1.593,c/kWh
lfit_adder/evoenergy/2025-26,evoenergy:105,,1.593,c/kWh
lfit_adder/evoenergy/2025-26,evoenergy:106,,1.593,c/kWh
lfit_adder/evoenergy/2025-26,evoenergy:107,,1.593,c/kWh
lfit_adder/evoenergy/2025-26,evoenergy:108,,1.593,c/kWh
lfit_adder/evoenergy/2025-26,evoenergy:109,,1.593,c/kWh
lfit_adder/evoenergy/2025-26,evoenergy:121,,1.593,c/kWh
lfit_adder/evoenergy/2025-26,evoenergy:122,,1.593,c/kWh
lfit_adder/evoenergy/2025-26,evoenergy:123,,1.593,c/kWh
lfit_adder/evoenergy/2025-26,evoenergy:124,,1.593,c/kWh
lfit_adder/evoenergy/2025-26,evoenergy:135,,1.593,c/kWh
lfit_adder/evoenergy/2026-27,evoenergy:010,,3.035,c/kWh
lfit_adder/evoenergy/2026-27,evoenergy:011,,3.035,c/kWh
lfit_adder/evoenergy/2026-27,evoenergy:015,,3.035,c/kWh
lfit_adder/evoenergy/2026-27,evoenergy:016,,3.035,c/kWh
lfit_adder/evoenergy/2026-27,evoenergy:017,,3.035,c/kWh
lfit_adder/evoenergy/2026-27,evoenergy:018,,3.035,c/kWh
lfit_adder/evoenergy/2026-27,evoenergy:020,,3.035,c/kWh
lfit_adder/evoenergy/2026-27,evoenergy:021,,3.035,c/kWh
lfit_adder/evoenergy/2026-27,evoenergy:023,,3.035,c/kWh
lfit_adder/evoenergy/2026-27,evoenergy:024,,3.035,c/kWh
lfit_adder/evoenergy/2026-27,evoenergy:025,,3.035,c/kWh
lfit_adder/evoenergy/2026-27,evoenergy:026,,3.035,c/kWh
lfit_adder/evoenergy/2026-27,evoenergy:030,,3.035,c/kWh
lfit_adder/evoenergy/2026-27,evoenergy:031,,3.035,c/kWh
lfit_adder/evoenergy/2026-27,evoenergy:040,,3.035,c/kWh
lfit_adder/evoenergy/2026-27,evoenergy:041,,3.035,c/kWh
lfit_adder/evoenergy/2026-27,evoenergy:060,,3.035,c/kWh
lfit_adder/evoenergy/2026-27,evoenergy:070,,3.035,c/kWh
lfit_adder/evoenergy/2026-27,evoenergy:080,,3.035,c/kWh
lfit_adder/evoenergy/2026-27,evoenergy:090,,3.035,c/kWh
lfit_adder/evoenergy/2026-27,evoenergy:091,,3.035,c/kWh
lfit_adder/evoenergy/2026-27,evoenergy:101,,3.035,c/kWh
lfit_adder/evoenergy/2026-27,evoenergy:103,,3.035,c/kWh
lfit_adder/evoenergy/2026-27,evoenergy:104,,3.035,c/kWh
lfit_adder/evoenergy/2026-27,evoenergy:105,,3.035,c/kWh
lfit_adder/evoenergy/2026-27,evoenergy:106,,3.035,c/kWh
lfit_adder/evoenergy/2026-27,evoenergy:107,,3.035,c/kWh
lfit_adder/evoenergy/2026-27,evoenergy:108,,3.035,c/kWh
lfit_adder/evoenergy/2026-27,evoenergy:109,,3.035,c/kWh
lfit_adder/evoenergy/2026-27,evoenergy:121,,3.035,c/kWh
lfit_adder/evoenergy/2026-27,evoenergy:122,,3.035,c/kWh
lfit_adder/evoenergy/2026-27,evoenergy:123,,3.035,c/kWh
lfit_adder/evoenergy/2026-27,evoenergy:124,,3.035,c/kWh
lfit_adder/evoenergy/2026-27,evoenergy:135,,3.035,c/kWh
lfit_rebate/evoenergy/2023-24,evoenergy:010,,,
lfit_rebate/evoenergy/2023-24,evoenergy:015,,,
lfit_rebate/evoenergy/2023-24,evoenergy:020,,,
lfit_rebate/evoenergy/2023-24,evoenergy:025,,,
lfit_rebate/evoenergy/2023-24,evoenergy:030,,,
lfit_rebate/evoenergy/2023-24,evoenergy:040,,,
lfit_rebate/evoenergy/2023-24,evoenergy:060,,,
lfit_rebate/evoenergy/2023-24,evoenergy:070,,,
lfit_rebate/evoenergy/2023-24,evoenergy:080,,,
lfit_rebate/evoenergy/2023-24,evoenergy:090,,,
lfit_rebate/evoenergy/2023-24,evoenergy:101,,,
lfit_rebate/evoenergy/2023-24,evoenergy:103,,,
lfit_rebate/evoenergy/2023-24,evoenergy:106,,,
lfit_rebate/evoenergy/2023-24,evoenergy:108,,,
lfit_rebate/evoenergy/2023-24,evoenergy:111,,,
lfit_rebate/evoenergy/2023-24,evoenergy:121,,,
lfit_rebate/evoenergy/2023-24,evoenergy:122,,,
lfit_rebate/evoenergy/2023-24,evoenergy:135,,,
metering_adder/endeavour/2024-25,endeavour:N50,aer-stakeholder-report-endeavour-2024-25/xlsx:Tariff schedule!I7,3.4025,c/day
metering_adder/endeavour/2024-25,endeavour:N54,aer-stakeholder-report-endeavour-2024-25/xlsx:Tariff schedule!I7,3.4025,c/day
metering_adder/endeavour/2024-25,endeavour:N70,aer-stakeholder-report-endeavour-2024-25/xlsx:Tariff schedule!I7,3.4025,c/day
metering_adder/endeavour/2024-25,endeavour:N71,aer-stakeholder-report-endeavour-2024-25/xlsx:Tariff schedule!I7,3.4025,c/day
metering_adder/endeavour/2024-25,endeavour:N72,aer-stakeholder-report-endeavour-2024-25/xlsx:Tariff schedule!I7,3.4025,c/day
metering_adder/endeavour/2024-25,endeavour:N73,aer-stakeholder-report-endeavour-2024-25/xlsx:Tariff schedule!I7,3.4025,c/day
metering_adder/endeavour/2024-25,endeavour:N90,aer-stakeholder-report-endeavour-2024-25/xlsx:Tariff schedule!I7,3.4025,c/day
metering_adder/endeavour/2024-25,endeavour:N91,aer-stakeholder-report-endeavour-2024-25/xlsx:Tariff schedule!I7,3.4025,c/day
metering_adder/endeavour/2024-25,endeavour:N92,aer-stakeholder-report-endeavour-2024-25/xlsx:Tariff schedule!I7,3.4025,c/day
metering_adder/endeavour/2024-25,endeavour:N93,aer-stakeholder-report-endeavour-2024-25/xlsx:Tariff schedule!I7,3.4025,c/day
metering_adder/endeavour/2024-25,endeavour:N95,aer-stakeholder-report-endeavour-2024-25/xlsx:Tariff schedule!I7,3.4025,c/day
metering_adder/endeavour/2025-26,endeavour:N50,aer-consolidated-2025-26-v5/xlsx:Metering!L114,3.467,c/day
metering_adder/endeavour/2025-26,endeavour:N54,aer-consolidated-2025-26-v5/xlsx:Metering!L114,3.467,c/day
metering_adder/endeavour/2025-26,endeavour:N70,aer-consolidated-2025-26-v5/xlsx:Metering!L114,3.467,c/day
metering_adder/endeavour/2025-26,endeavour:N71,aer-consolidated-2025-26-v5/xlsx:Metering!L114,3.467,c/day
metering_adder/endeavour/2025-26,endeavour:N72,aer-consolidated-2025-26-v5/xlsx:Metering!L114,3.467,c/day
metering_adder/endeavour/2025-26,endeavour:N73,aer-consolidated-2025-26-v5/xlsx:Metering!L114,3.467,c/day
metering_adder/endeavour/2025-26,endeavour:N90,aer-consolidated-2025-26-v5/xlsx:Metering!L114,3.467,c/day
metering_adder/endeavour/2025-26,endeavour:N91,aer-consolidated-2025-26-v5/xlsx:Metering!L114,3.467,c/day
metering_adder/endeavour/2025-26,endeavour:N92,aer-consolidated-2025-26-v5/xlsx:Metering!L114,3.467,c/day
metering_adder/endeavour/2025-26,endeavour:N93,aer-consolidated-2025-26-v5/xlsx:Metering!L114,3.467,c/day
metering_adder/endeavour/2025-26,endeavour:N95,aer-consolidated-2025-26-v5/xlsx:Metering!L114,3.467,c/day
metering_adder/endeavour/2026-27,endeavour:N50,aer-consolidated-2026-27-v5/xlsx:Metering!L116,3.6421,c/day
metering_adder/endeavour/2026-27,endeavour:N54,aer-consolidated-2026-27-v5/xlsx:Metering!L116,3.6421,c/day
metering_adder/endeavour/2026-27,endeavour:N70,aer-consolidated-2026-27-v5/xlsx:Metering!L114,3.6421,c/day
metering_adder/endeavour/2026-27,endeavour:N71,aer-consolidated-2026-27-v5/xlsx:Metering!L114,3.6421,c/day
metering_adder/endeavour/2026-27,endeavour:N72,aer-consolidated-2026-27-v5/xlsx:Metering!L114,3.6421,c/day
metering_adder/endeavour/2026-27,endeavour:N73,aer-consolidated-2026-27-v5/xlsx:Metering!L114,3.6421,c/day
metering_adder/endeavour/2026-27,endeavour:N90,aer-consolidated-2026-27-v5/xlsx:Metering!L115,3.6421,c/day
metering_adder/endeavour/2026-27,endeavour:N91,aer-consolidated-2026-27-v5/xlsx:Metering!L115,3.6421,c/day
metering_adder/endeavour/2026-27,endeavour:N92,aer-consolidated-2026-27-v5/xlsx:Metering!L115,3.6421,c/day
metering_adder/endeavour/2026-27,endeavour:N93,aer-consolidated-2026-27-v5/xlsx:Metering!L115,3.6421,c/day
metering_adder/endeavour/2026-27,endeavour:N95,aer-consolidated-2026-27-v5/xlsx:Metering!L118,3.6421,c/day
metering_adder/energex/2025-26,energex:3800,energex-network-price-list-2025-26-sch8-wayback/xlsx:SACS Business!D65,12.1,c/day
metering_adder/energex/2025-26,energex:3900,energex-network-price-list-2025-26-sch8-wayback/xlsx:SACS Residential!D53,12.1,c/day
metering_adder/energex/2025-26,energex:5700,energex-network-price-list-2025-26-sch8-wayback/xlsx:SACS Business!D68,12.1,c/day
metering_adder/energex/2025-26,energex:5800,energex-network-price-list-2025-26-sch8-wayback/xlsx:SAC Large!D71,12.1,c/day
metering_adder/energex/2025-26,energex:6700,energex-network-price-list-2025-26-sch8-wayback/xlsx:SAC Large!D66,12.1,c/day
metering_adder/energex/2025-26,energex:6800,energex-network-price-list-2025-26-sch8-wayback/xlsx:SACS Business!D64,12.1,c/day
metering_adder/energex/2025-26,energex:6900,energex-network-price-list-2025-26-sch8-wayback/xlsx:SACS Residential!D52,12.1,c/day
metering_adder/energex/2025-26,energex:7200,energex-network-price-list-2025-26-sch8-wayback/xlsx:SAC Large!D64,12.1,c/day
metering_adder/energex/2025-26,energex:8300,energex-network-price-list-2025-26-sch8-wayback/xlsx:SAC Large!D65,12.1,c/day
metering_adder/energex/2025-26,energex:8400,energex-network-price-list-2025-26-sch8-wayback/xlsx:SACS Residential!D54,12.1,c/day
metering_adder/energex/2025-26,energex:8500,energex-network-price-list-2025-26-sch8-wayback/xlsx:SACS Business!D66,12.1,c/day
metering_adder/energex/2025-26,energex:94000,energex-network-price-list-2025-26-sch8-wayback/xlsx:SAC Large!D69,12.1,c/day
metering_adder/energex/2025-26,energex:94300,energex-network-price-list-2025-26-sch8-wayback/xlsx:SAC Large!D67,12.1,c/day
metering_adder/energex/2026-27,energex:3800,energex-network-price-list-2026-27-sch8-wayback/xlsx:SACS Business!D65,12.3,c/day
metering_adder/energex/2026-27,energex:3900,energex-network-price-list-2026-27-sch8-wayback/xlsx:SACS Residential!D53,12.3,c/day
metering_adder/energex/2026-27,energex:5700,energex-network-price-list-2026-27-sch8-wayback/xlsx:SACS Business!D68,12.3,c/day
metering_adder/energex/2026-27,energex:5800,energex-network-price-list-2026-27-sch8-wayback/xlsx:SAC Large!D71,12.3,c/day
metering_adder/energex/2026-27,energex:6700,energex-network-price-list-2026-27-sch8-wayback/xlsx:SAC Large!D66,12.3,c/day
metering_adder/energex/2026-27,energex:6800,energex-network-price-list-2026-27-sch8-wayback/xlsx:SACS Business!D64,12.3,c/day
metering_adder/energex/2026-27,energex:6900,energex-network-price-list-2026-27-sch8-wayback/xlsx:SACS Residential!D52,12.3,c/day
metering_adder/energex/2026-27,energex:7200,energex-network-price-list-2026-27-sch8-wayback/xlsx:SAC Large!D64,12.3,c/day
metering_adder/energex/2026-27,energex:8300,energex-network-price-list-2026-27-sch8-wayback/xlsx:SAC Large!D65,12.3,c/day
metering_adder/energex/2026-27,energex:8400,energex-network-price-list-2026-27-sch8-wayback/xlsx:SACS Residential!D54,12.3,c/day
metering_adder/energex/2026-27,energex:8500,energex-network-price-list-2026-27-sch8-wayback/xlsx:SACS Business!D66,12.3,c/day
metering_adder/energex/2026-27,energex:94000,energex-network-price-list-2026-27-sch8-wayback/xlsx:SAC Large!D69,12.3,c/day
metering_adder/energex/2026-27,energex:94300,energex-network-price-list-2026-27-sch8-wayback/xlsx:SAC Large!D67,12.3,c/day
metering_adder/ergon/2025-26,ergon:EBESTT1,ergon-network-price-list-2025-26-sch8-wayback/xlsx:SAC Large!E126,11.5,c/day
metering_adder/ergon/2025-26,ergon:EBIBT1,ergon-network-price-list-2025-26-sch8-wayback/xlsx:SACS Business!E138,11.5,c/day
metering_adder/ergon/2025-26,ergon:EBPLCT1,ergon-network-price-list-2025-26-sch8-wayback/xlsx:SACS Business!E145,11.5,c/day
metering_adder/ergon/2025-26,ergon:EBTDEMT1,ergon-network-price-list-2025-26-sch8-wayback/xlsx:SACS Business!E135,11.5,c/day
metering_adder/ergon/2025-26,ergon:EBTOUET1,ergon-network-price-list-2025-26-sch8-wayback/xlsx:SACS Business!E132,11.5,c/day
metering_adder/ergon/2025-26,ergon:ELFLEXT1,ergon-network-price-list-2025-26-sch8-wayback/xlsx:SAC Large!E133,11.5,c/day
metering_adder/ergon/2025-26,ergon:ELPLCT1,ergon-network-price-list-2025-26-sch8-wayback/xlsx:SAC Large!E137,11.5,c/day
metering_adder/ergon/2025-26,ergon:ELTOUDT1,ergon-network-price-list-2025-26-sch8-wayback/xlsx:SAC Large!E120,11.5,c/day
metering_adder/ergon/2025-26,ergon:ELTOUET1,ergon-network-price-list-2025-26-sch8-wayback/xlsx:SAC Large!E129,11.5,c/day
metering_adder/ergon/2025-26,ergon:ERIBT1,ergon-network-price-list-2025-26-sch8-wayback/xlsx:SACS Residential!E98,11.5,c/day
metering_adder/ergon/2025-26,ergon:ERTDEMT1,ergon-network-price-list-2025-26-sch8-wayback/xlsx:SACS Residential!E95,11.5,c/day
metering_adder/ergon/2025-26,ergon:ERTOUET1,ergon-network-price-list-2025-26-sch8-wayback/xlsx:SACS Residential!E92,11.5,c/day
metering_adder/ergon/2025-26,ergon:MBESTT4,ergon-network-price-list-2025-26-sch8-wayback/xlsx:SAC Large!E128,11.5,c/day
metering_adder/ergon/2025-26,ergon:MBIBT4,ergon-network-price-list-2025-26-sch8-wayback/xlsx:SACS Business!E140,11.5,c/day
metering_adder/ergon/2025-26,ergon:MBPLCT4,ergon-network-price-list-2025-26-sch8-wayback/xlsx:SACS Business!E147,11.5,c/day
metering_adder/ergon/2025-26,ergon:MBTDEMT4,ergon-network-price-list-2025-26-sch8-wayback/xlsx:SACS Business!E137,11.5,c/day
metering_adder/ergon/2025-26,ergon:MBTOUET4,ergon-network-price-list-2025-26-sch8-wayback/xlsx:SACS Business!E134,11.5,c/day
metering_adder/ergon/2025-26,ergon:MLFLEXT4,ergon-network-price-list-2025-26-sch8-wayback/xlsx:SAC Large!E135,11.5,c/day
metering_adder/ergon/2025-26,ergon:MLPLCT4,ergon-network-price-list-2025-26-sch8-wayback/xlsx:SAC Large!E139,11.5,c/day
metering_adder/ergon/2025-26,ergon:MLTOUDT4,ergon-network-price-list-2025-26-sch8-wayback/xlsx:SAC Large!E122,11.5,c/day
metering_adder/ergon/2025-26,ergon:MLTOUET4,ergon-network-price-list-2025-26-sch8-wayback/xlsx:SAC Large!E131,11.5,c/day
metering_adder/ergon/2025-26,ergon:MRIBT4,ergon-network-price-list-2025-26-sch8-wayback/xlsx:SACS Residential!E100,11.5,c/day
metering_adder/ergon/2025-26,ergon:MRTDEMT4,ergon-network-price-list-2025-26-sch8-wayback/xlsx:SACS Residential!E97,11.5,c/day
metering_adder/ergon/2025-26,ergon:MRTOUET4,ergon-network-price-list-2025-26-sch8-wayback/xlsx:SACS Residential!E94,11.5,c/day
metering_adder/ergon/2025-26,ergon:WBESTT1,ergon-network-price-list-2025-26-sch8-wayback/xlsx:SAC Large!E127,11.5,c/day
metering_adder/ergon/2025-26,ergon:WBIBT1,ergon-network-price-list-2025-26-sch8-wayback/xlsx:SACS Business!E139,11.5,c/day
metering_adder/ergon/2025-26,ergon:WBPLCT1,ergon-network-price-list-2025-26-sch8-wayback/xlsx:SACS Business!E146,11.5,c/day
metering_adder/ergon/2025-26,ergon:WBTDEMT1,ergon-network-price-list-2025-26-sch8-wayback/xlsx:SACS Business!E136,11.5,c/day
metering_adder/ergon/2025-26,ergon:WBTOUET1,ergon-network-price-list-2025-26-sch8-wayback/xlsx:SACS Business!E133,11.5,c/day
metering_adder/ergon/2025-26,ergon:WLFLEXT1,ergon-network-price-list-2025-26-sch8-wayback/xlsx:SAC Large!E134,11.5,c/day
metering_adder/ergon/2025-26,ergon:WLPLCT1,ergon-network-price-list-2025-26-sch8-wayback/xlsx:SAC Large!E138,11.5,c/day
metering_adder/ergon/2025-26,ergon:WLTOUDT1,ergon-network-price-list-2025-26-sch8-wayback/xlsx:SAC Large!E121,11.5,c/day
metering_adder/ergon/2025-26,ergon:WLTOUET1,ergon-network-price-list-2025-26-sch8-wayback/xlsx:SAC Large!E130,11.5,c/day
metering_adder/ergon/2025-26,ergon:WRIBT1,ergon-network-price-list-2025-26-sch8-wayback/xlsx:SACS Residential!E99,11.5,c/day
metering_adder/ergon/2025-26,ergon:WRTDEMT1,ergon-network-price-list-2025-26-sch8-wayback/xlsx:SACS Residential!E96,11.5,c/day
metering_adder/ergon/2025-26,ergon:WRTOUET1,ergon-network-price-list-2025-26-sch8-wayback/xlsx:SACS Residential!E93,11.5,c/day
metering_adder/ergon/2026-27,ergon:EBESTT1,ergon-network-price-list-2026-27-sch8-wayback/xlsx:SAC Large!E126,11.6,c/day
metering_adder/ergon/2026-27,ergon:EBIBT1,ergon-network-price-list-2026-27-sch8-wayback/xlsx:SACS Business!E126,11.6,c/day
metering_adder/ergon/2026-27,ergon:EBPLCT1,ergon-network-price-list-2026-27-sch8-wayback/xlsx:SACS Business!E130,11.6,c/day
metering_adder/ergon/2026-27,ergon:EBTDEMT1,ergon-network-price-list-2026-27-sch8-wayback/xlsx:SACS Business!E123,11.6,c/day
metering_adder/ergon/2026-27,ergon:EBTOUET1,ergon-network-price-list-2026-27-sch8-wayback/xlsx:SACS Business!E120,11.6,c/day
metering_adder/ergon/2026-27,ergon:EDSTT1,ergon-network-price-list-2026-27-sch8-wayback/xlsx:SAC Large!E123,11.6,c/day
metering_adder/ergon/2026-27,ergon:ELFLEXT1,ergon-network-price-list-2026-27-sch8-wayback/xlsx:SAC Large!E133,11.6,c/day
metering_adder/ergon/2026-27,ergon:ELPLCT1,ergon-network-price-list-2026-27-sch8-wayback/xlsx:SAC Large!E137,11.6,c/day
metering_adder/ergon/2026-27,ergon:ELTOUDT1,ergon-network-price-list-2026-27-sch8-wayback/xlsx:SAC Large!E120,11.6,c/day
metering_adder/ergon/2026-27,ergon:ELTOUET1,ergon-network-price-list-2026-27-sch8-wayback/xlsx:SAC Large!E129,11.6,c/day
metering_adder/ergon/2026-27,ergon:ERIBT1,ergon-network-price-list-2026-27-sch8-wayback/xlsx:SACS Residential!E98,11.6,c/day
metering_adder/ergon/2026-27,ergon:ERTDEMT1,ergon-network-price-list-2026-27-sch8-wayback/xlsx:SACS Residential!E95,11.6,c/day
metering_adder/ergon/2026-27,ergon:ERTOUET1,ergon-network-price-list-2026-27-sch8-wayback/xlsx:SACS Residential!E92,11.6,c/day
metering_adder/ergon/2026-27,ergon:MBESTT4,ergon-network-price-list-2026-27-sch8-wayback/xlsx:SAC Large!E128,11.6,c/day
metering_adder/ergon/2026-27,ergon:MBIBT4,ergon-network-price-list-2026-27-sch8-wayback/xlsx:SACS Business!E128,11.6,c/day
metering_adder/ergon/2026-27,ergon:MBPLCT4,ergon-network-price-list-2026-27-sch8-wayback/xlsx:SACS Business!E132,11.6,c/day
metering_adder/ergon/2026-27,ergon:MBTDEMT4,ergon-network-price-list-2026-27-sch8-wayback/xlsx:SACS Business!E125,11.6,c/day
metering_adder/ergon/2026-27,ergon:MBTOUET4,ergon-network-price-list-2026-27-sch8-wayback/xlsx:SACS Business!E122,11.6,c/day
metering_adder/ergon/2026-27,ergon:MDSTT4,ergon-network-price-list-2026-27-sch8-wayback/xlsx:SAC Large!E125,11.6,c/day
metering_adder/ergon/2026-27,ergon:MLFLEXT4,ergon-network-price-list-2026-27-sch8-wayback/xlsx:SAC Large!E135,11.6,c/day
metering_adder/ergon/2026-27,ergon:MLPLCT4,ergon-network-price-list-2026-27-sch8-wayback/xlsx:SAC Large!E139,11.6,c/day
metering_adder/ergon/2026-27,ergon:MLTOUDT4,ergon-network-price-list-2026-27-sch8-wayback/xlsx:SAC Large!E122,11.6,c/day
metering_adder/ergon/2026-27,ergon:MLTOUET4,ergon-network-price-list-2026-27-sch8-wayback/xlsx:SAC Large!E131,11.6,c/day
metering_adder/ergon/2026-27,ergon:MRIBT4,ergon-network-price-list-2026-27-sch8-wayback/xlsx:SACS Residential!E100,11.6,c/day
metering_adder/ergon/2026-27,ergon:MRTDEMT4,ergon-network-price-list-2026-27-sch8-wayback/xlsx:SACS Residential!E97,11.6,c/day
metering_adder/ergon/2026-27,ergon:MRTOUET4,ergon-network-price-list-2026-27-sch8-wayback/xlsx:SACS Residential!E94,11.6,c/day
metering_adder/ergon/2026-27,ergon:WBESTT1,ergon-network-price-list-2026-27-sch8-wayback/xlsx:SAC Large!E127,11.6,c/day
metering_adder/ergon/2026-27,ergon:WBIBT1,ergon-network-price-list-2026-27-sch8-wayback/xlsx:SACS Business!E127,11.6,c/day
metering_adder/ergon/2026-27,ergon:WBPLCT1,ergon-network-price-list-2026-27-sch8-wayback/xlsx:SACS Business!E131,11.6,c/day
metering_adder/ergon/2026-27,ergon:WBTDEMT1,ergon-network-price-list-2026-27-sch8-wayback/xlsx:SACS Business!E124,11.6,c/day
metering_adder/ergon/2026-27,ergon:WBTOUET1,ergon-network-price-list-2026-27-sch8-wayback/xlsx:SACS Business!E121,11.6,c/day
metering_adder/ergon/2026-27,ergon:WDSTT1,ergon-network-price-list-2026-27-sch8-wayback/xlsx:SAC Large!E124,11.6,c/day
metering_adder/ergon/2026-27,ergon:WLFLEXT1,ergon-network-price-list-2026-27-sch8-wayback/xlsx:SAC Large!E134,11.6,c/day
metering_adder/ergon/2026-27,ergon:WLPLCT1,ergon-network-price-list-2026-27-sch8-wayback/xlsx:SAC Large!E138,11.6,c/day
metering_adder/ergon/2026-27,ergon:WLTOUDT1,ergon-network-price-list-2026-27-sch8-wayback/xlsx:SAC Large!E121,11.6,c/day
metering_adder/ergon/2026-27,ergon:WLTOUET1,ergon-network-price-list-2026-27-sch8-wayback/xlsx:SAC Large!E130,11.6,c/day
metering_adder/ergon/2026-27,ergon:WRIBT1,ergon-network-price-list-2026-27-sch8-wayback/xlsx:SACS Residential!E99,11.6,c/day
metering_adder/ergon/2026-27,ergon:WRTDEMT1,ergon-network-price-list-2026-27-sch8-wayback/xlsx:SACS Residential!E96,11.6,c/day
metering_adder/ergon/2026-27,ergon:WRTOUET1,ergon-network-price-list-2026-27-sch8-wayback/xlsx:SACS Residential!E93,11.6,c/day
metering_adder/essential/2024-25,essential:BLNBSS1,aer-stakeholder-report-essential-2024-25/xlsx:Tariff schedule!I7,16.60515136119,c/day
metering_adder/essential/2024-25,essential:BLND1AB,aer-stakeholder-report-essential-2024-25/xlsx:Tariff schedule!I7,16.60515136119,c/day
metering_adder/essential/2024-25,essential:BLND1AR,aer-stakeholder-report-essential-2024-25/xlsx:Tariff schedule!I7,16.60515136119,c/day
metering_adder/essential/2024-25,essential:BLND3AO,aer-stakeholder-report-essential-2024-25/xlsx:Tariff schedule!I7,16.60515136119,c/day
metering_adder/essential/2024-25,essential:BLND3TO,aer-stakeholder-report-essential-2024-25/xlsx:Tariff schedule!I7,16.60515136119,c/day
metering_adder/essential/2024-25,essential:BLND4LS,aer-stakeholder-report-essential-2024-25/xlsx:Tariff schedule!I7,16.60515136119,c/day
metering_adder/essential/2024-25,essential:BLND4SB,aer-stakeholder-report-essential-2024-25/xlsx:Tariff schedule!I7,16.60515136119,c/day
metering_adder/essential/2024-25,essential:BLNDTRS,aer-stakeholder-report-essential-2024-25/xlsx:Tariff schedule!I7,16.60515136119,c/day
metering_adder/essential/2024-25,essential:BLNN1AU,aer-stakeholder-report-essential-2024-25/xlsx:Tariff schedule!I7,16.60515136119,c/day
metering_adder/essential/2024-25,essential:BLNN2AU,aer-stakeholder-report-essential-2024-25/xlsx:Tariff schedule!I7,16.60515136119,c/day
metering_adder/essential/2024-25,essential:BLNRSS2,aer-stakeholder-report-essential-2024-25/xlsx:Tariff schedule!I7,16.60515136119,c/day
metering_adder/essential/2024-25,essential:BLNS1AO,aer-stakeholder-report-essential-2024-25/xlsx:Tariff schedule!I7,16.60515136119,c/day
metering_adder/essential/2024-25,essential:BLNT1AO,aer-stakeholder-report-essential-2024-25/xlsx:Tariff schedule!I7,16.60515136119,c/day
metering_adder/essential/2024-25,essential:BLNT2AL,aer-stakeholder-report-essential-2024-25/xlsx:Tariff schedule!I7,16.60515136119,c/day
metering_adder/essential/2024-25,essential:BLNT2AU,aer-stakeholder-report-essential-2024-25/xlsx:Tariff schedule!I7,16.60515136119,c/day
metering_adder/essential/2024-25,essential:BLNT3AL,aer-stakeholder-report-essential-2024-25/xlsx:Tariff schedule!I7,16.60515136119,c/day
metering_adder/essential/2024-25,essential:BLNT3AU,aer-stakeholder-report-essential-2024-25/xlsx:Tariff schedule!I7,16.60515136119,c/day
metering_adder/essential/2025-26,essential:BLNBSS1,aer-consolidated-2025-26-v5/xlsx:Metering!L213,17.0210419772881,c/day
metering_adder/essential/2025-26,essential:BLND1AB,aer-consolidated-2025-26-v5/xlsx:Metering!L213,17.0210419772881,c/day
metering_adder/essential/2025-26,essential:BLND1AR,aer-consolidated-2025-26-v5/xlsx:Metering!L213,17.0210419772881,c/day
metering_adder/essential/2025-26,essential:BLND3AO,aer-consolidated-2025-26-v5/xlsx:Metering!L213,17.0210419772881,c/day
metering_adder/essential/2025-26,essential:BLND3TO,aer-consolidated-2025-26-v5/xlsx:Metering!L213,17.0210419772881,c/day
metering_adder/essential/2025-26,essential:BLND4LS,aer-consolidated-2025-26-v5/xlsx:Metering!L213,17.0210419772881,c/day
metering_adder/essential/2025-26,essential:BLND4SB,aer-consolidated-2025-26-v5/xlsx:Metering!L213,17.0210419772881,c/day
metering_adder/essential/2025-26,essential:BLNN1AU,aer-consolidated-2025-26-v5/xlsx:Metering!L213,17.0210419772881,c/day
metering_adder/essential/2025-26,essential:BLNN2AU,aer-consolidated-2025-26-v5/xlsx:Metering!L213,17.0210419772881,c/day
metering_adder/essential/2025-26,essential:BLNRSS2,aer-consolidated-2025-26-v5/xlsx:Metering!L213,17.0210419772881,c/day
metering_adder/essential/2025-26,essential:BLNS1AO,aer-consolidated-2025-26-v5/xlsx:Metering!L213,17.0210419772881,c/day
metering_adder/essential/2025-26,essential:BLNT1AO,aer-consolidated-2025-26-v5/xlsx:Metering!L213,17.0210419772881,c/day
metering_adder/essential/2025-26,essential:BLNT2AL,aer-consolidated-2025-26-v5/xlsx:Metering!L213,17.0210419772881,c/day
metering_adder/essential/2025-26,essential:BLNT2AU,aer-consolidated-2025-26-v5/xlsx:Metering!L213,17.0210419772881,c/day
metering_adder/essential/2025-26,essential:BLNT3AL,aer-consolidated-2025-26-v5/xlsx:Metering!L213,17.0210419772881,c/day
metering_adder/essential/2025-26,essential:BLNT3AU,aer-consolidated-2025-26-v5/xlsx:Metering!L213,17.0210419772881,c/day
metering_adder/essential/2026-27,essential:BLNBSS1,aer-consolidated-2026-27-v5/xlsx:Metering!L213,17.3530073236359,c/day
metering_adder/essential/2026-27,essential:BLND1AB,aer-consolidated-2026-27-v5/xlsx:Metering!L213,17.3530073236359,c/day
metering_adder/essential/2026-27,essential:BLND1AR,aer-consolidated-2026-27-v5/xlsx:Metering!L213,17.3530073236359,c/day
metering_adder/essential/2026-27,essential:BLND3AO,aer-consolidated-2026-27-v5/xlsx:Metering!L213,17.3530073236359,c/day
metering_adder/essential/2026-27,essential:BLND3TO,aer-consolidated-2026-27-v5/xlsx:Metering!L213,17.3530073236359,c/day
metering_adder/essential/2026-27,essential:BLND4LS,aer-consolidated-2026-27-v5/xlsx:Metering!L213,17.3530073236359,c/day
metering_adder/essential/2026-27,essential:BLND4SB,aer-consolidated-2026-27-v5/xlsx:Metering!L213,17.3530073236359,c/day
metering_adder/essential/2026-27,essential:BLNN1AU,aer-consolidated-2026-27-v5/xlsx:Metering!L213,17.3530073236359,c/day
metering_adder/essential/2026-27,essential:BLNN2AU,aer-consolidated-2026-27-v5/xlsx:Metering!L213,17.3530073236359,c/day
metering_adder/essential/2026-27,essential:BLNRSS2,aer-consolidated-2026-27-v5/xlsx:Metering!L213,17.3530073236359,c/day
metering_adder/essential/2026-27,essential:BLNS1AO,aer-consolidated-2026-27-v5/xlsx:Metering!L213,17.3530073236359,c/day
metering_adder/essential/2026-27,essential:BLNT1AO,aer-consolidated-2026-27-v5/xlsx:Metering!L213,17.3530073236359,c/day
metering_adder/essential/2026-27,essential:BLNT2AL,aer-consolidated-2026-27-v5/xlsx:Metering!L213,17.3530073236359,c/day
metering_adder/essential/2026-27,essential:BLNT2AU,aer-consolidated-2026-27-v5/xlsx:Metering!L213,17.3530073236359,c/day
metering_adder/essential/2026-27,essential:BLNT3AL,aer-consolidated-2026-27-v5/xlsx:Metering!L213,17.3530073236359,c/day
metering_adder/essential/2026-27,essential:BLNT3AU,aer-consolidated-2026-27-v5/xlsx:Metering!L213,17.3530073236359,c/day
