state,holiday_date,name
ACT,2016-01-01,New Year's Day
ACT,2016-01-26,Australia Day
ACT,2016-03-14,Canberra Day
ACT,2016-03-25,Good Friday
ACT,2016-03-26,Easter Saturday
ACT,2016-03-27,Easter Sunday
ACT,2016-03-28,Easter Monday
ACT,2016-04-25,ANZAC Day
ACT,2016-06-13,Queen's Birthday
ACT,2016-09-26,Family & Community Day
ACT,2016-10-03,Labour Day
ACT,2016-12-25,Christmas Day
ACT,2016-12-26,Boxing Day
ACT,2016-12-27,Christmas Day (observed)
ACT,2017-01-01,New Year's Day
ACT,2017-01-02,New Year's Day (observed)
ACT,2017-01-26,Australia Day
ACT,2017-03-13,Canberra Day
ACT,2017-04-14,Good Friday
ACT,2017-04-15,Easter Saturday
ACT,2017-04-16,Easter Sunday
ACT,2017-04-17,Easter Monday
ACT,2017-04-25,ANZAC Day
ACT,2017-06-12,Queen's Birthday
ACT,2017-09-25,Family & Community Day
ACT,2017-10-02,Labour Day
ACT,2017-12-25,Christmas Day
ACT,2017-12-26,Boxing Day
ACT,2018-01-01,New Year's Day
ACT,2018-01-26,Australia Day
ACT,2018-03-12,Canberra Day
ACT,2018-03-30,Good Friday
ACT,2018-03-31,Easter Saturday
ACT,2018-04-01,Easter Sunday
ACT,2018-04-02,Easter Monday
ACT,2018-04-25,ANZAC Day
ACT,2018-05-28,Reconciliation Day
ACT,2018-06-11,Queen's Birthday
ACT,2018-10-01,Labour Day
ACT,2018-12-25,Christmas Day
ACT,2018-12-26,Boxing Day
ACT,2019-01-01,New Year's Day
ACT,2019-01-28,Australia Day
ACT,2019-03-11,Canberra Day
ACT,2019-04-19,Good Friday
ACT,2019-04-20,Easter Saturday
ACT,2019-04-21,Easter Sunday
ACT,2019-04-22,Easter Monday
ACT,2019-04-25,ANZAC Day
ACT,2019-05-27,Reconciliation Day
ACT,2019-06-10,Queen's Birthday
ACT,2019-10-07,Labour Day
ACT,2019-12-25,Christmas Day
ACT,2019-12-26,Boxing Day
ACT,2020-01-01,New Year's Day
ACT,2020-01-27,Australia Day
ACT,2020-03-09,Canberra Day
ACT,2020-04-10,Good Friday
ACT,2020-04-11,Easter Saturday
ACT,2020-04-12,Easter Sunday
ACT,2020-04-13,Easter Monday
ACT,2020-04-25,ANZAC Day
ACT,2020-04-27,Declared Public Holiday
ACT,2020-06-01,Reconciliation Day
ACT,2020-06-08,Queen's Birthday
ACT,2020-10-05,Labour Day
ACT,2020-12-25,Christmas Day
ACT,2020-12-26,Boxing Day
ACT,2020-12-28,Boxing Day (observed)
ACT,2021-01-01,New Year's Day
ACT,2021-01-26,Australia Day
ACT,2021-03-08,Canberra Day
ACT,2021-04-02,Good Friday
ACT,2021-04-03,Easter Saturday
ACT,2021-04-04,Easter Sunday
ACT,2021-04-05,Easter Monday
ACT,2021-04-25,Additional Public Holiday
ACT,2021-04-26,ANZAC Day
ACT,2021-05-31,Reconciliation Day
ACT,2021-06-14,Queen's Birthday
ACT,2021-10-04,Labour Day
ACT,2021-12-25,Christmas Day
ACT,2021-12-26,Boxing Day
ACT,2021-12-27,Christmas Day (observed)
ACT,2021-12-28,Boxing Day (observed)
ACT,2022-01-01,New Year's Day
ACT,2022-01-03,New Year's Day (observed)
ACT,2022-01-26,Australia Day
ACT,2022-03-14,Canberra Day
ACT,2022-04-15,Good Friday
ACT,2022-04-16,Easter Saturday
ACT,2022-04-17,Easter Sunday
ACT,2022-04-18,Easter Monday
ACT,2022-04-25,ANZAC Day
ACT,2022-05-30,Reconciliation Day
ACT,2022-06-13,Queen's Birthday
ACT,2022-09-22,National Day of Mourning for Queen Elizabeth II
ACT,2022-10-03,Labour Day
ACT,2022-12-25,Christmas Day
ACT,2022-12-26,Boxing Day
ACT,2022-12-27,Christmas Day (observed)
ACT,2023-01-01,New Year's Day
ACT,2023-01-02,New Year's Day (observed)
ACT,2023-01-26,Australia Day
ACT,2023-03-13,Canberra Day
ACT,2023-04-07,Good Friday
ACT,2023-04-08,Easter Saturday
ACT,2023-04-09,Easter Sunday
ACT,2023-04-10,Easter Monday
ACT,2023-04-25,ANZAC Day
ACT,2023-05-29,Reconciliation Day
ACT,2023-06-12,King's Birthday
ACT,2023-10-02,Labour Day
ACT,2023-12-25,Christmas Day
ACT,2023-12-26,Boxing Day
ACT,2024-01-01,New Year's Day
ACT,2024-01-26,Australia Day
ACT,2024-03-11,Canberra Day
ACT,2024-03-29,Good Friday
ACT,2024-03-30,Easter Saturday
ACT,2024-03-31,Easter Sunday
ACT,2024-04-01,Easter Monday
ACT,2024-04-25,ANZAC Day
ACT,2024-05-27,Reconciliation Day
ACT,2024-06-10,King's Birthday
ACT,2024-10-07,Labour Day
ACT,2024-12-25,Christmas Day
ACT,2024-12-26,Boxing Day
ACT,2025-01-01,New Year's Day
ACT,2025-01-27,Australia Day
ACT,2025-03-10,Canberra Day
ACT,2025-04-18,Good Friday
ACT,2025-04-19,Easter Saturday
ACT,2025-04-20,Easter Sunday
ACT,2025-04-21,Easter Monday
ACT,2025-04-25,ANZAC Day
ACT,2025-06-02,Reconciliation Day
ACT,2025-06-09,King's Birthday
ACT,2025-10-06,Labour Day
ACT,2025-12-25,Christmas Day
ACT,2025-12-26,Boxing Day
ACT,2026-01-01,New Year's Day
ACT,2026-01-26,Australia Day
ACT,2026-03-09,Canberra Day
ACT,2026-04-03,Good Friday
ACT,2026-04-04,Easter Saturday
ACT,2026-04-05,Easter Sunday
ACT,2026-04-06,Easter Monday
ACT,2026-04-25,ANZAC Day
ACT,2026-04-27,ANZAC Day (observed)
ACT,2026-06-01,Reconciliation Day
ACT,2026-06-08,King's Birthday
ACT,2026-10-05,Labour Day
ACT,2026-12-25,Christmas Day
ACT,2026-12-26,Boxing Day
ACT,2026-12-28,Boxing Day (observed)
ACT,2027-01-01,New Year's Day
ACT,2027-01-26,Australia Day
ACT,2027-03-08,Canberra Day
ACT,2027-03-26,Good Friday
ACT,2027-03-27,Easter Saturday
ACT,2027-03-28,Easter Sunday
ACT,2027-03-29,Easter Monday
ACT,2027-04-26,ANZAC Day
ACT,2027-05-31,Reconciliation Day
ACT,2027-06-14,King's Birthday
ACT,2027-10-04,Labour Day
ACT,2027-12-25,Christmas Day
ACT,2027-12-26,Boxing Day
ACT,2027-12-27,Christmas Day (observed)
ACT,2027-12-28,Boxing Day (observed)
NSW,2016-01-01,New Year's Day
NSW,2016-01-26,Australia Day
NSW,2016-03-25,Good Friday
NSW,2016-03-26,Easter Saturday
NSW,2016-03-27,Easter Sunday
NSW,2016-03-28,Easter Monday
NSW,2016-04-25,ANZAC Day
NSW,2016-06-13,Queen's Birthday
NSW,2016-10-03,Labour Day
NSW,2016-12-25,Christmas Day
NSW,2016-12-26,Boxing Day
NSW,2016-12-27,Christmas Day (observed)
NSW,2017-01-01,New Year's Day
NSW,2017-01-02,New Year's Day (observed)
NSW,2017-01-26,Australia Day
NSW,2017-04-14,Good Friday
NSW,2017-04-15,Easter Saturday
NSW,2017-04-16,Easter Sunday
NSW,2017-04-17,Easter Monday
NSW,2017-04-25,ANZAC Day
NSW,2017-06-12,Queen's Birthday
NSW,2017-10-02,Labour Day
NSW,2017-12-25,Christmas Day
NSW,2017-12-26,Boxing Day
NSW,2018-01-01,New Year's Day
NSW,2018-01-26,Australia Day
NSW,2018-03-30,Good Friday
NSW,2018-03-31,Easter Saturday
NSW,2018-04-01,Easter Sunday
NSW,2018-04-02,Easter Monday
NSW,2018-04-25,ANZAC Day
NSW,2018-06-11,Queen's Birthday
NSW,2018-10-01,Labour Day
NSW,2018-12-25,Christmas Day
NSW,2018-12-26,Boxing Day
NSW,2019-01-01,New Year's Day
NSW,2019-01-28,Australia Day
NSW,2019-04-19,Good Friday
NSW,2019-04-20,Easter Saturday
NSW,2019-04-21,Easter Sunday
NSW,2019-04-22,Easter Monday
NSW,2019-04-25,ANZAC Day
NSW,2019-06-10,Queen's Birthday
NSW,2019-10-07,Labour Day
NSW,2019-12-25,Christmas Day
NSW,2019-12-26,Boxing Day
NSW,2020-01-01,New Year's Day
NSW,2020-01-27,Australia Day
NSW,2020-04-10,Good Friday
NSW,2020-04-11,Easter Saturday
NSW,2020-04-12,Easter Sunday
NSW,2020-04-13,Easter Monday
NSW,2020-04-25,ANZAC Day
NSW,2020-06-08,Queen's Birthday
NSW,2020-10-05,Labour Day
NSW,2020-12-25,Christmas Day
NSW,2020-12-26,Boxing Day
NSW,2020-12-28,Boxing Day (observed)
NSW,2021-01-01,New Year's Day
NSW,2021-01-26,Australia Day
NSW,2021-04-02,Good Friday
NSW,2021-04-03,Easter Saturday
NSW,2021-04-04,Easter Sunday
NSW,2021-04-05,Easter Monday
NSW,2021-04-25,ANZAC Day
NSW,2021-06-14,Queen's Birthday
NSW,2021-10-04,Labour Day
NSW,2021-12-25,Christmas Day
NSW,2021-12-26,Boxing Day
NSW,2021-12-27,Christmas Day (observed)
NSW,2021-12-28,Boxing Day (observed)
NSW,2022-01-01,New Year's Day
NSW,2022-01-03,New Year's Day (observed)
NSW,2022-01-26,Australia Day
NSW,2022-04-15,Good Friday
NSW,2022-04-16,Easter Saturday
NSW,2022-04-17,Easter Sunday
NSW,2022-04-18,Easter Monday
NSW,2022-04-25,ANZAC Day
NSW,2022-06-13,Queen's Birthday
NSW,2022-09-22,National Day of Mourning for Queen Elizabeth II
NSW,2022-10-03,Labour Day
NSW,2022-12-25,Christmas Day
NSW,2022-12-26,Boxing Day
NSW,2022-12-27,Christmas Day (observed)
NSW,2023-01-01,New Year's Day
NSW,2023-01-02,New Year's Day (observed)
NSW,2023-01-26,Australia Day
NSW,2023-04-07,Good Friday
NSW,2023-04-08,Easter Saturday
NSW,2023-04-09,Easter Sunday
NSW,2023-04-10,Easter Monday
NSW,2023-04-25,ANZAC Day
NSW,2023-06-12,King's Birthday
NSW,2023-10-02,Labour Day
NSW,2023-12-25,Christmas Day
NSW,2023-12-26,Boxing Day
NSW,2024-01-01,New Year's Day
NSW,2024-01-26,Australia Day
NSW,2024-03-29,Good Friday
NSW,2024-03-30,Easter Saturday
NSW,2024-03-31,Easter Sunday
NSW,2024-04-01,Easter Monday
NSW,2024-04-25,ANZAC Day
NSW,2024-06-10,King's Birthday
NSW,2024-10-07,Labour Day
NSW,2024-12-25,Christmas Day
NSW,2024-12-26,Boxing Day
NSW,2025-01-01,New Year's Day
NSW,2025-01-27,Australia Day
NSW,2025-04-18,Good Friday
NSW,2025-04-19,Easter Saturday
NSW,2025-04-20,Easter Sunday
NSW,2025-04-21,Easter Monday
NSW,2025-04-25,ANZAC Day
NSW,2025-06-09,King's Birthday
NSW,2025-10-06,Labour Day
NSW,2025-12-25,Christmas Day
NSW,2025-12-26,Boxing Day
NSW,2026-01-01,New Year's Day
NSW,2026-01-26,Australia Day
NSW,2026-04-03,Good Friday
NSW,2026-04-04,Easter Saturday
NSW,2026-04-05,Easter Sunday
NSW,2026-04-06,Easter Monday
NSW,2026-04-25,ANZAC Day
NSW,2026-04-27,ANZAC Day (observed)
NSW,2026-06-08,King's Birthday
NSW,2026-10-05,Labour Day
NSW,2026-12-25,Christmas Day
NSW,2026-12-26,Boxing Day
NSW,2026-12-28,Boxing Day (observed)
NSW,2027-01-01,New Year's Day
NSW,2027-01-26,Australia Day
NSW,2027-03-26,Good Friday
NSW,2027-03-27,Easter Saturday
NSW,2027-03-28,Easter Sunday
NSW,2027-03-29,Easter Monday
NSW,2027-04-25,ANZAC Day
NSW,2027-04-26,ANZAC Day (observed)
NSW,2027-06-14,King's Birthday
NSW,2027-10-04,Labour Day
NSW,2027-12-25,Christmas Day
NSW,2027-12-26,Boxing Day
NSW,2027-12-27,Christmas Day (observed)
NSW,2027-12-28,Boxing Day (observed)
NT,2016-01-01,New Year's Day
NT,2016-01-26,Australia Day
NT,2016-03-25,Good Friday
NT,2016-03-26,Easter Saturday
NT,2016-03-28,Easter Monday
NT,2016-04-25,ANZAC Day
NT,2016-05-02,May Day
NT,2016-06-13,Queen's Birthday
NT,2016-08-01,Picnic Day
NT,2016-12-25,Christmas Day
NT,2016-12-26,Christmas Day (observed)
NT,2016-12-27,Boxing Day
NT,2017-01-01,New Year's Day
NT,2017-01-02,New Year's Day (observed)
NT,2017-01-26,Australia Day
NT,2017-04-14,Good Friday
NT,2017-04-15,Easter Saturday
NT,2017-04-17,Easter Monday
NT,2017-04-25,ANZAC Day
NT,2017-05-01,May Day
NT,2017-06-12,Queen's Birthday
NT,2017-08-07,Picnic Day
NT,2017-12-25,Christmas Day
NT,2017-12-26,Boxing Day
NT,2018-01-01,New Year's Day
NT,2018-01-26,Australia Day
NT,2018-03-30,Good Friday
NT,2018-03-31,Easter Saturday
NT,2018-04-02,Easter Monday
NT,2018-04-25,ANZAC Day
NT,2018-05-07,May Day
NT,2018-06-11,Queen's Birthday
NT,2018-08-06,Picnic Day
NT,2018-12-25,Christmas Day
NT,2018-12-26,Boxing Day
NT,2019-01-01,New Year's Day
NT,2019-01-28,Australia Day
NT,2019-04-19,Good Friday
NT,2019-04-20,Easter Saturday
NT,2019-04-22,Easter Monday
NT,2019-04-25,ANZAC Day
NT,2019-05-06,May Day
NT,2019-06-10,Queen's Birthday
NT,2019-08-05,Picnic Day
NT,2019-12-25,Christmas Day
NT,2019-12-26,Boxing Day
NT,2020-01-01,New Year's Day
NT,2020-01-27,Australia Day
NT,2020-04-10,Good Friday
NT,2020-04-11,Easter Saturday
NT,2020-04-13,Easter Monday
NT,2020-04-25,ANZAC Day
NT,2020-05-04,May Day
NT,2020-06-08,Queen's Birthday
NT,2020-08-03,Picnic Day
NT,2020-12-25,Christmas Day
NT,2020-12-28,Boxing Day
NT,2021-01-01,New Year's Day
NT,2021-01-26,Australia Day
NT,2021-04-02,Good Friday
NT,2021-04-03,Easter Saturday
NT,2021-04-05,Easter Monday
NT,2021-04-26,ANZAC Day
NT,2021-05-03,May Day
NT,2021-06-14,Queen's Birthday
NT,2021-08-02,Picnic Day
NT,2021-12-25,Christmas Day
NT,2021-12-27,Christmas Day (observed)
NT,2021-12-28,Boxing Day
NT,2022-01-01,New Year's Day
NT,2022-01-03,New Year's Day (observed)
NT,2022-01-26,Australia Day
NT,2022-04-15,Good Friday
NT,2022-04-16,Easter Saturday
NT,2022-04-18,Easter Monday
NT,2022-04-25,ANZAC Day
NT,2022-05-02,May Day
NT,2022-06-13,Queen's Birthday
NT,2022-08-01,Picnic Day
NT,2022-09-22,National Day of Mourning for Queen Elizabeth II
NT,2022-12-25,Christmas Day
NT,2022-12-26,Christmas Day (observed)
NT,2022-12-27,Boxing Day
NT,2023-01-01,New Year's Day
NT,2023-01-02,New Year's Day (observed)
NT,2023-01-26,Australia Day
NT,2023-04-07,Good Friday
NT,2023-04-08,Easter Saturday
NT,2023-04-10,Easter Monday
NT,2023-04-25,ANZAC Day
NT,2023-05-01,May Day
NT,2023-06-12,King's Birthday
NT,2023-08-07,Picnic Day
NT,2023-12-25,Christmas Day
NT,2023-12-26,Boxing Day
NT,2024-01-01,New Year's Day
NT,2024-01-26,Australia Day
NT,2024-03-29,Good Friday
NT,2024-03-30,Easter Saturday
NT,2024-03-31,Easter Sunday
NT,2024-04-01,Easter Monday
NT,2024-04-25,ANZAC Day
NT,2024-05-06,May Day
NT,2024-06-10,King's Birthday
NT,2024-08-05,Picnic Day
NT,2024-12-25,Christmas Day
NT,2024-12-26,Boxing Day
NT,2025-01-01,New Year's Day
NT,2025-01-27,Australia Day
NT,2025-04-18,Good Friday
NT,2025-04-19,Easter Saturday
NT,2025-04-20,Easter Sunday
NT,2025-04-21,Easter Monday
NT,2025-04-25,ANZAC Day
NT,2025-05-05,May Day
NT,2025-06-09,King's Birthday
NT,2025-08-04,Picnic Day
NT,2025-12-25,Christmas Day
NT,2025-12-26,Boxing Day
NT,2026-01-01,New Year's Day
NT,2026-01-26,Australia Day
NT,2026-04-03,Good Friday
NT,2026-04-04,Easter Saturday
NT,2026-04-05,Easter Sunday
NT,2026-04-06,Easter Monday
NT,2026-04-25,ANZAC Day
NT,2026-05-04,May Day
NT,2026-06-08,King's Birthday
NT,2026-08-03,Picnic Day
NT,2026-12-25,Christmas Day
NT,2026-12-26,Boxing Day
NT,2026-12-28,Boxing Day (observed)
NT,2027-01-01,New Year's Day
NT,2027-01-26,Australia Day
NT,2027-03-26,Good Friday
NT,2027-03-27,Easter Saturday
NT,2027-03-28,Easter Sunday
NT,2027-03-29,Easter Monday
NT,2027-04-26,ANZAC Day
NT,2027-05-03,May Day
NT,2027-06-14,King's Birthday
NT,2027-08-02,Picnic Day
NT,2027-12-25,Christmas Day
NT,2027-12-26,Boxing Day
NT,2027-12-27,Christmas Day (observed)
NT,2027-12-28,Boxing Day (observed)
QLD,2016-01-01,New Year's Day
QLD,2016-01-26,Australia Day
QLD,2016-03-25,Good Friday
QLD,2016-03-26,Easter Saturday
QLD,2016-03-28,Easter Monday
QLD,2016-04-25,ANZAC Day
QLD,2016-05-02,Labour Day
QLD,2016-08-10,The Royal Queensland Show
QLD,2016-10-03,Queen's Birthday
QLD,2016-12-25,Christmas Day
QLD,2016-12-26,Boxing Day
QLD,2016-12-27,Christmas Day (observed)
QLD,2017-01-01,New Year's Day
QLD,2017-01-02,New Year's Day (observed)
QLD,2017-01-26,Australia Day
QLD,2017-04-14,Good Friday
QLD,2017-04-15,Easter Saturday
QLD,2017-04-16,Easter Sunday
QLD,2017-04-17,Easter Monday
QLD,2017-04-25,ANZAC Day
QLD,2017-05-01,Labour Day
QLD,2017-08-16,The Royal Queensland Show
QLD,2017-10-02,Queen's Birthday
QLD,2017-12-25,Christmas Day
QLD,2017-12-26,Boxing Day
QLD,2018-01-01,New Year's Day
QLD,2018-01-26,Australia Day
QLD,2018-03-30,Good Friday
QLD,2018-03-31,Easter Saturday
QLD,2018-04-01,Easter Sunday
QLD,2018-04-02,Easter Monday
QLD,2018-04-25,ANZAC Day
QLD,2018-05-07,Labour Day
QLD,2018-08-15,The Royal Queensland Show
QLD,2018-10-01,Queen's Birthday
QLD,2018-12-25,Christmas Day
QLD,2018-12-26,Boxing Day
QLD,2019-01-01,New Year's Day
QLD,2019-01-28,Australia Day
QLD,2019-04-19,Good Friday
QLD,2019-04-20,Easter Saturday
QLD,2019-04-21,Easter Sunday
QLD,2019-04-22,Easter Monday
QLD,2019-04-25,ANZAC Day
QLD,2019-05-06,Labour Day
QLD,2019-08-14,The Royal Queensland Show
QLD,2019-10-07,Queen's Birthday
QLD,2019-12-25,Christmas Day
QLD,2019-12-26,Boxing Day
QLD,2020-01-01,New Year's Day
QLD,2020-01-27,Australia Day
QLD,2020-04-10,Good Friday
QLD,2020-04-11,Easter Saturday
QLD,2020-04-12,Easter Sunday
QLD,2020-04-13,Easter Monday
QLD,2020-04-25,ANZAC Day
QLD,2020-05-04,Labour Day
QLD,2020-08-14,The Royal Queensland Show
QLD,2020-10-05,Queen's Birthday
QLD,2020-12-25,Christmas Day
QLD,2020-12-26,Boxing Day
QLD,2020-12-28,Boxing Day (observed)
QLD,2021-01-01,New Year's Day
QLD,2021-01-26,Australia Day
QLD,2021-04-02,Good Friday
QLD,2021-04-03,Easter Saturday
QLD,2021-04-04,Easter Sunday
QLD,2021-04-05,Easter Monday
QLD,2021-04-26,ANZAC Day
QLD,2021-05-03,Labour Day
QLD,2021-10-04,Queen's Birthday
QLD,2021-10-29,The Royal Queensland Show
QLD,2021-12-25,Christmas Day
QLD,2021-12-26,Boxing Day
QLD,2021-12-27,Christmas Day (observed)
QLD,2021-12-28,Boxing Day (observed)
QLD,2022-01-01,New Year's Day
QLD,2022-01-03,New Year's Day (observed)
QLD,2022-01-26,Australia Day
QLD,2022-04-15,Good Friday
QLD,2022-04-16,Easter Saturday
QLD,2022-04-17,Easter Sunday
QLD,2022-04-18,Easter Monday
QLD,2022-04-25,ANZAC Day
QLD,2022-05-02,Labour Day
QLD,2022-08-10,The Royal Queensland Show
QLD,2022-09-22,National Day of Mourning for Queen Elizabeth II
QLD,2022-10-03,Queen's Birthday
QLD,2022-12-25,Christmas Day
QLD,2022-12-26,Boxing Day
QLD,2022-12-27,Christmas Day (observed)
QLD,2023-01-01,New Year's Day
QLD,2023-01-02,New Year's Day (observed)
QLD,2023-01-26,Australia Day
QLD,2023-04-07,Good Friday
QLD,2023-04-08,Easter Saturday
QLD,2023-04-09,Easter Sunday
QLD,2023-04-10,Easter Monday
QLD,2023-04-25,ANZAC Day
QLD,2023-05-01,Labour Day
QLD,2023-08-16,The Royal Queensland Show
QLD,2023-10-02,King's Birthday
QLD,2023-12-25,Christmas Day
QLD,2023-12-26,Boxing Day
QLD,2024-01-01,New Year's Day
QLD,2024-01-26,Australia Day
QLD,2024-03-29,Good Friday
QLD,2024-03-30,Easter Saturday
QLD,2024-03-31,Easter Sunday
QLD,2024-04-01,Easter Monday
QLD,2024-04-25,ANZAC Day
QLD,2024-05-06,Labour Day
QLD,2024-08-14,The Royal Queensland Show
QLD,2024-10-07,King's Birthday
QLD,2024-12-25,Christmas Day
QLD,2024-12-26,Boxing Day
QLD,2025-01-01,New Year's Day
QLD,2025-01-27,Australia Day
QLD,2025-04-18,Good Friday
QLD,2025-04-19,Easter Saturday
QLD,2025-04-20,Easter Sunday
QLD,2025-04-21,Easter Monday
QLD,2025-04-25,ANZAC Day
QLD,2025-05-05,Labour Day
QLD,2025-08-13,The Royal Queensland Show
QLD,2025-10-06,King's Birthday
QLD,2025-12-25,Christmas Day
QLD,2025-12-26,Boxing Day
QLD,2026-01-01,New Year's Day
QLD,2026-01-26,Australia Day
QLD,2026-04-03,Good Friday
QLD,2026-04-04,Easter Saturday
QLD,2026-04-05,Easter Sunday
QLD,2026-04-06,Easter Monday
QLD,2026-04-25,ANZAC Day
QLD,2026-05-04,Labour Day
QLD,2026-08-12,The Royal Queensland Show
QLD,2026-10-05,King's Birthday
QLD,2026-12-25,Christmas Day
QLD,2026-12-26,Boxing Day
QLD,2026-12-28,Boxing Day (observed)
QLD,2027-01-01,New Year's Day
QLD,2027-01-26,Australia Day
QLD,2027-03-26,Good Friday
QLD,2027-03-27,Easter Saturday
QLD,2027-03-28,Easter Sunday
QLD,2027-03-29,Easter Monday
QLD,2027-04-26,ANZAC Day
QLD,2027-05-03,Labour Day
QLD,2027-08-11,The Royal Queensland Show
QLD,2027-10-04,King's Birthday
QLD,2027-12-25,Christmas Day
QLD,2027-12-26,Boxing Day
QLD,2027-12-27,Christmas Day (observed)
QLD,2027-12-28,Boxing Day (observed)
SA,2016-01-01,New Year's Day
SA,2016-01-26,Australia Day
SA,2016-03-14,Adelaide Cup Day
SA,2016-03-25,Good Friday
SA,2016-03-26,Easter Saturday
SA,2016-03-28,Easter Monday
SA,2016-04-25,ANZAC Day
SA,2016-06-13,Queen's Birthday
SA,2016-10-03,Labour Day
SA,2016-12-25,Christmas Day
SA,2016-12-26,Christmas Day (observed); Proclamation Day
SA,2016-12-27,Proclamation Day (observed)
SA,2017-01-01,New Year's Day
SA,2017-01-02,New Year's Day (observed)
SA,2017-01-26,Australia Day
SA,2017-03-13,Adelaide Cup Day
SA,2017-04-14,Good Friday
SA,2017-04-15,Easter Saturday
SA,2017-04-17,Easter Monday
SA,2017-04-25,ANZAC Day
SA,2017-06-12,Queen's Birthday
SA,2017-10-02,Labour Day
SA,2017-12-25,Christmas Day
SA,2017-12-26,Proclamation Day
SA,2018-01-01,New Year's Day
SA,2018-01-26,Australia Day
SA,2018-03-12,Adelaide Cup Day
SA,2018-03-30,Good Friday
SA,2018-03-31,Easter Saturday
SA,2018-04-02,Easter Monday
SA,2018-04-25,ANZAC Day
SA,2018-06-11,Queen's Birthday
SA,2018-10-01,Labour Day
SA,2018-12-25,Christmas Day
SA,2018-12-26,Proclamation Day
SA,2019-01-01,New Year's Day
SA,2019-01-28,Australia Day
SA,2019-03-11,Adelaide Cup Day
SA,2019-04-19,Good Friday
SA,2019-04-20,Easter Saturday
SA,2019-04-22,Easter Monday
SA,2019-04-25,ANZAC Day
SA,2019-06-10,Queen's Birthday
SA,2019-10-07,Labour Day
SA,2019-12-25,Christmas Day
SA,2019-12-26,Proclamation Day
SA,2020-01-01,New Year's Day
SA,2020-01-26,Australia Day
SA,2020-01-27,Australia Day (observed)
SA,2020-03-09,Adelaide Cup Day
SA,2020-04-10,Good Friday
SA,2020-04-11,Easter Saturday
SA,2020-04-13,Easter Monday
SA,2020-04-25,ANZAC Day
SA,2020-06-08,Queen's Birthday
SA,2020-10-05,Labour Day
SA,2020-12-25,Christmas Day
SA,2020-12-28,Proclamation Day
SA,2021-01-01,New Year's Day
SA,2021-01-26,Australia Day
SA,2021-03-08,Adelaide Cup Day
SA,2021-04-02,Good Friday
SA,2021-04-03,Easter Saturday
SA,2021-04-05,Easter Monday
SA,2021-04-25,ANZAC Day
SA,2021-04-26,ANZAC Day (observed)
SA,2021-06-14,Queen's Birthday
SA,2021-10-04,Labour Day
SA,2021-12-26,Proclamation Day
SA,2021-12-27,Christmas Day
SA,2021-12-28,Proclamation Day (observed)
SA,2022-01-03,New Year's Day
SA,2022-01-26,Australia Day
SA,2022-03-14,Adelaide Cup Day
SA,2022-04-15,Good Friday
SA,2022-04-16,Easter Saturday
SA,2022-04-18,Easter Monday
SA,2022-04-25,ANZAC Day
SA,2022-06-13,Queen's Birthday
SA,2022-09-22,National Day of Mourning for Queen Elizabeth II
SA,2022-10-03,Labour Day
SA,2022-12-25,Christmas Day
SA,2022-12-26,Christmas Day (observed); Proclamation Day
SA,2022-12-27,Proclamation Day (observed)
SA,2023-01-01,New Year's Day
SA,2023-01-02,New Year's Day (observed)
SA,2023-01-26,Australia Day
SA,2023-03-13,Adelaide Cup Day
SA,2023-04-07,Good Friday
SA,2023-04-08,Easter Saturday
SA,2023-04-10,Easter Monday
SA,2023-04-25,ANZAC Day
SA,2023-06-12,King's Birthday
SA,2023-10-02,Labour Day
SA,2023-12-25,Christmas Day
SA,2023-12-26,Proclamation Day
SA,2024-01-01,New Year's Day
SA,2024-01-26,Australia Day
SA,2024-03-11,Adelaide Cup Day
SA,2024-03-29,Good Friday
SA,2024-03-30,Easter Saturday
SA,2024-03-31,Easter Sunday
SA,2024-04-01,Easter Monday
SA,2024-04-25,ANZAC Day
SA,2024-06-10,King's Birthday
SA,2024-10-07,Labour Day
SA,2024-12-25,Christmas Day
SA,2024-12-26,Proclamation Day
SA,2025-01-01,New Year's Day
SA,2025-01-27,Australia Day
SA,2025-03-10,Adelaide Cup Day
SA,2025-04-18,Good Friday
SA,2025-04-19,Easter Saturday
SA,2025-04-20,Easter Sunday
SA,2025-04-21,Easter Monday
SA,2025-04-25,ANZAC Day
SA,2025-06-09,King's Birthday
SA,2025-10-06,Labour Day
SA,2025-12-25,Christmas Day
SA,2025-12-26,Proclamation Day
SA,2026-01-01,New Year's Day
SA,2026-01-26,Australia Day
SA,2026-03-09,Adelaide Cup Day
SA,2026-04-03,Good Friday
SA,2026-04-04,Easter Saturday
SA,2026-04-05,Easter Sunday
SA,2026-04-06,Easter Monday
SA,2026-04-25,ANZAC Day
SA,2026-06-08,King's Birthday
SA,2026-10-05,Labour Day
SA,2026-12-25,Christmas Day
SA,2026-12-26,Proclamation Day
SA,2026-12-28,Proclamation Day (observed)
SA,2027-01-01,New Year's Day
SA,2027-01-26,Australia Day
SA,2027-03-08,Adelaide Cup Day
SA,2027-03-26,Good Friday
SA,2027-03-27,Easter Saturday
SA,2027-03-28,Easter Sunday
SA,2027-03-29,Easter Monday
SA,2027-04-25,ANZAC Day
SA,2027-06-14,King's Birthday
SA,2027-10-04,Labour Day
SA,2027-12-25,Christmas Day
SA,2027-12-26,Proclamation Day
SA,2027-12-27,Christmas Day (observed)
SA,2027-12-28,Proclamation Day (observed)
TAS,2016-01-01,New Year's Day
TAS,2016-01-26,Australia Day
TAS,2016-03-14,Eight Hours Day
TAS,2016-03-25,Good Friday
TAS,2016-03-28,Easter Monday
TAS,2016-04-25,ANZAC Day
TAS,2016-06-13,Queen's Birthday
TAS,2016-12-25,Christmas Day
TAS,2016-12-26,Boxing Day
TAS,2016-12-27,Christmas Day (observed)
TAS,2017-01-02,New Year's Day
TAS,2017-01-26,Australia Day
TAS,2017-03-13,Eight Hours Day
TAS,2017-04-14,Good Friday
TAS,2017-04-17,Easter Monday
TAS,2017-04-25,ANZAC Day
TAS,2017-06-12,Queen's Birthday
TAS,2017-12-25,Christmas Day
TAS,2017-12-26,Boxing Day
TAS,2018-01-01,New Year's Day
TAS,2018-01-26,Australia Day
TAS,2018-03-12,Eight Hours Day
TAS,2018-03-30,Good Friday
TAS,2018-04-02,Easter Monday
TAS,2018-04-25,ANZAC Day
TAS,2018-06-11,Queen's Birthday
TAS,2018-12-25,Christmas Day
TAS,2018-12-26,Boxing Day
TAS,2019-01-01,New Year's Day
TAS,2019-01-28,Australia Day
TAS,2019-03-11,Eight Hours Day
TAS,2019-04-19,Good Friday
TAS,2019-04-22,Easter Monday
TAS,2019-04-25,ANZAC Day
TAS,2019-06-10,Queen's Birthday
TAS,2019-12-25,Christmas Day
TAS,2019-12-26,Boxing Day
TAS,2020-01-01,New Year's Day
TAS,2020-01-27,Australia Day
TAS,2020-03-09,Eight Hours Day
TAS,2020-04-10,Good Friday
TAS,2020-04-13,Easter Monday
TAS,2020-04-25,ANZAC Day
TAS,2020-06-08,Queen's Birthday
TAS,2020-12-25,Christmas Day
TAS,2020-12-28,Boxing Day
TAS,2021-01-01,New Year's Day
TAS,2021-01-26,Australia Day
TAS,2021-03-08,Eight Hours Day
TAS,2021-04-02,Good Friday
TAS,2021-04-05,Easter Monday
TAS,2021-04-25,ANZAC Day
TAS,2021-06-14,Queen's Birthday
TAS,2021-12-25,Christmas Day
TAS,2021-12-27,Christmas Day (observed)
TAS,2021-12-28,Boxing Day
TAS,2022-01-03,New Year's Day
TAS,2022-01-26,Australia Day
TAS,2022-03-14,Eight Hours Day
TAS,2022-04-15,Good Friday
TAS,2022-04-18,Easter Monday
TAS,2022-04-25,ANZAC Day
TAS,2022-06-13,Queen's Birthday
TAS,2022-09-22,National Day of Mourning for Queen Elizabeth II
TAS,2022-12-25,Christmas Day
TAS,2022-12-26,Boxing Day
TAS,2022-12-27,Christmas Day (observed)
TAS,2023-01-02,New Year's Day
TAS,2023-01-26,Australia Day
TAS,2023-03-13,Eight Hours Day
TAS,2023-04-07,Good Friday
TAS,2023-04-10,Easter Monday
TAS,2023-04-25,ANZAC Day
TAS,2023-06-12,King's Birthday
TAS,2023-12-25,Christmas Day
TAS,2023-12-26,Boxing Day
TAS,2024-01-01,New Year's Day
TAS,2024-01-26,Australia Day
TAS,2024-03-11,Eight Hours Day
TAS,2024-03-29,Good Friday
TAS,2024-04-01,Easter Monday
TAS,2024-04-25,ANZAC Day
TAS,2024-06-10,King's Birthday
TAS,2024-12-25,Christmas Day
TAS,2024-12-26,Boxing Day
TAS,2025-01-01,New Year's Day
TAS,2025-01-27,Australia Day
TAS,2025-03-10,Eight Hours Day
TAS,2025-04-18,Good Friday
TAS,2025-04-21,Easter Monday
TAS,2025-04-25,ANZAC Day
TAS,2025-06-09,King's Birthday
TAS,2025-12-25,Christmas Day
TAS,2025-12-26,Boxing Day
TAS,2026-01-01,New Year's Day
TAS,2026-01-26,Australia Day
TAS,2026-03-09,Eight Hours Day
TAS,2026-04-03,Good Friday
TAS,2026-04-06,Easter Monday
TAS,2026-04-25,ANZAC Day
TAS,2026-06-08,King's Birthday
TAS,2026-12-25,Christmas Day
TAS,2026-12-28,Boxing Day
TAS,2027-01-01,New Year's Day
TAS,2027-01-26,Australia Day
TAS,2027-03-08,Eight Hours Day
TAS,2027-03-26,Good Friday
TAS,2027-03-29,Easter Monday
TAS,2027-04-25,ANZAC Day
TAS,2027-06-14,King's Birthday
TAS,2027-12-25,Christmas Day
TAS,2027-12-27,Christmas Day (observed)
TAS,2027-12-28,Boxing Day
VIC,2016-01-01,New Year's Day
VIC,2016-01-26,Australia Day
VIC,2016-03-14,Labour Day
VIC,2016-03-25,Good Friday
VIC,2016-03-26,Easter Saturday
VIC,2016-03-27,Easter Sunday
VIC,2016-03-28,Easter Monday
VIC,2016-04-25,ANZAC Day
VIC,2016-06-13,Queen's Birthday
VIC,2016-09-30,Friday before the AFL Grand Final
VIC,2016-11-01,Melbourne Cup Day
VIC,2016-12-26,Boxing Day
VIC,2016-12-27,Christmas Day
VIC,2017-01-01,New Year's Day
VIC,2017-01-02,New Year's Day (observed)
VIC,2017-01-26,Australia Day
VIC,2017-03-13,Labour Day
VIC,2017-04-14,Good Friday
VIC,2017-04-15,Easter Saturday
VIC,2017-04-16,Easter Sunday
VIC,2017-04-17,Easter Monday
VIC,2017-04-25,ANZAC Day
VIC,2017-06-12,Queen's Birthday
VIC,2017-09-29,Friday before the AFL Grand Final
VIC,2017-11-07,Melbourne Cup Day
VIC,2017-12-25,Christmas Day
VIC,2017-12-26,Boxing Day
VIC,2018-01-01,New Year's Day
VIC,2018-01-26,Australia Day
VIC,2018-03-12,Labour Day
VIC,2018-03-30,Good Friday
VIC,2018-03-31,Easter Saturday
VIC,2018-04-01,Easter Sunday
VIC,2018-04-02,Easter Monday
VIC,2018-04-25,ANZAC Day
VIC,2018-06-11,Queen's Birthday
VIC,2018-09-28,Friday before the AFL Grand Final
VIC,2018-11-06,Melbourne Cup Day
VIC,2018-12-25,Christmas Day
VIC,2018-12-26,Boxing Day
VIC,2019-01-01,New Year's Day
VIC,2019-01-28,Australia Day
VIC,2019-03-11,Labour Day
VIC,2019-04-19,Good Friday
VIC,2019-04-20,Easter Saturday
VIC,2019-04-21,Easter Sunday
VIC,2019-04-22,Easter Monday
VIC,2019-04-25,ANZAC Day
VIC,2019-06-10,Queen's Birthday
VIC,2019-09-27,Friday before the AFL Grand Final
VIC,2019-11-05,Melbourne Cup Day
VIC,2019-12-25,Christmas Day
VIC,2019-12-26,Boxing Day
VIC,2020-01-01,New Year's Day
VIC,2020-01-27,Australia Day
VIC,2020-03-09,Labour Day
VIC,2020-04-10,Good Friday
VIC,2020-04-11,Easter Saturday
VIC,2020-04-12,Easter Sunday
VIC,2020-04-13,Easter Monday
VIC,2020-04-25,ANZAC Day
VIC,2020-06-08,Queen's Birthday
VIC,2020-10-23,Friday before the AFL Grand Final
VIC,2020-11-03,Melbourne Cup Day
VIC,2020-12-25,Christmas Day
VIC,2020-12-26,Boxing Day
VIC,2020-12-28,Boxing Day (observed)
VIC,2021-01-01,New Year's Day
VIC,2021-01-26,Australia Day
VIC,2021-03-08,Labour Day
VIC,2021-04-02,Good Friday
VIC,2021-04-03,Easter Saturday
VIC,2021-04-04,Easter Sunday
VIC,2021-04-05,Easter Monday
VIC,2021-04-25,ANZAC Day
VIC,2021-06-14,Queen's Birthday
VIC,2021-09-24,Friday before the AFL Grand Final
VIC,2021-11-02,Melbourne Cup Day
VIC,2021-12-25,Christmas Day
VIC,2021-12-26,Boxing Day
VIC,2021-12-27,Christmas Day (observed)
VIC,2021-12-28,Boxing Day (observed)
VIC,2022-01-01,New Year's Day
VIC,2022-01-03,New Year's Day (observed)
VIC,2022-01-26,Australia Day
VIC,2022-03-14,Labour Day
VIC,2022-04-15,Good Friday
VIC,2022-04-16,Easter Saturday
VIC,2022-04-17,Easter Sunday
VIC,2022-04-18,Easter Monday
VIC,2022-04-25,ANZAC Day
VIC,2022-06-13,Queen's Birthday
VIC,2022-09-22,National Day of Mourning for Queen Elizabeth II
VIC,2022-09-23,Friday before the AFL Grand Final
VIC,2022-11-01,Melbourne Cup Day
VIC,2022-12-25,Christmas Day
VIC,2022-12-26,Boxing Day
VIC,2022-12-27,Christmas Day (observed)
VIC,2023-01-01,New Year's Day
VIC,2023-01-02,New Year's Day (observed)
VIC,2023-01-26,Australia Day
VIC,2023-03-13,Labour Day
VIC,2023-04-07,Good Friday
VIC,2023-04-08,Easter Saturday
VIC,2023-04-09,Easter Sunday
VIC,2023-04-10,Easter Monday
VIC,2023-04-25,ANZAC Day
VIC,2023-06-12,King's Birthday
VIC,2023-09-29,Friday before the AFL Grand Final
VIC,2023-11-07,Melbourne Cup Day
VIC,2023-12-25,Christmas Day
VIC,2023-12-26,Boxing Day
VIC,2024-01-01,New Year's Day
VIC,2024-01-26,Australia Day
VIC,2024-03-11,Labour Day
VIC,2024-03-29,Good Friday
VIC,2024-03-30,Easter Saturday
VIC,2024-03-31,Easter Sunday
VIC,2024-04-01,Easter Monday
VIC,2024-04-25,ANZAC Day
VIC,2024-06-10,King's Birthday
VIC,2024-09-27,Friday before the AFL Grand Final
VIC,2024-11-05,Melbourne Cup Day
VIC,2024-12-25,Christmas Day
VIC,2024-12-26,Boxing Day
VIC,2025-01-01,New Year's Day
VIC,2025-01-27,Australia Day
VIC,2025-03-10,Labour Day
VIC,2025-04-18,Good Friday
VIC,2025-04-19,Easter Saturday
VIC,2025-04-20,Easter Sunday
VIC,2025-04-21,Easter Monday
VIC,2025-04-25,ANZAC Day
VIC,2025-06-09,King's Birthday
VIC,2025-09-26,Friday before the AFL Grand Final
VIC,2025-11-04,Melbourne Cup Day
VIC,2025-12-25,Christmas Day
VIC,2025-12-26,Boxing Day
VIC,2026-01-01,New Year's Day
VIC,2026-01-26,Australia Day
VIC,2026-03-09,Labour Day
VIC,2026-04-03,Good Friday
VIC,2026-04-04,Easter Saturday
VIC,2026-04-05,Easter Sunday
VIC,2026-04-06,Easter Monday
VIC,2026-04-25,ANZAC Day
VIC,2026-06-08,King's Birthday
VIC,2026-09-25,Friday before the AFL Grand Final
VIC,2026-11-03,Melbourne Cup Day
VIC,2026-12-25,Christmas Day
VIC,2026-12-26,Boxing Day
VIC,2026-12-28,Boxing Day (observed)
VIC,2027-01-01,New Year's Day
VIC,2027-01-26,Australia Day
VIC,2027-03-08,Labour Day
VIC,2027-03-26,Good Friday
VIC,2027-03-27,Easter Saturday
VIC,2027-03-28,Easter Sunday
VIC,2027-03-29,Easter Monday
VIC,2027-04-25,ANZAC Day
VIC,2027-06-14,King's Birthday
VIC,2027-09-24,Friday before the AFL Grand Final
VIC,2027-11-02,Melbourne Cup Day
VIC,2027-12-25,Christmas Day
VIC,2027-12-26,Boxing Day
VIC,2027-12-27,Christmas Day (observed)
VIC,2027-12-28,Boxing Day (observed)
