document_id,distributor_id,fin_year,publisher,document_type,hosted_by_aer,version_label,version_seq,price_status,published_on,source_url,local_path,sha256
aer-consolidated-2025-26-landing-page,,2025-26,AER,aer_consolidated_stakeholder_report,0,as retrieved 2026-10-06,1,published,,https://www.aer.gov.au/documents/aer-consolidated-stakeholder-report-2025-26,sources/aer/landing/AER_Consolidated_stakeholder_report_2025-26_landing_20261006.html,f42984f5cb152afa95613fa3fb44fbeaae808c0d926b3bd2c1687181e7da4b2b
aer-consolidated-2025-26-v1,,2025-26,AER,aer_consolidated_stakeholder_report,0,v1,1,proposed,2025-04-08,https://web.archive.org/web/20250409020106id_/https://www.aer.gov.au/system/files/2025-04/Consolidated%C2%A0stakeholder%20report%202025%E2%80%9326.xlsx,sources/aer/AER_Consolidated_stakeholder_report_2025-26_v1_wayback.xlsx,9b03a4c9bd7a3aa61533caed6066f7ce375e8a9f80caf91ed4e27991570501dc
aer-consolidated-2025-26-v2,,2025-26,AER,aer_consolidated_stakeholder_report,0,v2,2,proposed,2025-04-10,https://www.aer.gov.au/documents/aer-consolidated-stakeholder-report-2025-26,,
aer-consolidated-2025-26-v3,,2025-26,AER,aer_consolidated_stakeholder_report,0,v3,3,mixed,2025-05-14,https://www.aer.gov.au/documents/aer-consolidated-stakeholder-report-2025-26,,
aer-consolidated-2025-26-v4,,2025-26,AER,aer_consolidated_stakeholder_report,0,v4,4,mixed,2025-05-16,https://www.aer.gov.au/documents/aer-consolidated-stakeholder-report-2025-26,,
aer-consolidated-2025-26-v5,,2025-26,AER,aer_consolidated_stakeholder_report,0,v5,5,approved,2025-05-26,https://www.aer.gov.au/system/files/2025-05/AER%20-%20Consolidated%20stakeholder%20report%202025%E2%80%9326%20v5%C2%A0.xlsx,sources/aer/AER_Consolidated_stakeholder_report_2025-26_v5.xlsx,1987e5e313e2351b9b0421218746e24684cbf4ed8c0be161399b0ba3d40a71ff
aer-consolidated-2026-27-landing-page,,2026-27,AER,aer_consolidated_stakeholder_report,0,as retrieved 2026-10-06,1,published,,https://www.aer.gov.au/documents/aer-2026-27-consolidated-stakeholder-report-20-may-2026,sources/aer/landing/AER_Consolidated_stakeholder_report_2026-27_landing_20261006.html,f836ea1623018129b5c40fd4052c5b7cfda05a030702274de95a21eefbf51fee
aer-consolidated-2026-27-v1,,2026-27,AER,aer_consolidated_stakeholder_report,0,v1,1,proposed,2026-04-02,https://www.aer.gov.au/documents/aer-2026-27-consolidated-stakeholder-report-20-may-2026,,
aer-consolidated-2026-27-v2,,2026-27,AER,aer_consolidated_stakeholder_report,0,v2,2,approved,2026-04-24,https://www.aer.gov.au/documents/aer-2026-27-consolidated-stakeholder-report-20-may-2026,,
aer-consolidated-2026-27-v3,,2026-27,AER,aer_consolidated_stakeholder_report,0,v3,3,mixed,2026-05-08,https://www.aer.gov.au/documents/aer-2026-27-consolidated-stakeholder-report-20-may-2026,,
aer-consolidated-2026-27-v4,,2026-27,AER,aer_consolidated_stakeholder_report,0,v4,4,approved,2026-05-20,https://www.aer.gov.au/documents/aer-2026-27-consolidated-stakeholder-report-20-may-2026,,
aer-consolidated-2026-27-v5,,2026-27,AER,aer_consolidated_stakeholder_report,0,v5,5,approved,2026-08-14,https://www.aer.gov.au/system/files/2026-08/AER%20%E2%80%93%202026%E2%80%9327%20%E2%80%93%20Consolidated%20stakeholder%20report%20%E2%80%93%2026%20August%202026.xlsx,sources/aer/AER_Consolidated_stakeholder_report_2026-27_26Aug2026.xlsx,2c8f7071aab62f8b29ee8ff513262a9c89b8a1f03cdfd61fc97b23ac298c7a80
aer-stakeholder-report-ausgrid-2024-25,ausgrid,2024-25,AER,aer_stakeholder_report,0,as published,1,unverified,,https://www.aer.gov.au/system/files/2024-05/AER%20-%20Stakeholder%20report%20-%20Ausgrid%20-%202024%E2%80%9325%20Annual%20Pricing%20Proposal.xlsx,sources/aer/2024-25_stakeholder_reports/AER_Stakeholder_report_Ausgrid_2024-25.xlsx,62b8ed9e45038461883ae437ad2f9cf90eba754c5ae24c81f440112961b02cc8
aer-stakeholder-report-ausnet-2024-25,ausnet,2024-25,AER,aer_stakeholder_report,0,as published,1,unverified,,https://www.aer.gov.au/system/files/2024-05/AER%20-%20Stakeholder%20report%20-%20AusNet%20Services%20-%202024%E2%80%9325%20Annual%20Pricing%20Proposal.xlsx,sources/aer/2024-25_stakeholder_reports/AER_Stakeholder_report_AusNet_2024-25.xlsx,bc9ee24222db9f7bd46dc752c5e315ea6e45c8dea8e3873dbb03f3e85e6b2f29
aer-stakeholder-report-citipower-2024-25,citipower,2024-25,AER,aer_stakeholder_report,0,as published,1,unverified,,https://www.aer.gov.au/system/files/2024-05/AER%20-%20Stakeholder%20report%20-%20CitiPower-%202024%E2%80%9325%20Annual%20Pricing%20Proposal.xlsx,sources/aer/2024-25_stakeholder_reports/AER_Stakeholder_report_CitiPower_2024-25.xlsx,f037118bf70d21ebcaad38ae12304414a1ad9c054ee8432287da0af2ff813994
aer-stakeholder-report-endeavour-2024-25,endeavour,2024-25,AER,aer_stakeholder_report,0,as published,1,unverified,,https://www.aer.gov.au/system/files/2024-05/AER%20-%20Stakeholder%20report%20-%20Endeavour%20Energy%20-%202024%E2%80%9325%20Annual%20Pricing%20Proposal.xlsx,sources/aer/2024-25_stakeholder_reports/AER_Stakeholder_report_Endeavour_2024-25.xlsx,74524fc2314d414f377119f37f0216454f5a9c1f91ca123eda5b42376eb74933
aer-stakeholder-report-energex-2024-25,energex,2024-25,AER,aer_stakeholder_report,0,as published,1,unverified,,https://www.aer.gov.au/system/files/2024-05/AER%20-%20Stakeholder%20report%20-%20Energex%20-%202024%E2%80%9325%20Annual%20Pricing%20Proposal.xlsx,sources/aer/2024-25_stakeholder_reports/AER_Stakeholder_report_Energex_2024-25.xlsx,f6fef0b3755680918b7c8a304205f7f3d2e4c6830a35684bdc51240c48863645
aer-stakeholder-report-ergon-2024-25,ergon,2024-25,AER,aer_stakeholder_report,0,as published,1,unverified,,https://www.aer.gov.au/system/files/2024-05/AER%20-%20Stakeholder%20report%20-%20Ergon%20Energy%20-%202024%E2%80%9325%20Annual%20Pricing%20Proposal.xlsx,sources/aer/2024-25_stakeholder_reports/AER_Stakeholder_report_Ergon_2024-25.xlsx,b1af96a52589e7c684098a0aa9870143a40a4cacb2bcfc4541cc5a550b42d97c
aer-stakeholder-report-essential-2024-25,essential,2024-25,AER,aer_stakeholder_report,0,as published,1,unverified,,https://www.aer.gov.au/system/files/2024-05/AER%20-%20Stakeholder%20report%20-%20Essential%20Energy%20-%202024%E2%80%9325%20Annual%20Pricing%20Proposal.xlsx,sources/aer/2024-25_stakeholder_reports/AER_Stakeholder_report_Essential_2024-25.xlsx,13ea1d75da8fc976a533bed1402ee44c6f743d97a79c627044a8c00a10a42ada
aer-stakeholder-report-evoenergy-2024-25,evoenergy,2024-25,AER,aer_stakeholder_report,0,as published,1,unverified,,https://www.aer.gov.au/system/files/2024-05/AER%20-%20Stakeholder%20report%20-%20Evoenergy%20-%202024%E2%80%9325%20Annual%20Pricing%20Proposal.xlsx,sources/aer/2024-25_stakeholder_reports/AER_Stakeholder_report_Evoenergy_2024-25.xlsx,1a22c8fffa41f348a4bf7d124cd899e29400ee7a11a84170655e90849756db5f
aer-stakeholder-report-jemena-2024-25,jemena,2024-25,AER,aer_stakeholder_report,0,as published,1,unverified,,https://www.aer.gov.au/system/files/2024-05/AER%20-%20Stakeholder%20report%20-%20Jemena%20-%202024%E2%80%9325%20Annual%20Pricing%20Proposal.xlsx,sources/aer/2024-25_stakeholder_reports/AER_Stakeholder_report_Jemena_2024-25.xlsx,56dc8efcb20c71e670e2806d9c54a80c9780c523354efde69947895ce7087d93
aer-stakeholder-report-powercor-2024-25,powercor,2024-25,AER,aer_stakeholder_report,0,as published,1,unverified,,https://www.aer.gov.au/system/files/2024-05/AER%20-%20Stakeholder%20report%20-%20Powercor%20-%202024%E2%80%9325%20Annual%20Pricing%20Proposal.xlsx,sources/aer/2024-25_stakeholder_reports/AER_Stakeholder_report_Powercor_2024-25.xlsx,b9ae65a651494eb27658dd627e2001e801d0e9ab77c5564a0398cb1e30f6e1a4
aer-stakeholder-report-pwc-2024-25,powerwater,2024-25,AER,aer_stakeholder_report,0,as published,1,unverified,,https://www.aer.gov.au/system/files/2024-05/AER%20-%20Stakeholder%20report%20-%20Power%20and%20Water%20Corporation%20-%202024%E2%80%9325%20Annual%20Pricing%20Proposal.xlsx,sources/aer/2024-25_stakeholder_reports/AER_Stakeholder_report_PWC_2024-25.xlsx,92665cb51bec5b7f64722b86c7e33453edc93eccaadf7152f9b06d6f1745adf7
aer-stakeholder-report-sapn-2024-25-updated17jul2024,sapn,2024-25,AER,aer_stakeholder_report,0,updated 17 Jul 2024,2,unverified,,https://www.aer.gov.au/system/files/2024-07/AER%20-%20Stakeholder%20report%20-%20SA%20Power%20Networks%20-%20%202024%E2%80%9325%20Annual%20Pricing%20Proposal%20%28updated%2017%20July%202024%29.xlsx,sources/aer/2024-25_stakeholder_reports/AER_Stakeholder_report_SAPN_2024-25_updated17Jul2024.xlsx,358d94bd43fd67124e73108a558df4a087266e2c2c6a548143b6149dffdea33f
aer-stakeholder-report-tasnetworks-2024-25,tasnetworks,2024-25,AER,aer_stakeholder_report,0,as published,1,unverified,,https://www.aer.gov.au/system/files/2024-05/AER%20-%20Stakeholder%20report%20-%20TasNetworks%20-%202024%E2%80%9325%20Annual%20Pricing%20Proposal.xlsx,sources/aer/2024-25_stakeholder_reports/AER_Stakeholder_report_TasNetworks_2024-25.xlsx,46127cbaefe4ad70c8f01d40b206091f6205c3c9ca37eab60ef9d0b4f567dab5
aer-stakeholder-report-unitedenergy-2024-25,unitedenergy,2024-25,AER,aer_stakeholder_report,0,as published,1,unverified,,https://www.aer.gov.au/system/files/2024-05/AER%20-%20Stakeholder%20report%20-%20United%20Energy%20-%202024%E2%80%9325%20Annual%20Pricing%20Proposal.xlsx,sources/aer/2024-25_stakeholder_reports/AER_Stakeholder_report_UnitedEnergy_2024-25.xlsx,be8d8c8434dcb6e205ca4b8bb1298adb00f726b7ac13ee6d713543aead6ae7a7
aer-stakeholder-sapn-2024-25-original,sapn,2024-25,AER,aer_stakeholder_report,0,original (3 May 2024),1,unverified,2024-05-03,https://www.aer.gov.au/industry/networks/pricing-proposals/sa-power-networks-2024-25-pricing-proposal,,
ausgrid-2023-24-annual-scs-pricing-proposal-31mar2023,ausgrid,2023-24,distributor,pricing_proposal,1,as published,1,unverified,2023-03-31,https://www.aer.gov.au/system/files/Ausgrid%202023-24%20-%20annual%20SCS%20pricing%20proposal%20-%2031032023%20-%20PUBLIC_0.pdf,sources/aer/2023-24_price_lists/Ausgrid_2023-24_annual_SCS_pricing_proposal_31Mar2023.pdf,2cbe831b65ee5f7ec63e701ab5619b257b57dd8cc8fe47be616ed14527b9ec7c
ausgrid-2023-24-pricing-proposal-not-retrievable,ausgrid,2023-24,distributor,pricing_proposal,0,as published,1,published,,,,
ausgrid-network-price-list-2024-25-wayback20250806,ausgrid,2024-25,distributor,price_list,0,as published,1,published,,https://web.archive.org/web/20250806041313/https://www.ausgrid.com.au/-/media/Documents/Regulation/Pricing/PList/Ausgrid-Network-Price-List-2024-25.pdf?rev=61699dd84f6d421785a6591885745c70,sources/dnsp/ausgrid/Ausgrid_Network_Price_List_2024-25_wayback20250806.pdf,63561cc3c9e0ef685208cfc51493fc7118e359a8b24dfa57d56559cab242d836
ausgrid-network-price-list-2025-26,ausgrid,2025-26,distributor,price_list,0,updated 13 May 2025,1,published,,https://aopt-p-001.sitecorecontenthub.cloud/api/public/content/739b6dfa167442638f6edb01d78f818c?v=3820be35,sources/dnsp/ausgrid/Ausgrid_Network_Price_List_2025-26.pdf,1e55aaa135f64e40f8f6a2f0bdf31af8f9954af29d5ba7dde27e6d6c99eacf73
ausgrid-network-price-list-2026-27,ausgrid,2026-27,distributor,price_list,0,updated 27 Apr 2026,1,published,,https://aopt-p-001.sitecorecontenthub.cloud/api/public/content/a6b7b18dc0e84cda9ab067f61a6bbab7?v=21f13674,sources/dnsp/ausgrid/Ausgrid_Network_Price_List_2026-27.pdf,01c0eebc339822ecf61a44a3d4b4c6d15818f156f9c5e75d15aea6b79eb6c48c
ausnet-2023-24-schedule-of-tariffs-31mar2023,ausnet,2023-24,distributor,tariff_schedule,1,as published,1,unverified,2023-03-31,https://www.aer.gov.au/system/files/AusNet%20Services%202023-24%20-%20Schedule%20of%20tariffs%20-%2020230331%20-%20PUBLIC.pdf,sources/aer/2023-24_price_lists/AusNet_2023-24_Schedule_of_tariffs_31Mar2023.pdf,20be8f4684a3e79345e6d1914eae5a3ac2f35c9398314e13b7c670a27d017d01
ausnet-2024-25-schedule-of-tariffs-28mar2024,ausnet,2024-25,distributor,tariff_schedule,1,as published,1,unverified,2024-03-28,https://www.aer.gov.au/system/files/2024-04/AusNet%20Services%20-%20Schedule%20of%20tariffs%202024-25%20-%2028%20March%202024.xlsx,sources/aer/dnsp_copies/AusNet_2024-25_Schedule_of_tariffs_28Mar2024.xlsx,98dab2e40af7ddb0a30543320a677ea4c884637ab559161fd0ba569bff85acb3
ausnet-annual-pricing-proposal-2023-24,ausnet,2023-24,distributor,pricing_proposal,0,as published,1,published,,https://www.ausnetservices.com.au/-/media/project/ausnet/corporate-website/files/electricity/tariffs-and-charges/2023/ausnet---annual-pricing-proposal-2023-24.pdf?rev=247c8afd01f84623b681eca11bcccdbc&hash=18ABE05392D6BFB58B1F62F1190B227D,sources/dnsp/ausnet/AusNet_Annual_Pricing_Proposal_2023-24.pdf,5d097392448be7ad6d20a52d2bf6bf70ce24376648f4d162fc5f94e7746400fb
ausnet-annual-pricing-proposal-2024-25,ausnet,2024-25,distributor,pricing_proposal,0,as published,1,published,,https://www.ausnetservices.com.au/-/media/project/ausnet/corporate-website/files/electricity/tariffs-and-charges/2024/ausnet-services---annual-pricing-proposal-2024-25---28-march-2024.pdf?rev=8b863b5fd2d74828ab0236c1c454bb12&hash=5894166D0C6DED1E8DD533EDFA16342D,sources/dnsp/ausnet/AusNet_Annual_Pricing_Proposal_2024-25.pdf,15a49be558ab4305bb4392c5eb398b9b3500c3ecf6e4ab6207223926d29c6fe7
ausnet-network-tariff-schedule-2025-26,ausnet,2025-26,distributor,tariff_schedule,0,as published,1,published,,https://www.ausnetservices.com.au/-/media/project/ausnet/corporate-website/files/electricity/tariffs-and-charges/2026/network-tariff-schedule-2025-26.xlsx?rev=b7d9ee4b25ce471a824baf6fe65eb595,sources/dnsp/ausnet/AusNet_Network_Tariff_Schedule_2025-26.xlsx,eca015f7ffa060baf75304fda240dd1522a81f349e3d490db6e60209ed60a141
ausnet-network-tariff-schedule-2026-27-20260515,ausnet,2026-27,distributor,tariff_schedule,0,as published,1,published,2026-05-15,https://www.ausnetservices.com.au/-/media/project/ausnet/corporate-website/files/electricity/tariffs-and-charges/2027/ausnet---network-tariff-schedule-2026-27---20260515.xlsx?rev=bcd9eeedbe1c4b9cbba7ccc0f383df89,sources/dnsp/ausnet/AusNet_Network_Tariff_Schedule_2026-27_20260515.xlsx,a25f188ead25195add1b88f5468bd090188de7745376013bffd34bf4aea634d4
citipower-2023-24-tariff-summary-31mar2023,citipower,2023-24,distributor,tariff_summary,1,as published,1,unverified,2023-03-31,https://www.aer.gov.au/system/files/CitiPower%202023-24%20%20-%20Tariff%20Summary%20-%2020230331%20-%20PUBLIC.xlsx,sources/aer/2023-24_price_lists/CitiPower_2023-24_Tariff_Summary_31Mar2023.xlsx,9bc11b9f8ea5a9ecab298f406642190a8c9fc01c8a99c7b98fc7fc8de2bf1c5c
citipower-2024-25-tariff-summary-28mar2024,citipower,2024-25,distributor,tariff_summary,1,as published,1,unverified,2024-03-28,https://www.aer.gov.au/system/files/2024-04/CitiPower%20-%202024-25%20Tariff%20Summary%20-%2028%20March%202024.xlsx,sources/aer/dnsp_copies/CitiPower_2024-25_Tariff_Summary_28Mar2024.xlsx,6cfb3d5cfd8e07c8babc9825ec3bb554ebbf0c448c9db24f5ea587b1ba4f218c
citipower-pricing-proposal-2023-24-wayback,citipower,2023-24,distributor,pricing_proposal,0,as published,1,published,,https://web.archive.org/web/20230619153219/https://media.powercor.com.au/wp-content/uploads/2023/05/17151834/CitiPower_2023-24_Pricing_-Proposal.pdf,sources/dnsp/citipower/CitiPower_Pricing_Proposal_2023-24_wayback.pdf,a85e0d4cbe4f0c6378c43971906447f46dac896e54f18c0670f50885532e439d
citipower-pricing-proposal-2024-25-28mar2024-wayback,citipower,2024-25,distributor,pricing_proposal,0,as published,1,published,2024-03-28,https://web.archive.org/web/20250114231917/https://media.powercor.com.au/wp-content/uploads/2024/06/11153813/CitiPower-2024-25-Pricing-28-March-2024-PUBLIC.pdf,sources/dnsp/citipower/CitiPower_Pricing_Proposal_2024-25_28Mar2024_wayback.pdf,4561aeb7c32c31cfb5ea7325d931a796ee1ebd147ea3a8e291a067db26f8f331
citipower-pricing-proposal-2025-26-31mar2025-wayback,citipower,2025-26,distributor,pricing_proposal,0,as published,1,published,2025-03-31,https://web.archive.org/web/20251105074227/https://media.powercor.com.au/wp-content/uploads/2025/05/15155916/CitiPower-2025-26-Final-Pricing-31-March-2025.pdf,sources/dnsp/citipower/CitiPower_Pricing_Proposal_2025-26_31Mar2025_wayback.pdf,00bfb7c1069e69e0f055e3433caf3ca01a60efcb22bf08c591ff6ba380bb27f2
citipower-pricing-proposal-2026-27-07may2026,citipower,2026-27,distributor,pricing_proposal,0,as published,1,published,2026-05-07,https://media.powercor.com.au/documents/Migrated-Documents/CitiPower-2026-27-Pricing-07-May-2026-PUBLIC.pdf,sources/dnsp/citipower/CitiPower_Pricing_Proposal_2026-27_07May2026.pdf,a66851851eac9686b3d0a1ea0f3cb652656321108919b80511292154a09a1af3
citipower-tariff-summary-2026-27-07may2026,citipower,2026-27,distributor,tariff_summary,0,as published,1,published,2026-05-07,https://media.powercor.com.au/documents/Network-pricing/CitiPower-FINAL-2026-27-Tariff-Summary-07-May-2026-PUBLIC.xlsx,sources/dnsp/citipower/CitiPower_Tariff_Summary_2026-27_07May2026.xlsx,4f27df6ec5d54712b9ca05ae1b7e3bf6106d704bd3a4e82192e9dff02e8e0154
endeavour-2023-24-pricing-proposal-31mar2023,endeavour,2023-24,distributor,pricing_proposal,1,as published,1,unverified,2023-03-31,https://www.aer.gov.au/system/files/Endeavour%20Energy%202023-24%20-%20Pricing%20Proposal%20-%2020230331%20-%20PUBLIC.pdf,sources/aer/2023-24_price_lists/Endeavour_2023-24_Pricing_Proposal_31Mar2023.pdf,884204be123a2d1b7da5a1e161dada505acddb5297b74a2ae9d6f0298b3ec542
endeavour-2023-24-pricing-proposal-not-retrievable,endeavour,2023-24,distributor,pricing_proposal,0,as published,1,published,,,,
endeavour-nuos-price-list-2024-25-v10,endeavour,2024-25,distributor,price_list,0,v1.0,1,published,,https://edge.sitecorecloud.io/endeavouren152b-endeavouren7772-production9ea5-b88d/media/Endeavour-Energy/Publications/PDFs/ANS-and-Network-Price-List/NUOS-Price-List-202425-v10.pdf,sources/dnsp/endeavour/Endeavour_NUOS_Price_List_2024-25_v10.pdf,31c6c9376853f1a1ad3008694af3789e98ad523b665d5f8850d171ece1bfd5c7
endeavour-nuos-price-list-2025-26-v11,endeavour,2025-26,distributor,price_list,0,v1.1,1,published,,https://edge.sitecorecloud.io/endeavouren152b-endeavouren7772-production9ea5-b88d/media/Endeavour-Energy/Publications/PDFs/ANS-and-Network-Price-List/NUOS-Price-List-202526-v11.pdf,sources/dnsp/endeavour/Endeavour_NUOS_Price_List_2025-26_v11.pdf,4c54e27197fc331da113d3358f2297a7ed6bc43d7116e6d9d8b45f89e557efb7
endeavour-nuos-price-list-2026-27,endeavour,2026-27,distributor,price_list,0,as published,1,published,,https://edge.sitecorecloud.io/endeavouren152b-endeavouren7772-production9ea5-b88d/media/Endeavour-Energy/Publications/Documents/NUOS-Price-List.pdf,sources/dnsp/endeavour/Endeavour_NUOS_Price_List_2026-27.pdf,a88000fea2cc8c6fc2e53cf533d1e5b6bed38e02a6a6f8a40eef8cd82eb9ad2d
energex-2023-24-network-price-list-27apr2023,energex,2023-24,distributor,price_list,1,as published,1,unverified,2023-04-27,https://www.aer.gov.au/system/files/Energex%202023-24%20-%20Network%20Price%20List%20%E2%80%93%2020230427%20%E2%80%93%20PUBLIC.xlsx,sources/aer/2023-24_price_lists/Energex_2023-24_Network_Price_List_27Apr2023.xlsx,b521306c10d082f78ce351922dfcca052fde66bb174705a6f582bc14a546056e
energex-2024-25-network-price-list-28mar2024,energex,2024-25,distributor,price_list,1,as published,1,unverified,2024-03-28,https://www.aer.gov.au/system/files/2024-04/Energex%20-%202024-25%20Network%20Price%20List%20-%2028%20March%202024.xlsx,sources/aer/dnsp_copies/Energex_2024-25_Network_Price_List_28Mar2024.xlsx,eecb90316a341ebbca941e42d2cb1458a6d13bb0a0d84c3f7cec199c2892ba4a
energex-network-price-list-2023-24-sch8-wayback,energex,2023-24,distributor,price_list,0,as published,1,published,,https://web.archive.org/web/20231014001651/https://www.energex.com.au/__data/assets/excel_doc/0006/980655/Energex-2023-24-Network-Price-List-UPDATED-for-SCH8.xlsx,sources/dnsp/energex/Energex_Network_Price_List_2023-24_Sch8_wayback.xlsx,c881c753f05dff935f849187bfa6755cde3a056fc4c901be8eb95fd46615bf02
energex-network-price-list-2024-25-sch8-wayback,energex,2024-25,distributor,price_list,0,as published,1,published,,https://web.archive.org/web/20241024104238/https://www.energex.com.au/__data/assets/excel_doc/0020/1314425/Energex-2024-25-Network-Price-List-Updated-for-Sch-8.xlsx,sources/dnsp/energex/Energex_Network_Price_List_2024-25_Sch8_wayback.xlsx,b4abc012084a9f2a3d6f2b3886f78c1b469c6b3a5865391166fdb449aafd1c01
energex-network-price-list-2025-26-sch8-wayback,energex,2025-26,distributor,price_list,0,as published,1,published,,https://web.archive.org/web/20251106081540/https://www.energex.com.au/__data/assets/excel_doc/0005/1631165/Energex-2025-26-Network-Price-List-updated-for-Sch-8.xlsx,sources/dnsp/energex/Energex_Network_Price_List_2025-26_Sch8_wayback.xlsx,103286f892fe75750f32df146cf59039206148ae15635521e4a39db0f34be2da
energex-network-price-list-2026-27-sch8-wayback,energex,2026-27,distributor,price_list,0,as published,1,published,,https://web.archive.org/web/20260714065003/https://www.energex.com.au/__data/assets/excel_doc/0010/1985968/Energex-2026-27-Network-Price-List-Updated-for-Sch-8.xlsx,sources/dnsp/energex/Energex_Network_Price_List_2026-27_Sch8_wayback.xlsx,b51004619ab44b7b8b732e31595f4543e6a41d8ebb030dfb6e321c9a8b80abdb
ergon-2023-24-network-price-list-31mar2023,ergon,2023-24,distributor,price_list,1,as published,1,unverified,2023-03-31,https://www.aer.gov.au/system/files/Ergon%20Energy%202023-24%20%E2%80%93%20Network%20Price%20List%202023-24%20%E2%80%93%2020230331%20%E2%80%93%20PUBLIC.xlsx,sources/aer/2023-24_price_lists/Ergon_2023-24_Network_Price_List_31Mar2023.xlsx,52a3de5d5bd0489fc0fddda502ad7a3299d639a9153bef60e1985738b758d6d1
ergon-2024-25-network-price-list-28mar2024,ergon,2024-25,distributor,price_list,1,as published,1,unverified,2024-03-28,https://www.aer.gov.au/system/files/2024-04/Ergon%20Energy%20-%202024-25%20Network%20Price%20List%20-%2028%20March%202024.xlsx,sources/aer/dnsp_copies/Ergon_2024-25_Network_Price_List_28Mar2024.xlsx,69589f2df00d4997ba301525e02fcc2751975fe00bb9935acee84c9295925a58
ergon-network-price-list-2023-24-sch8-wayback,ergon,2023-24,distributor,price_list,0,as published,1,published,,https://web.archive.org/web/20231014051602/https://www.ergon.com.au/__data/assets/excel_doc/0009/1084851/Ergon-Energy-2023-24-Network-Price-List-UPDATED-for-SCH8.xlsx,sources/dnsp/ergon/Ergon_Network_Price_List_2023-24_Sch8_wayback.xlsx,55325a64168a4683721f2459559f4114a513b2ba22e53216dd8671c1e5efefc0
ergon-network-price-list-2024-25-sch8-wayback,ergon,2024-25,distributor,price_list,0,as published,1,published,,https://web.archive.org/web/20241103164817/https://www.ergon.com.au/__data/assets/excel_doc/0018/1314414/Ergon-2024-25-Network-Price-List-Updated-for-Sch-8.xlsx,sources/dnsp/ergon/Ergon_Network_Price_List_2024-25_Sch8_wayback.xlsx,19fba560f63f80e0f6dbede69ca4726785e5d906dae233b54fc7bbc621c936ae
ergon-network-price-list-2025-26-sch8-wayback,ergon,2025-26,distributor,price_list,0,as published,1,published,,https://web.archive.org/web/20251115144400/https://www.ergon.com.au/__data/assets/excel_doc/0006/1631166/Ergon-Energy-2025-26-Network-Price-List-updated-for-Sch-8.xlsx,sources/dnsp/ergon/Ergon_Network_Price_List_2025-26_Sch8_wayback.xlsx,7c0253614945550dcc9ff480934e7d5b71bb721d2a1f21dda92469f71e080604
ergon-network-price-list-2026-27-sch8-wayback,ergon,2026-27,distributor,price_list,0,as published,1,published,,https://web.archive.org/web/20260830070034/https://www.ergon.com.au/__data/assets/excel_doc/0012/1985979/Ergon-Energy-2026-27-Network-Price-List-Updated-for-Sch-8.xlsx,sources/dnsp/ergon/Ergon_Network_Price_List_2026-27_Sch8_wayback.xlsx,2a01cb08943fc5822c4a1bf3118c744c0d1e0438286690674228c89529666513
essential-2023-24-network-price-list-31mar2023,essential,2023-24,distributor,price_list,1,as published,1,unverified,2023-03-31,https://www.aer.gov.au/system/files/Essential%20Energy%202023-24%20%20-%20Network%20Price%20List%202023-24%20-%2020230331%20-%20PUBLIC.xlsx,sources/aer/2023-24_price_lists/Essential_2023-24_Network_Price_List_31Mar2023.xlsx,0e29fc0a2b35ac73895d8c7bc64fa147b8133893b486530e3d5d33df958a70ce
essential-2023-24-price-list-not-retrievable,essential,2023-24,distributor,price_list,0,as published,1,published,,,,
essential-2024-25-nuos-price-list-20may2024,essential,2024-25,distributor,price_list,1,as published,1,unverified,2024-05-20,https://www.aer.gov.au/system/files/2024-05/Essential%20Energy%20-%202024-25%20NUoS%20Price%20List%20-%2020%20May%202024.xlsx,sources/aer/dnsp_copies/Essential_2024-25_NUoS_Price_List_20May2024.xlsx,c6e08edea6760e94ab8a0944fe52a9a0b2f4ccd8551f8afd8061c105b26e3f8e
essential-price-list-and-explanatory-notes-2024-25,essential,2024-25,distributor,price_list,0,as published,1,published,,https://www.essentialenergy.com.au/-/media/Project/EssentialEnergy/Website/Files/Our-Network/PriceListAndExplanatoryNotes2024-25.pdf?rev=1b3f27cf847e4f4ab903b59b257cd0ff,sources/dnsp/essential/Essential_Price_List_and_Explanatory_Notes_2024-25.pdf,47732ee59ffa2b75b3fc7ff933fa932d8b65372e41388c7067591966d5de9691
essential-price-list-and-explanatory-notes-2025-26,essential,2025-26,distributor,price_list,0,as published,1,published,,https://www.essentialenergy.com.au/-/media/Project/EssentialEnergy/Website/Files/Our-Network/PriceListAndExplanatoryNotes2025-26.pdf?rev=429a74eaf5a745bda3bf6965d7147cd2,sources/dnsp/essential/Essential_Price_List_and_Explanatory_Notes_2025-26.pdf,537df582c360e2625c14b83a6638c57eea6f6d0631963c19cf445cb453a7a3e1
essential-price-list-and-explanatory-notes-2026-27,essential,2026-27,distributor,price_list,0,as published,1,published,,https://www.essentialenergy.com.au/-/media/Project/EssentialEnergy/Website/Files/Our-Network/PriceListAndExplanatoryNotes2026-27.pdf,sources/dnsp/essential/Essential_Price_List_and_Explanatory_Notes_2026-27.pdf,3c2fb6330e5346fceccf3201b82cd0468a08ffc7efc6ddebd62e703037e1b039
evoenergy-2023-24-electricity-network-pricing-proposal-5may2023,evoenergy,2023-24,distributor,pricing_proposal,1,as published,1,unverified,2023-05-05,https://www.aer.gov.au/system/files/Evoenergy%202023-24%20-%20Electricity%20network%20pricing%20proposal%20-%2020230505%20-%20PUBLIC.pdf,sources/aer/2023-24_price_lists/Evoenergy_2023-24_Electricity_network_pricing_proposal_5May2023.pdf,826c0caf1649c0ac8cbf4043615377dae1bd65a64c3b1eee45c112a674368598
evoenergy-schedule-of-charges-2024-25-lfit-adjusted,evoenergy,2024-25,distributor,schedule_of_charges,0,as published,1,published,,https://www.evoenergy.com.au/-/media/Project/Evoenergy/EVO/Documents/Electricity/Evoenergy-electricity-schedule-of-charges-2024-25-LFiT-adjusted.pdf?rev=cfd603e7eccc4ae0a30b1a281864e546&hash=1FFD8DDEFA9984066AE6E3CEDF1EEA8B,sources/dnsp/evoenergy/Evoenergy_Schedule_of_Charges_2024-25_LFiT_adjusted.pdf,2ec888e8be322f9f45c9102af6eb79950a017cbb708e3adc590b8ee4008a764c
evoenergy-schedule-of-charges-2025-26-incl-lfit-may2025,evoenergy,2025-26,distributor,schedule_of_charges,0,as published,1,published,,https://www.evoenergy.com.au/-/media/Project/Evoenergy/EVO/Documents/Electricity/Evoenergy-2025-26-Schedule-of-Charges-incl-LFiT--May-2025.xlsx?rev=178187e94c114445b7b112b1b9dab0db&hash=60625602851A906E9A81A47656BF459D,sources/dnsp/evoenergy/Evoenergy_Schedule_of_Charges_2025-26_incl_LFiT_May2025.xlsx,f0377c9d98ba8d406243b01010a05a8530b1222e77e99ecaa92edf9b1819f4a6
evoenergy-schedule-of-charges-2026-27-aer-approved-april2026,evoenergy,2026-27,distributor,schedule_of_charges,0,as published,1,published,,https://www.evoenergy.com.au/-/media/Project/Evoenergy/EVO/Documents/Electricity/Evoenergy-2026-27-Schedule-of-Charges-AER-approved-April-2026.xlsx?rev=f7bbf306fbff4781a5c511979cb1eeb3&hash=AE48FA9EC1F54A99066D534FE09318B3,sources/dnsp/evoenergy/Evoenergy_Schedule_of_Charges_2026-27_AER_approved_April2026.xlsx,793fb8394a2adfd370e566580152f24ed8dd72720d7b0290b3f11dd9726cc9a9
evoenergy-schedule-of-charges-2026-27-incl-lfit-june2026,evoenergy,2026-27,distributor,schedule_of_charges,0,as published,1,published,,https://www.evoenergy.com.au/-/media/Project/Evoenergy/EVO/Documents/Electricity/Evoenergy-2026-27-Schedule-of-Charges-incl-LFiT--June-2026.xlsx?rev=453f269753e34181bdee5a725a3fd5d4&hash=7428AEDE3D03BE5629F27DDD96C90103,sources/dnsp/evoenergy/Evoenergy_Schedule_of_Charges_2026-27_incl_LFiT_June2026.xlsx,816ea9351b514f24393872df549c24886f9d921a6336e351cab1aed25e9845ec
evoenergy-statement-of-tariff-classes-and-tariffs-2023-24,evoenergy,2023-24,distributor,statement_of_tariff_classes,0,as published,1,published,,https://www.evoenergy.com.au/-/media/Project/Evoenergy/EVO/Documents/Electricity/Evoenergy-Statement-of-Tariff-Classes-and-Tarrifs-2023-24.pdf?rev=c8ff4e39d7f444c189a0a667b1e93b54,sources/dnsp/evoenergy/Evoenergy_Statement_of_Tariff_Classes_and_Tariffs_2023-24.pdf,fc4ed8800755d0f6d9f143056d1d29a9704b10ca2ca16a4ff3cd8855efbcbcb3
jemena-2023-24-network-tariff-schedule-31mar2023,jemena,2023-24,distributor,tariff_schedule,1,as published,1,unverified,2023-03-31,https://www.aer.gov.au/system/files/Jemena%202023-24%20-%20Network%20Tariff%20Schedule%20-%2020230331%20-%20PUBLIC_0.pdf,sources/aer/2023-24_price_lists/Jemena_2023-24_Network_Tariff_Schedule_31Mar2023.pdf,f295fbaafd5d627fe35cf11f5c28548f854985fdf13968e6c925a374b938f78d
jemena-2024-25-network-tariff-schedule-28mar2024,jemena,2024-25,distributor,tariff_schedule,1,as published,1,unverified,2024-03-28,https://www.aer.gov.au/system/files/2024-04/JEN%20-%202024-25%20Network%20Tariff%20Schedule%20-%2028%20March%202024.pdf,sources/aer/dnsp_copies/Jemena_2024-25_Network_Tariff_Schedule_28Mar2024.pdf,629cce89347d004b5a0d40ced692788d9c807a68f677095ecb3da488b52fba04
jemena-network-tariff-schedule-2023-24,jemena,2023-24,distributor,tariff_schedule,0,as published,1,published,,https://www.jemena.com.au/siteassets/asset-folder/documents/documents/2024-tariff-schedule.pdf,sources/dnsp/jemena/Jemena_Network_Tariff_Schedule_2023-24.pdf,f295fbaafd5d627fe35cf11f5c28548f854985fdf13968e6c925a374b938f78d
jemena-network-tariff-schedule-2024-25,jemena,2024-25,distributor,tariff_schedule,0,as published,1,published,,https://www.jemena.com.au/siteassets/asset-folder/documents/documents/2024-25---tariff-schedule.pdf,sources/dnsp/jemena/Jemena_Network_Tariff_Schedule_2024-25.pdf,629cce89347d004b5a0d40ced692788d9c807a68f677095ecb3da488b52fba04
jemena-network-tariff-schedule-2025-26,jemena,2025-26,distributor,tariff_schedule,0,as published,1,published,,https://www.jemena.com.au/contentassets/a440c960e37a4eca8497cf44990ebe0b/jen---2025-26-network-tariff-schedule.pdf,sources/dnsp/jemena/Jemena_Network_Tariff_Schedule_2025-26.pdf,3236f0fe3df57ab67d474eb1fa8fe7e8d3d33fd25924d414c92c3abd829f1bef
jemena-network-tariff-schedule-2026-27,jemena,2026-27,distributor,tariff_schedule,0,as published,1,published,,https://www.jemena.com.au/contentassets/a440c960e37a4eca8497cf44990ebe0b/jen-2026-27-network-tariff-schedule.pdf,sources/dnsp/jemena/Jemena_Network_Tariff_Schedule_2026-27.pdf,1d5b70ab2fca93fa7984a238400637eeb00e69f16b35b2e4c65dfdd687e7db09
powercor-2023-24-tariff-summary-31mar2023,powercor,2023-24,distributor,tariff_summary,1,as published,1,unverified,2023-03-31,https://www.aer.gov.au/system/files/Powercor%202023-24%20-%20Tariff%20Summary%20-%2020230331%20-%20PUBLIC.xlsx,sources/aer/2023-24_price_lists/Powercor_2023-24_Tariff_Summary_31Mar2023.xlsx,b1360f97a8eefaf78fc910386531c975027e473cd4dcabd620bae6ed31c4a84f
powercor-2023-24-tariff-summary-not-retrievable,powercor,2023-24,distributor,tariff_summary,0,as published,1,published,,,,
powercor-2024-25-tariff-summary-28mar2024,powercor,2024-25,distributor,tariff_summary,1,as published,1,unverified,2024-03-28,https://www.aer.gov.au/system/files/2024-04/Powercor%20-%202024-25%20Tariff%20Summary%20-%2028%20March%202024.xlsx,sources/aer/dnsp_copies/Powercor_2024-25_Tariff_Summary_28Mar2024.xlsx,e8d77083492bb1ae6e47a490172cb8d2d036beea6c5276fbbbfb80d74e43bfcf
powercor-pricing-proposal-2024-25-28mar2024-wayback,powercor,2024-25,distributor,pricing_proposal,0,as published,1,published,2024-03-28,https://web.archive.org/web/20250115000217/https://media.powercor.com.au/wp-content/uploads/2024/06/11153814/Powercor-2024-25-Pricing-28-March-2024-PUBLIC.pdf,sources/dnsp/powercor/Powercor_Pricing_Proposal_2024-25_28Mar2024_wayback.pdf,ea6953261052529cdac564d5459460dff1ec44751c744e28e8fc279cb7cacf4e
powercor-pricing-proposal-2025-26-31mar2025-wayback,powercor,2025-26,distributor,pricing_proposal,0,as published,1,published,2025-03-31,https://web.archive.org/web/20251105074229/https://media.powercor.com.au/wp-content/uploads/2025/05/15155915/Powercor-2025-26-Final-Pricing-31-March-2025.pdf,sources/dnsp/powercor/Powercor_Pricing_Proposal_2025-26_31Mar2025_wayback.pdf,23cc50472ad1b270dfed8717fa756f2bd5ebea0a5198e47175413b3784b394e4
powercor-pricing-proposal-2026-27-07may2026,powercor,2026-27,distributor,pricing_proposal,0,as published,1,published,2026-05-07,https://media.powercor.com.au/documents/Migrated-Documents/Powercor-2026-27-Pricing-07-May-2026-PUBLIC.pdf,sources/dnsp/powercor/Powercor_Pricing_Proposal_2026-27_07May2026.pdf,6b3ef0090fb68d52de5a85f85e2a67129d89b7fa6ac36f504c2801394951fe96
powercor-tariff-summary-2025-26-31mar2025-wayback,powercor,2025-26,distributor,tariff_summary,0,as published,1,published,2025-03-31,https://web.archive.org/web/20251117072752/https://media.powercor.com.au/wp-content/uploads/2025/05/15155928/Powercor-FINAL-2025-26-Tariff-Summary-31-March-2025-PUBLIC.xlsx,sources/dnsp/powercor/Powercor_Tariff_Summary_2025-26_31Mar2025_wayback.xlsx,a4f9fd1d9ad0ba0967ec3e143ab24a7cb7ca9237f6799db2e773670f25641618
powercor-tariff-summary-2026-27-07may2026,powercor,2026-27,distributor,tariff_summary,0,as published,1,published,2026-05-07,https://media.powercor.com.au/documents/Network-pricing/Powercor-FINAL-2026-27-Tariff-Summary-07-May-2026-PUBLIC.xlsx,sources/dnsp/powercor/Powercor_Tariff_Summary_2026-27_07May2026.xlsx,381716b07f2482f1250d7cb9535c4b82a559e3d4fa804822f002b701be5f0dc2
powerwater-2026-27-pricing-proposal-not-retrievable,powerwater,2026-27,distributor,pricing_proposal,0,as published,1,published,,,,
pwc-2023-24-network-pricing-proposal-30mar2023,powerwater,2023-24,distributor,pricing_proposal,1,as published,1,unverified,2023-03-30,https://www.aer.gov.au/system/files/Power%20and%20Water%20Corporation%202023-24%20-%20Network%20Pricing%20Proposal%20document%20-20230330%20-%20PUBLIC.pdf,sources/aer/2023-24_price_lists/PWC_2023-24_Network_Pricing_Proposal_30Mar2023.pdf,fa169085bb202fd6c62176b139f2c1d50d750eec27939648536c96bf45e8116a
pwc-2024-25-pricing-proposal-8may2024,powerwater,2024-25,distributor,pricing_proposal,1,as published,1,unverified,2024-05-08,https://www.aer.gov.au/system/files/2024-05/Power%20and%20Water%20Corporation%20-%202024-25%20Pricing%20Proposal%20-%208%20May%202024.pdf,sources/aer/dnsp_copies/PWC_2024-25_Pricing_Proposal_8May2024.pdf,51df4e0ffb8c8d17a20f20eb43c9fa97455a400f70f0d8b8d71e63f0eb838384
pwc-2025-26-network-pricing-proposal-23may2025,powerwater,2025-26,distributor,pricing_proposal,1,as published,1,unverified,2025-05-23,https://www.aer.gov.au/system/files/2025-05/Power%20and%20Water%20%28PWC%29%202025-26%20-%20Final%20-%20Network%20Pricing%20Proposal%20-%2023%20May%202025.pdf,sources/aer/dnsp_copies/PWC_2025-26_Network_Pricing_Proposal_23May2025.pdf,f94000c9cd9208f4ccf605b4da1233a6cd943d34605546cbd6ee7ed079b91bc8
pwc-2026-27-network-pricing-proposal-31mar2026,powerwater,2026-27,distributor,pricing_proposal,1,as published,1,unverified,2026-03-31,https://www.aer.gov.au/system/files/2026-04/Power%20and%20Water%20Corporation%20%E2%80%93%202026%E2%80%9327%20%E2%80%93%20Network%20Pricing%20Proposal%20%E2%80%93%2031%20March%202026.pdf,sources/aer/dnsp_copies/PWC_2026-27_Network_Pricing_Proposal_31Mar2026.pdf,af87cc6b7e77f4a62cf7d49d311d506cf2e09ca82c6474b5fbf92538e73dbf49
pwc-scs-tariffs-2023-24-wayback,powerwater,2023-24,distributor,price_list,0,as published,1,published,,https://web.archive.org/web/20251126073413/https://www.powerwater.com.au/__data/assets/pdf_file/0028/172675/Standard-Control-Service-Tariffs-2023-24.pdf,sources/dnsp/powerwater/PWC_SCS_Tariffs_2023-24_wayback.pdf,ea375191010ef4f9e2828d710a3b56180e3bafd3e9b849d9dbe71b308bf27826
pwc-scs-tariffs-2024-25-wayback,powerwater,2024-25,distributor,price_list,0,as published,1,published,,https://web.archive.org/web/20251126073410/https://www.powerwater.com.au/__data/assets/pdf_file/0020/351119/Standard-Control-Service-Tariffs-2024-25.pdf,sources/dnsp/powerwater/PWC_SCS_Tariffs_2024-25_wayback.pdf,2607cf6bb0f2656b33a6e127dbbe8e4ea3ec3276d6d15eebe32b825695ef333a
pwc-scs-tariffs-2025-26-210525-wayback,powerwater,2025-26,distributor,price_list,0,as published,1,published,2025-05-21,https://web.archive.org/web/20251126073407/https://www.powerwater.com.au/__data/assets/pdf_file/0018/405117/3.FINAL-Power-and-Water-Corporation-Standard-Control-Service-Tariffs-2025-26-210525-clean.pdf,sources/dnsp/powerwater/PWC_SCS_Tariffs_2025-26_210525_wayback.pdf,c6c28343615b2c01bcc62a4dcf8cbe8028f38a544f81faa36d47bb8a376085c2
sapn-2023-24-annual-pricing-proposal-revised-8may2023,sapn,2023-24,distributor,pricing_proposal,1,as published,1,unverified,2023-05-08,https://www.aer.gov.au/system/files/SA%20Power%20Networks%202023-24%20-%20Annual%20Pricing%20Proposal%20Revised%20-%2020230508%20-%20PUBLIC.pdf,sources/aer/2023-24_price_lists/SAPN_2023-24_Annual_Pricing_Proposal_Revised_8May2023.pdf,1916ebb955910704876ebfeedc6a9a882825c7a94cf04307d04e43ce64b2c1a2
sapn-2024-25-annual-pricing-proposal-19apr2024,sapn,2024-25,distributor,pricing_proposal,1,as published,1,unverified,2024-04-19,https://www.aer.gov.au/system/files/2024-07/SA%20Power%20Networks%20-%20Annual%20Pricing%20Proposal%20-%2019%20April%202024.pdf,sources/aer/dnsp_copies/SAPN_2024-25_Annual_Pricing_Proposal_19Apr2024.pdf,8c941cecbeeae4f32e8a4d4324d94b0233c9bb899be72f02b4cb00116421396a
sapn-2025-26-pricing-proposal-overview-14may2025,sapn,2025-26,distributor,pricing_proposal_overview,1,as published,1,unverified,2025-05-14,https://www.aer.gov.au/system/files/2025-05/SA%20Power%20Networks%202025-26%20-%20Pricing%20Proposal%20Overview%20-%2014%20May%202025.pdf,sources/aer/dnsp_copies/SAPN_2025-26_Pricing_Proposal_Overview_14May2025.pdf,0f75aa5f268c431b12fb5cba1a2cadd2bc533adb82572959f34f1e3df521f14c
sapn-initial-pricing-proposal-overview-2025-26-id333252,sapn,2025-26,distributor,pricing_proposal_overview,0,as published,1,proposed,,https://www.sapowernetworks.com.au/public/download.jsp?id=333252,sources/dnsp/sapn/SAPN_Initial_Pricing_Proposal_Overview_2025-26_id333252.pdf,d6cfb94038e8710ce09dc01fe6d56b1a376ca98c2b6501264792bec95df45fbc
sapn-tariff-price-list-2023-24-id320662,sapn,2023-24,distributor,price_list,0,as published,1,published,,https://www.sapowernetworks.com.au/public/download.jsp?id=320662,sources/dnsp/sapn/SAPN_Tariff_Price_List_2023-24_id320662.pdf,48f6d5ad2ecc8d5b0d9531eafc43959b28078bb5e79a2eea867c67147a7e035d
sapn-tariff-price-list-2024-25-id328119,sapn,2024-25,distributor,price_list,0,as published,1,published,,https://www.sapowernetworks.com.au/public/download.jsp?id=328119,sources/dnsp/sapn/SAPN_Tariff_Price_List_2024-25_id328119.pdf,04d6968301c0d498b0e628c1b8a408e4bed7d231969a24efeca6ee3070017b05
sapn-tariff-price-list-2026-27-id338674,sapn,2026-27,distributor,price_list,0,v1.0,1,published,,https://www.sapowernetworks.com.au/public/download.jsp?id=338674,sources/dnsp/sapn/SAPN_Tariff_Price_List_2026-27_id338674.pdf,a64df218c5c0c6051ef454a47a47056e90484001717be226716d7b0a67629b74
tasnetworks-2023-24-network-tariff-application-and-price-guide-4apr2023,tasnetworks,2023-24,distributor,price_guide,1,as published,1,unverified,2023-04-04,https://www.aer.gov.au/system/files/TasNetworks2023-24%20-%20Network%20tariff%20application%20and%20price%20guide%20for%202023-24%20-%2020230404%20-%20PUBLIC.pdf,sources/aer/2023-24_price_lists/TasNetworks_2023-24_Network_tariff_application_and_price_guide_4Apr2023.pdf,7aaaf4eadfc7d2568f34ee6c0bc3a8ea7ba510c71c8fe4deee984eee2dda04fd
tasnetworks-network-pricing-schedule-2026-27,tasnetworks,2026-27,distributor,pricing_schedule,0,as published,1,published,,https://www.tasnetworks.com.au/Documents/Manual-documents/Pricing/2026-27/Network-Pricing-Schedule-2026-27,sources/dnsp/tasnetworks/TasNetworks_Network_Pricing_Schedule_2026-27.xlsx,2d4cf18823dba811c92ecb3f4a14bee919f4afaca14ddd6520bb634dd1d89982
tasnetworks-network-tariff-pricing-schedule-scs-2023-24,tasnetworks,2023-24,distributor,pricing_schedule,0,as published,1,published,,https://www.tasnetworks.com.au/Documents/Manual-documents/Pricing/2023-24-distribution/2023-24-Indicative-network-tariff-pricing-schedule,sources/dnsp/tasnetworks/TasNetworks_Network_Tariff_Pricing_Schedule_SCS_2023-24.pdf,99cc4541dcbec87526a90d8ee3f6734f9453189eb6a676eb3ba9f8cb83844f18
tasnetworks-network-tariff-pricing-schedule-scs-2024-25,tasnetworks,2024-25,distributor,pricing_schedule,0,as published,1,published,,https://www.tasnetworks.com.au/Documents/Manual-documents/Pricing/2024-25/2024-25-Annual-SCS-Network-tariff-schedule,sources/dnsp/tasnetworks/TasNetworks_Network_Tariff_Pricing_Schedule_SCS_2024-25.pdf,1de47b4e7c5b5ca91d5bdace2b113a553f6f838aacbfcc6f2ed4683eb646faf1
tasnetworks-network-tariff-pricing-schedule-scs-2025-26,tasnetworks,2025-26,distributor,pricing_schedule,0,as published,1,published,,https://www.tasnetworks.com.au/Documents/Manual-documents/Pricing/2025-26/2025-26-Network-Tariff-Pricing-Schedule-for-SCS,sources/dnsp/tasnetworks/TasNetworks_Network_Tariff_Pricing_Schedule_SCS_2025-26.xlsx,16fcf2d1fe5768e801346bde2e2378607561ccd1ad7f55c2efbd6e4abb4c9dea
ue-pricing-proposal-2023-24-wayback,unitedenergy,2023-24,distributor,pricing_proposal,0,as published,1,published,,https://web.archive.org/web/20230810083614/https://media.unitedenergy.com.au/reports/United_Energy_2023-2024_Pricing_Proposal.pdf,sources/dnsp/unitedenergy/UE_Pricing_Proposal_2023-24_wayback.pdf,57b3110c39e39ba7db3891231c1f446e0352a3a977d483ffa2ac28a63fd67624
ue-pricing-proposal-2026-27-07may2026,unitedenergy,2026-27,distributor,pricing_proposal,0,as published,1,published,2026-05-07,https://media.unitedenergy.com.au/factsheets/United-Energy-2026-27-Pricing-07-May-2026-PUBLIC.pdf,sources/dnsp/unitedenergy/UE_Pricing_Proposal_2026-27_07May2026.pdf,33b945614272a5879ed63368f8fdf0057abeabea281ad7f76b59ceae9d7fb7f5
ue-tariff-summary-2026-27-07may2026,unitedenergy,2026-27,distributor,tariff_summary,0,as published,1,published,2026-05-07,https://media.unitedenergy.com.au/factsheets/United-Energy-FINAL-2026-27-Tariff-Summary-07-May-2026-PUBLIC.xlsx,sources/dnsp/unitedenergy/UE_Tariff_Summary_2026-27_07May2026.xlsx,edda303c646643350692f9f57906e464f26a7df09c9aba30302f89d06ad99778
unitedenergy-2023-24-tariff-summary-31mar2023,unitedenergy,2023-24,distributor,tariff_summary,1,as published,1,unverified,2023-03-31,https://www.aer.gov.au/system/files/United%20Energy%202023-24%20-%20Tariff%20Summary%20-%2020230331%20-%20PUBLIC_0.xlsx,sources/aer/2023-24_price_lists/UnitedEnergy_2023-24_Tariff_Summary_31Mar2023.xlsx,cffb525c2cf66e796ca0c1629cb4883fdf55e624b42a01d648e51f971e9a900c
unitedenergy-2024-25-tariff-summary-28mar2024,unitedenergy,2024-25,distributor,tariff_summary,1,as published,1,unverified,2024-03-28,https://www.aer.gov.au/system/files/2024-04/United%20Energy%20-%202024-25%20Tariff%20Summary%20-%2028%20March%202024.xlsx,sources/aer/dnsp_copies/UnitedEnergy_2024-25_Tariff_Summary_28Mar2024.xlsx,30766136350857df99a16831a1dd554df1d2ae946b5816d9e1aee018e3bedea1
unitedenergy-2024-25-tariff-summary-not-retrievable,unitedenergy,2024-25,distributor,tariff_summary,0,as published,1,published,,,,
unitedenergy-2025-26-final-pricing-31mar2025,unitedenergy,2025-26,distributor,pricing_proposal,1,as published,1,unverified,2025-03-31,https://www.aer.gov.au/system/files/2025-04/United%20Energy%202025-26%20-%20Final%20-%20Pricing%20-%2031%20March%202025.pdf,sources/aer/dnsp_copies/UnitedEnergy_2025-26_Final_Pricing_31Mar2025.pdf,04a83b5df1c2bfe6aa9052383199e15942cd509865d80df70ddcb7ea33b211f2
unitedenergy-2025-26-pricing-proposal-not-retrievable,unitedenergy,2025-26,distributor,pricing_proposal,0,as published,1,published,,,,
