distributor_id,tariff_code,effective_from,link_no,link_type,linked_code,linked_customer_class,document_id,locator,quote,note
ausgrid,EA111,2023-07-01,1,opt_out_to,EA025,,ausgrid-2023-24-annual-scs-pricing-proposal-31mar2023,pdf:p26,TOU-demand and TOU tariffs are opt-out options for all customers assigned to a demand tariff.,"TOU tariff and TOU-demand tariff of the same customer type (residential EA025/EA115, small business EA225/EA255)."
ausgrid,EA111,2023-07-01,2,opt_out_to,EA115,,ausgrid-2023-24-annual-scs-pricing-proposal-31mar2023,pdf:p26,TOU-demand and TOU tariffs are opt-out options for all customers assigned to a demand tariff.,"TOU tariff and TOU-demand tariff of the same customer type (residential EA025/EA115, small business EA225/EA255)."
ausgrid,EA116,2023-07-01,1,opt_out_to,EA025,,ausgrid-2023-24-annual-scs-pricing-proposal-31mar2023,pdf:p26,TOU-demand and TOU tariffs are opt-out options for all customers assigned to a demand tariff.,"TOU tariff and TOU-demand tariff of the same customer type (residential EA025/EA115, small business EA225/EA255)."
ausgrid,EA116,2023-07-01,2,opt_out_to,EA115,,ausgrid-2023-24-annual-scs-pricing-proposal-31mar2023,pdf:p26,TOU-demand and TOU tariffs are opt-out options for all customers assigned to a demand tariff.,"TOU tariff and TOU-demand tariff of the same customer type (residential EA025/EA115, small business EA225/EA255)."
ausgrid,EA251,2023-07-01,1,opt_out_to,EA225,,ausgrid-2023-24-annual-scs-pricing-proposal-31mar2023,pdf:p26,TOU-demand and TOU tariffs are opt-out options for all customers assigned to a demand tariff.,"TOU tariff and TOU-demand tariff of the same customer type (residential EA025/EA115, small business EA225/EA255)."
ausgrid,EA251,2023-07-01,2,opt_out_to,EA255,,ausgrid-2023-24-annual-scs-pricing-proposal-31mar2023,pdf:p26,TOU-demand and TOU tariffs are opt-out options for all customers assigned to a demand tariff.,"TOU tariff and TOU-demand tariff of the same customer type (residential EA025/EA115, small business EA225/EA255)."
ausgrid,EA256,2023-07-01,1,opt_out_to,EA225,,ausgrid-2023-24-annual-scs-pricing-proposal-31mar2023,pdf:p26,TOU-demand and TOU tariffs are opt-out options for all customers assigned to a demand tariff.,"TOU tariff and TOU-demand tariff of the same customer type (residential EA025/EA115, small business EA225/EA255)."
ausgrid,EA256,2023-07-01,2,opt_out_to,EA255,,ausgrid-2023-24-annual-scs-pricing-proposal-31mar2023,pdf:p26,TOU-demand and TOU tariffs are opt-out options for all customers assigned to a demand tariff.,"TOU tariff and TOU-demand tariff of the same customer type (residential EA025/EA115, small business EA225/EA255)."
citipower,CHV1,2024-07-01,1,alias,CHV,,aer-stakeholder-report-citipower-2024-25,,,"the AER prints a large-customer tariff as one code, CitiPower's list numbers its variants (AER CHV and CHVT; CitiPower CHV1, CHVT1 and CHVT2)"
citipower,CHV1,2026-07-01,1,alias,CHV,,aer-consolidated-2026-27-v5,,,"the AER prints a large-customer tariff as one code, CitiPower's list numbers its variants (AER CHV and CHVT; CitiPower CHV1, CHVT1 and CHVT2)"
citipower,CHV2,2024-07-01,1,alias,CHV,,aer-stakeholder-report-citipower-2024-25,,,"the AER prints a large-customer tariff as one code, CitiPower's list numbers its variants (AER CHV and CHVT; CitiPower CHV1, CHVT1 and CHVT2)"
citipower,CHV2,2026-07-01,1,alias,CHV,,aer-consolidated-2026-27-v5,,,"the AER prints a large-customer tariff as one code, CitiPower's list numbers its variants (AER CHV and CHVT; CitiPower CHV1, CHVT1 and CHVT2)"
citipower,CHV3,2026-07-01,1,alias,CHV,,aer-consolidated-2026-27-v5,,,"the AER prints a large-customer tariff as one code, CitiPower's list numbers its variants (AER CHV and CHVT; CitiPower CHV1, CHVT1 and CHVT2)"
citipower,CHVT1,2024-07-01,1,alias,CHVT,,aer-stakeholder-report-citipower-2024-25,,,"the AER prints a large-customer tariff as one code, CitiPower's list numbers its variants (AER CHV and CHVT; CitiPower CHV1, CHVT1 and CHVT2)"
citipower,CHVT2,2024-07-01,1,alias,CHVT,,aer-stakeholder-report-citipower-2024-25,,,"the AER prints a large-customer tariff as one code, CitiPower's list numbers its variants (AER CHV and CHVT; CitiPower CHV1, CHVT1 and CHVT2)"
citipower,CLLV1,2024-07-01,1,alias,CLLV,,aer-stakeholder-report-citipower-2024-25,,,"the AER prints a large-customer tariff as one code, CitiPower's list numbers its variants (AER CHV and CHVT; CitiPower CHV1, CHVT1 and CHVT2)"
citipower,CLLV1,2026-07-01,1,alias,CLLV,,aer-consolidated-2026-27-v5,,,"the AER prints a large-customer tariff as one code, CitiPower's list numbers its variants (AER CHV and CHVT; CitiPower CHV1, CHVT1 and CHVT2)"
citipower,CLLV2,2024-07-01,1,alias,CLLV,,aer-stakeholder-report-citipower-2024-25,,,"the AER prints a large-customer tariff as one code, CitiPower's list numbers its variants (AER CHV and CHVT; CitiPower CHV1, CHVT1 and CHVT2)"
citipower,CLLV2,2026-07-01,1,alias,CLLV,,aer-consolidated-2026-27-v5,,,"the AER prints a large-customer tariff as one code, CitiPower's list numbers its variants (AER CHV and CHVT; CitiPower CHV1, CHVT1 and CHVT2)"
citipower,CLLV3,2026-07-01,1,alias,CLLV,,aer-consolidated-2026-27-v5,,,"the AER prints a large-customer tariff as one code, CitiPower's list numbers its variants (AER CHV and CHVT; CitiPower CHV1, CHVT1 and CHVT2)"
citipower,CLLVT1,2024-07-01,1,alias,CLLVT,,aer-stakeholder-report-citipower-2024-25,,,"the AER prints a large-customer tariff as one code, CitiPower's list numbers its variants (AER CHV and CHVT; CitiPower CHV1, CHVT1 and CHVT2)"
citipower,CLLVT2,2024-07-01,1,alias,CLLVT,,aer-stakeholder-report-citipower-2024-25,,,"the AER prints a large-customer tariff as one code, CitiPower's list numbers its variants (AER CHV and CHVT; CitiPower CHV1, CHVT1 and CHVT2)"
citipower,CMG,2023-07-01,1,opt_out_to,CMGO21,,citipower-pricing-proposal-2023-24-wayback,pdf:p26,CMG customers consuming less than 160 MWh pa can opt out of the demand tariff to CMGO21,
citipower,CMG,2024-07-01,1,opt_out_to,CMGO21,,citipower-pricing-proposal-2024-25-28mar2024-wayback,pdf:p11,CMG customers consuming less than 160 MWh pa can opt out of the demand tariff to CMGO21,
citipower,CMG,2025-07-01,1,opt_out_to,CMGO21,,citipower-pricing-proposal-2025-26-31mar2025-wayback,pdf:p7,CMG customers consuming less than 160MWh pa can opt out of the demand tariff to CMGO21,
citipower,CMG,2026-07-01,1,opt_out_to,CMGO21,,citipower-pricing-proposal-2026-27-07may2026,pdf:p7,CMG customers consuming less than 160MWh pa can opt out of the demand tariff to CMGO21,
endeavour,N19,2024-07-01,1,opt_out_to,N91,,endeavour-nuos-price-list-2024-25-v10,pdf:p36,"In this event the choice of Pricing Option is limited to tariffs N91, N92 or N93.",Only if 'a history of consistently low consumption (less than 160MWh pa) over the twelve months preceding the date of the application can be established'.
endeavour,N19,2024-07-01,2,opt_out_to,N92,,endeavour-nuos-price-list-2024-25-v10,pdf:p36,"In this event the choice of Pricing Option is limited to tariffs N91, N92 or N93.",Only if 'a history of consistently low consumption (less than 160MWh pa) over the twelve months preceding the date of the application can be established'.
endeavour,N19,2024-07-01,3,opt_out_to,N93,,endeavour-nuos-price-list-2024-25-v10,pdf:p36,"In this event the choice of Pricing Option is limited to tariffs N91, N92 or N93.",Only if 'a history of consistently low consumption (less than 160MWh pa) over the twelve months preceding the date of the application can be established'.
endeavour,N19,2025-07-01,1,opt_out_to,N91,,endeavour-nuos-price-list-2025-26-v11,pdf:p34,"In this event the choice of Pricing Option is limited to tariffs N91, N92 or N93.",Only if 'a history of consistently low consumption (less than 160MWh pa) over the twelve months preceding the date of the application can be established'.
endeavour,N19,2025-07-01,2,opt_out_to,N92,,endeavour-nuos-price-list-2025-26-v11,pdf:p34,"In this event the choice of Pricing Option is limited to tariffs N91, N92 or N93.",Only if 'a history of consistently low consumption (less than 160MWh pa) over the twelve months preceding the date of the application can be established'.
endeavour,N19,2025-07-01,3,opt_out_to,N93,,endeavour-nuos-price-list-2025-26-v11,pdf:p34,"In this event the choice of Pricing Option is limited to tariffs N91, N92 or N93.",Only if 'a history of consistently low consumption (less than 160MWh pa) over the twelve months preceding the date of the application can be established'.
endeavour,N19,2026-07-01,1,opt_out_to,N91,,endeavour-nuos-price-list-2026-27,pdf:p34,"In this event the choice of Pricing Option is limited to tariffs N91, N92 or N93.",Only if 'a history of consistently low consumption (less than 160MWh pa) over the twelve months preceding the date of the application can be established'.
endeavour,N19,2026-07-01,2,opt_out_to,N92,,endeavour-nuos-price-list-2026-27,pdf:p34,"In this event the choice of Pricing Option is limited to tariffs N91, N92 or N93.",Only if 'a history of consistently low consumption (less than 160MWh pa) over the twelve months preceding the date of the application can be established'.
endeavour,N19,2026-07-01,3,opt_out_to,N93,,endeavour-nuos-price-list-2026-27,pdf:p34,"In this event the choice of Pricing Option is limited to tariffs N91, N92 or N93.",Only if 'a history of consistently low consumption (less than 160MWh pa) over the twelve months preceding the date of the application can be established'.
endeavour,N73,2023-07-01,1,opt_out_to,N70,,endeavour-2023-24-pricing-proposal-31mar2023,pdf:p22,with the option to opt-out to the alternate cost reflective tariffs or the flat energy tariff;,Alternate cost reflective tariffs = demand and seasonal TOU tariffs of the same customer type; flat energy tariff = N70.
endeavour,N73,2023-07-01,2,opt_out_to,N71,,endeavour-2023-24-pricing-proposal-31mar2023,pdf:p22,with the option to opt-out to the alternate cost reflective tariffs or the flat energy tariff;,Alternate cost reflective tariffs = demand and seasonal TOU tariffs of the same customer type; flat energy tariff = N70.
endeavour,N73,2023-07-01,3,opt_out_to,N72,,endeavour-2023-24-pricing-proposal-31mar2023,pdf:p22,with the option to opt-out to the alternate cost reflective tariffs or the flat energy tariff;,Alternate cost reflective tariffs = demand and seasonal TOU tariffs of the same customer type; flat energy tariff = N70.
endeavour,N93,2023-07-01,1,opt_out_to,N91,,endeavour-2023-24-pricing-proposal-31mar2023,pdf:p22,with the option to opt-out to the alternate cost reflective tariffs or the flat energy tariff;,Alternate cost reflective tariffs = demand and seasonal TOU tariffs of the same customer type; the non-residential flat/IBT alternative is not named for general supply.
endeavour,N93,2023-07-01,2,opt_out_to,N92,,endeavour-2023-24-pricing-proposal-31mar2023,pdf:p22,with the option to opt-out to the alternate cost reflective tariffs or the flat energy tariff;,Alternate cost reflective tariffs = demand and seasonal TOU tariffs of the same customer type; the non-residential flat/IBT alternative is not named for general supply.
ergon,EBDEMT1,2024-07-01,1,zone_variant_of,EBDEM,,aer-stakeholder-report-ergon-2024-25,,,"the AER prints one code with a row per transmission zone T1-T3 (EBDEM, 'East ... T1'); Ergon's list gives each zone its own code (EBDEMT1, EBDEMT2, EBDEMT3)"
ergon,EBDEMT2,2024-07-01,1,zone_variant_of,EBDEM,,aer-stakeholder-report-ergon-2024-25,,,"the AER prints one code with a row per transmission zone T1-T3 (EBDEM, 'East ... T1'); Ergon's list gives each zone its own code (EBDEMT1, EBDEMT2, EBDEMT3)"
ergon,EBDEMT3,2024-07-01,1,zone_variant_of,EBDEM,,aer-stakeholder-report-ergon-2024-25,,,"the AER prints one code with a row per transmission zone T1-T3 (EBDEM, 'East ... T1'); Ergon's list gives each zone its own code (EBDEMT1, EBDEMT2, EBDEMT3)"
ergon,EBESTT1,2024-07-01,1,zone_variant_of,EBEST,,aer-stakeholder-report-ergon-2024-25,,,"the AER prints one code with a row per transmission zone T1-T3 (EBDEM, 'East ... T1'); Ergon's list gives each zone its own code (EBDEMT1, EBDEMT2, EBDEMT3)"
ergon,EBESTT2,2024-07-01,1,zone_variant_of,EBEST,,aer-stakeholder-report-ergon-2024-25,,,"the AER prints one code with a row per transmission zone T1-T3 (EBDEM, 'East ... T1'); Ergon's list gives each zone its own code (EBDEMT1, EBDEMT2, EBDEMT3)"
ergon,EBESTT3,2024-07-01,1,zone_variant_of,EBEST,,aer-stakeholder-report-ergon-2024-25,,,"the AER prints one code with a row per transmission zone T1-T3 (EBDEM, 'East ... T1'); Ergon's list gives each zone its own code (EBDEMT1, EBDEMT2, EBDEMT3)"
ergon,EBFRMT1,2024-07-01,1,zone_variant_of,EBFRM,,aer-stakeholder-report-ergon-2024-25,,,"the AER prints one code with a row per transmission zone T1-T3 (EBDEM, 'East ... T1'); Ergon's list gives each zone its own code (EBDEMT1, EBDEMT2, EBDEMT3)"
ergon,EBFRMT2,2024-07-01,1,zone_variant_of,EBFRM,,aer-stakeholder-report-ergon-2024-25,,,"the AER prints one code with a row per transmission zone T1-T3 (EBDEM, 'East ... T1'); Ergon's list gives each zone its own code (EBDEMT1, EBDEMT2, EBDEMT3)"
ergon,EBFRMT3,2024-07-01,1,zone_variant_of,EBFRM,,aer-stakeholder-report-ergon-2024-25,,,"the AER prints one code with a row per transmission zone T1-T3 (EBDEM, 'East ... T1'); Ergon's list gives each zone its own code (EBDEMT1, EBDEMT2, EBDEMT3)"
ergon,EBIBT1,2024-07-01,1,zone_variant_of,EBIB,,aer-stakeholder-report-ergon-2024-25,,,"the AER prints one code with a row per transmission zone T1-T3 (EBDEM, 'East ... T1'); Ergon's list gives each zone its own code (EBDEMT1, EBDEMT2, EBDEMT3)"
ergon,EBIBT2,2024-07-01,1,zone_variant_of,EBIB,,aer-stakeholder-report-ergon-2024-25,,,"the AER prints one code with a row per transmission zone T1-T3 (EBDEM, 'East ... T1'); Ergon's list gives each zone its own code (EBDEMT1, EBDEMT2, EBDEMT3)"
ergon,EBIBT3,2024-07-01,1,zone_variant_of,EBIB,,aer-stakeholder-report-ergon-2024-25,,,"the AER prints one code with a row per transmission zone T1-T3 (EBDEM, 'East ... T1'); Ergon's list gives each zone its own code (EBDEMT1, EBDEMT2, EBDEMT3)"
ergon,EBIRRT1,2024-07-01,1,zone_variant_of,EBIRR,,aer-stakeholder-report-ergon-2024-25,,,"the AER prints one code with a row per transmission zone T1-T3 (EBDEM, 'East ... T1'); Ergon's list gives each zone its own code (EBDEMT1, EBDEMT2, EBDEMT3)"
ergon,EBIRRT2,2024-07-01,1,zone_variant_of,EBIRR,,aer-stakeholder-report-ergon-2024-25,,,"the AER prints one code with a row per transmission zone T1-T3 (EBDEM, 'East ... T1'); Ergon's list gives each zone its own code (EBDEMT1, EBDEMT2, EBDEMT3)"
ergon,EBIRRT3,2024-07-01,1,zone_variant_of,EBIRR,,aer-stakeholder-report-ergon-2024-25,,,"the AER prints one code with a row per transmission zone T1-T3 (EBDEM, 'East ... T1'); Ergon's list gives each zone its own code (EBDEMT1, EBDEMT2, EBDEMT3)"
ergon,EBPLCT1,2024-07-01,1,zone_variant_of,EBPLC,,aer-stakeholder-report-ergon-2024-25,,,"the AER prints one code with a row per transmission zone T1-T3 (EBDEM, 'East ... T1'); Ergon's list gives each zone its own code (EBDEMT1, EBDEMT2, EBDEMT3)"
ergon,EBPLCT2,2024-07-01,1,zone_variant_of,EBPLC,,aer-stakeholder-report-ergon-2024-25,,,"the AER prints one code with a row per transmission zone T1-T3 (EBDEM, 'East ... T1'); Ergon's list gives each zone its own code (EBDEMT1, EBDEMT2, EBDEMT3)"
ergon,EBPLCT3,2024-07-01,1,zone_variant_of,EBPLC,,aer-stakeholder-report-ergon-2024-25,,,"the AER prints one code with a row per transmission zone T1-T3 (EBDEM, 'East ... T1'); Ergon's list gives each zone its own code (EBDEMT1, EBDEMT2, EBDEMT3)"
ergon,EBPMPT1,2024-07-01,1,zone_variant_of,EBPMP,,aer-stakeholder-report-ergon-2024-25,,,"the AER prints one code with a row per transmission zone T1-T3 (EBDEM, 'East ... T1'); Ergon's list gives each zone its own code (EBDEMT1, EBDEMT2, EBDEMT3)"
ergon,EBPMPT2,2024-07-01,1,zone_variant_of,EBPMP,,aer-stakeholder-report-ergon-2024-25,,,"the AER prints one code with a row per transmission zone T1-T3 (EBDEM, 'East ... T1'); Ergon's list gives each zone its own code (EBDEMT1, EBDEMT2, EBDEMT3)"
ergon,EBPMPT3,2024-07-01,1,zone_variant_of,EBPMP,,aer-stakeholder-report-ergon-2024-25,,,"the AER prints one code with a row per transmission zone T1-T3 (EBDEM, 'East ... T1'); Ergon's list gives each zone its own code (EBDEMT1, EBDEMT2, EBDEMT3)"
ergon,EBTDEMT1,2024-07-01,1,zone_variant_of,EBTDEM,,aer-stakeholder-report-ergon-2024-25,,,"the AER prints one code with a row per transmission zone T1-T3 (EBDEM, 'East ... T1'); Ergon's list gives each zone its own code (EBDEMT1, EBDEMT2, EBDEMT3)"
ergon,EBTDEMT2,2024-07-01,1,zone_variant_of,EBTDEM,,aer-stakeholder-report-ergon-2024-25,,,"the AER prints one code with a row per transmission zone T1-T3 (EBDEM, 'East ... T1'); Ergon's list gives each zone its own code (EBDEMT1, EBDEMT2, EBDEMT3)"
ergon,EBTDEMT3,2024-07-01,1,zone_variant_of,EBTDEM,,aer-stakeholder-report-ergon-2024-25,,,"the AER prints one code with a row per transmission zone T1-T3 (EBDEM, 'East ... T1'); Ergon's list gives each zone its own code (EBDEMT1, EBDEMT2, EBDEMT3)"
ergon,EBTOUET1,2024-07-01,1,zone_variant_of,EBTOUE,,aer-stakeholder-report-ergon-2024-25,,,"the AER prints one code with a row per transmission zone T1-T3 (EBDEM, 'East ... T1'); Ergon's list gives each zone its own code (EBDEMT1, EBDEMT2, EBDEMT3)"
ergon,EBTOUET2,2024-07-01,1,zone_variant_of,EBTOUE,,aer-stakeholder-report-ergon-2024-25,,,"the AER prints one code with a row per transmission zone T1-T3 (EBDEM, 'East ... T1'); Ergon's list gives each zone its own code (EBDEMT1, EBDEMT2, EBDEMT3)"
ergon,EBTOUET3,2024-07-01,1,zone_variant_of,EBTOUE,,aer-stakeholder-report-ergon-2024-25,,,"the AER prints one code with a row per transmission zone T1-T3 (EBDEM, 'East ... T1'); Ergon's list gives each zone its own code (EBDEMT1, EBDEMT2, EBDEMT3)"
ergon,EBWIFT1,2024-07-01,1,zone_variant_of,EBWIF,,aer-stakeholder-report-ergon-2024-25,,,"the AER prints one code with a row per transmission zone T1-T3 (EBDEM, 'East ... T1'); Ergon's list gives each zone its own code (EBDEMT1, EBDEMT2, EBDEMT3)"
ergon,EBWIFT2,2024-07-01,1,zone_variant_of,EBWIF,,aer-stakeholder-report-ergon-2024-25,,,"the AER prints one code with a row per transmission zone T1-T3 (EBDEM, 'East ... T1'); Ergon's list gives each zone its own code (EBDEMT1, EBDEMT2, EBDEMT3)"
ergon,EBWIFT3,2024-07-01,1,zone_variant_of,EBWIF,,aer-stakeholder-report-ergon-2024-25,,,"the AER prints one code with a row per transmission zone T1-T3 (EBDEM, 'East ... T1'); Ergon's list gives each zone its own code (EBDEMT1, EBDEMT2, EBDEMT3)"
ergon,EC22BT1,2024-07-01,1,zone_variant_of,EC22B,,aer-stakeholder-report-ergon-2024-25,,,"the AER prints one code with a row per transmission zone T1-T3 (EBDEM, 'East ... T1'); Ergon's list gives each zone its own code (EBDEMT1, EBDEMT2, EBDEMT3)"
ergon,EC22BT2,2024-07-01,1,zone_variant_of,EC22B,,aer-stakeholder-report-ergon-2024-25,,,"the AER prints one code with a row per transmission zone T1-T3 (EBDEM, 'East ... T1'); Ergon's list gives each zone its own code (EBDEMT1, EBDEMT2, EBDEMT3)"
ergon,EC22BT3,2024-07-01,1,zone_variant_of,EC22B,,aer-stakeholder-report-ergon-2024-25,,,"the AER prints one code with a row per transmission zone T1-T3 (EBDEM, 'East ... T1'); Ergon's list gives each zone its own code (EBDEMT1, EBDEMT2, EBDEMT3)"
ergon,EC22BTOUT1,2024-07-01,1,zone_variant_of,EC22BTOU,,aer-stakeholder-report-ergon-2024-25,,,"the AER prints one code with a row per transmission zone T1-T3 (EBDEM, 'East ... T1'); Ergon's list gives each zone its own code (EBDEMT1, EBDEMT2, EBDEMT3)"
ergon,EC22BTOUT2,2024-07-01,1,zone_variant_of,EC22BTOU,,aer-stakeholder-report-ergon-2024-25,,,"the AER prints one code with a row per transmission zone T1-T3 (EBDEM, 'East ... T1'); Ergon's list gives each zone its own code (EBDEMT1, EBDEMT2, EBDEMT3)"
ergon,EC22BTOUT3,2024-07-01,1,zone_variant_of,EC22BTOU,,aer-stakeholder-report-ergon-2024-25,,,"the AER prints one code with a row per transmission zone T1-T3 (EBDEM, 'East ... T1'); Ergon's list gives each zone its own code (EBDEMT1, EBDEMT2, EBDEMT3)"
ergon,EC22LT1,2024-07-01,1,zone_variant_of,EC22L,,aer-stakeholder-report-ergon-2024-25,,,"the AER prints one code with a row per transmission zone T1-T3 (EBDEM, 'East ... T1'); Ergon's list gives each zone its own code (EBDEMT1, EBDEMT2, EBDEMT3)"
ergon,EC22LT2,2024-07-01,1,zone_variant_of,EC22L,,aer-stakeholder-report-ergon-2024-25,,,"the AER prints one code with a row per transmission zone T1-T3 (EBDEM, 'East ... T1'); Ergon's list gives each zone its own code (EBDEMT1, EBDEMT2, EBDEMT3)"
ergon,EC22LT3,2024-07-01,1,zone_variant_of,EC22L,,aer-stakeholder-report-ergon-2024-25,,,"the AER prints one code with a row per transmission zone T1-T3 (EBDEM, 'East ... T1'); Ergon's list gives each zone its own code (EBDEMT1, EBDEMT2, EBDEMT3)"
ergon,EC22LTOUT1,2024-07-01,1,zone_variant_of,EC22LTOU,,aer-stakeholder-report-ergon-2024-25,,,"the AER prints one code with a row per transmission zone T1-T3 (EBDEM, 'East ... T1'); Ergon's list gives each zone its own code (EBDEMT1, EBDEMT2, EBDEMT3)"
ergon,EC22LTOUT2,2024-07-01,1,zone_variant_of,EC22LTOU,,aer-stakeholder-report-ergon-2024-25,,,"the AER prints one code with a row per transmission zone T1-T3 (EBDEM, 'East ... T1'); Ergon's list gives each zone its own code (EBDEMT1, EBDEMT2, EBDEMT3)"
ergon,EC22LTOUT3,2024-07-01,1,zone_variant_of,EC22LTOU,,aer-stakeholder-report-ergon-2024-25,,,"the AER prints one code with a row per transmission zone T1-T3 (EBDEM, 'East ... T1'); Ergon's list gives each zone its own code (EBDEMT1, EBDEMT2, EBDEMT3)"
ergon,EC33T1,2024-07-01,1,zone_variant_of,EC33,,aer-stakeholder-report-ergon-2024-25,,,"the AER prints one code with a row per transmission zone T1-T3 (EBDEM, 'East ... T1'); Ergon's list gives each zone its own code (EBDEMT1, EBDEMT2, EBDEMT3)"
ergon,EC33T2,2024-07-01,1,zone_variant_of,EC33,,aer-stakeholder-report-ergon-2024-25,,,"the AER prints one code with a row per transmission zone T1-T3 (EBDEM, 'East ... T1'); Ergon's list gives each zone its own code (EBDEMT1, EBDEMT2, EBDEMT3)"
ergon,EC33T3,2024-07-01,1,zone_variant_of,EC33,,aer-stakeholder-report-ergon-2024-25,,,"the AER prints one code with a row per transmission zone T1-T3 (EBDEM, 'East ... T1'); Ergon's list gives each zone its own code (EBDEMT1, EBDEMT2, EBDEMT3)"
ergon,EC66T1,2024-07-01,1,zone_variant_of,EC66,,aer-stakeholder-report-ergon-2024-25,,,"the AER prints one code with a row per transmission zone T1-T3 (EBDEM, 'East ... T1'); Ergon's list gives each zone its own code (EBDEMT1, EBDEMT2, EBDEMT3)"
ergon,EC66T2,2024-07-01,1,zone_variant_of,EC66,,aer-stakeholder-report-ergon-2024-25,,,"the AER prints one code with a row per transmission zone T1-T3 (EBDEM, 'East ... T1'); Ergon's list gives each zone its own code (EBDEMT1, EBDEMT2, EBDEMT3)"
ergon,EC66T3,2024-07-01,1,zone_variant_of,EC66,,aer-stakeholder-report-ergon-2024-25,,,"the AER prints one code with a row per transmission zone T1-T3 (EBDEM, 'East ... T1'); Ergon's list gives each zone its own code (EBDEMT1, EBDEMT2, EBDEMT3)"
ergon,EC66TOUT1,2024-07-01,1,zone_variant_of,EC66TOU,,aer-stakeholder-report-ergon-2024-25,,,"the AER prints one code with a row per transmission zone T1-T3 (EBDEM, 'East ... T1'); Ergon's list gives each zone its own code (EBDEMT1, EBDEMT2, EBDEMT3)"
ergon,EC66TOUT2,2024-07-01,1,zone_variant_of,EC66TOU,,aer-stakeholder-report-ergon-2024-25,,,"the AER prints one code with a row per transmission zone T1-T3 (EBDEM, 'East ... T1'); Ergon's list gives each zone its own code (EBDEMT1, EBDEMT2, EBDEMT3)"
ergon,EC66TOUT3,2024-07-01,1,zone_variant_of,EC66TOU,,aer-stakeholder-report-ergon-2024-25,,,"the AER prints one code with a row per transmission zone T1-T3 (EBDEM, 'East ... T1'); Ergon's list gives each zone its own code (EBDEMT1, EBDEMT2, EBDEMT3)"
ergon,EDLTT1,2024-07-01,1,zone_variant_of,EDLT,,aer-stakeholder-report-ergon-2024-25,,,"the AER prints one code with a row per transmission zone T1-T3 (EBDEM, 'East ... T1'); Ergon's list gives each zone its own code (EBDEMT1, EBDEMT2, EBDEMT3)"
ergon,EDLTT2,2024-07-01,1,zone_variant_of,EDLT,,aer-stakeholder-report-ergon-2024-25,,,"the AER prints one code with a row per transmission zone T1-T3 (EBDEM, 'East ... T1'); Ergon's list gives each zone its own code (EBDEMT1, EBDEMT2, EBDEMT3)"
ergon,EDLTT3,2024-07-01,1,zone_variant_of,EDLT,,aer-stakeholder-report-ergon-2024-25,,,"the AER prints one code with a row per transmission zone T1-T3 (EBDEM, 'East ... T1'); Ergon's list gives each zone its own code (EBDEMT1, EBDEMT2, EBDEMT3)"
ergon,EDMTT1,2024-07-01,1,zone_variant_of,EDMT,,aer-stakeholder-report-ergon-2024-25,,,"the AER prints one code with a row per transmission zone T1-T3 (EBDEM, 'East ... T1'); Ergon's list gives each zone its own code (EBDEMT1, EBDEMT2, EBDEMT3)"
ergon,EDMTT2,2024-07-01,1,zone_variant_of,EDMT,,aer-stakeholder-report-ergon-2024-25,,,"the AER prints one code with a row per transmission zone T1-T3 (EBDEM, 'East ... T1'); Ergon's list gives each zone its own code (EBDEMT1, EBDEMT2, EBDEMT3)"
ergon,EDMTT3,2024-07-01,1,zone_variant_of,EDMT,,aer-stakeholder-report-ergon-2024-25,,,"the AER prints one code with a row per transmission zone T1-T3 (EBDEM, 'East ... T1'); Ergon's list gives each zone its own code (EBDEMT1, EBDEMT2, EBDEMT3)"
ergon,EDSTT1,2024-07-01,1,zone_variant_of,EDST,,aer-stakeholder-report-ergon-2024-25,,,"the AER prints one code with a row per transmission zone T1-T3 (EBDEM, 'East ... T1'); Ergon's list gives each zone its own code (EBDEMT1, EBDEMT2, EBDEMT3)"
ergon,EDSTT2,2024-07-01,1,zone_variant_of,EDST,,aer-stakeholder-report-ergon-2024-25,,,"the AER prints one code with a row per transmission zone T1-T3 (EBDEM, 'East ... T1'); Ergon's list gives each zone its own code (EBDEMT1, EBDEMT2, EBDEMT3)"
ergon,EDSTT3,2024-07-01,1,zone_variant_of,EDST,,aer-stakeholder-report-ergon-2024-25,,,"the AER prints one code with a row per transmission zone T1-T3 (EBDEM, 'East ... T1'); Ergon's list gives each zone its own code (EBDEMT1, EBDEMT2, EBDEMT3)"
ergon,ELPLCT1,2024-07-01,1,zone_variant_of,ELPLC,,aer-stakeholder-report-ergon-2024-25,,,"the AER prints one code with a row per transmission zone T1-T3 (EBDEM, 'East ... T1'); Ergon's list gives each zone its own code (EBDEMT1, EBDEMT2, EBDEMT3)"
ergon,ELPLCT2,2024-07-01,1,zone_variant_of,ELPLC,,aer-stakeholder-report-ergon-2024-25,,,"the AER prints one code with a row per transmission zone T1-T3 (EBDEM, 'East ... T1'); Ergon's list gives each zone its own code (EBDEMT1, EBDEMT2, EBDEMT3)"
ergon,ELPLCT3,2024-07-01,1,zone_variant_of,ELPLC,,aer-stakeholder-report-ergon-2024-25,,,"the AER prints one code with a row per transmission zone T1-T3 (EBDEM, 'East ... T1'); Ergon's list gives each zone its own code (EBDEMT1, EBDEMT2, EBDEMT3)"
ergon,ELSLCT1,2024-07-01,1,zone_variant_of,ELSLC,,aer-stakeholder-report-ergon-2024-25,,,"the AER prints one code with a row per transmission zone T1-T3 (EBDEM, 'East ... T1'); Ergon's list gives each zone its own code (EBDEMT1, EBDEMT2, EBDEMT3)"
ergon,ELSLCT2,2024-07-01,1,zone_variant_of,ELSLC,,aer-stakeholder-report-ergon-2024-25,,,"the AER prints one code with a row per transmission zone T1-T3 (EBDEM, 'East ... T1'); Ergon's list gives each zone its own code (EBDEMT1, EBDEMT2, EBDEMT3)"
ergon,ELSLCT3,2024-07-01,1,zone_variant_of,ELSLC,,aer-stakeholder-report-ergon-2024-25,,,"the AER prints one code with a row per transmission zone T1-T3 (EBDEM, 'East ... T1'); Ergon's list gives each zone its own code (EBDEMT1, EBDEMT2, EBDEMT3)"
ergon,ELTOUDT1,2024-07-01,1,zone_variant_of,ELTOUD,,aer-stakeholder-report-ergon-2024-25,,,"the AER prints one code with a row per transmission zone T1-T3 (EBDEM, 'East ... T1'); Ergon's list gives each zone its own code (EBDEMT1, EBDEMT2, EBDEMT3)"
ergon,ELTOUDT2,2024-07-01,1,zone_variant_of,ELTOUD,,aer-stakeholder-report-ergon-2024-25,,,"the AER prints one code with a row per transmission zone T1-T3 (EBDEM, 'East ... T1'); Ergon's list gives each zone its own code (EBDEMT1, EBDEMT2, EBDEMT3)"
ergon,ELTOUDT3,2024-07-01,1,zone_variant_of,ELTOUD,,aer-stakeholder-report-ergon-2024-25,,,"the AER prints one code with a row per transmission zone T1-T3 (EBDEM, 'East ... T1'); Ergon's list gives each zone its own code (EBDEMT1, EBDEMT2, EBDEMT3)"
ergon,ERDEMT1,2024-07-01,1,zone_variant_of,ERDEM,,aer-stakeholder-report-ergon-2024-25,,,"the AER prints one code with a row per transmission zone T1-T3 (EBDEM, 'East ... T1'); Ergon's list gives each zone its own code (EBDEMT1, EBDEMT2, EBDEMT3)"
ergon,ERDEMT2,2024-07-01,1,zone_variant_of,ERDEM,,aer-stakeholder-report-ergon-2024-25,,,"the AER prints one code with a row per transmission zone T1-T3 (EBDEM, 'East ... T1'); Ergon's list gives each zone its own code (EBDEMT1, EBDEMT2, EBDEMT3)"
ergon,ERDEMT3,2024-07-01,1,zone_variant_of,ERDEM,,aer-stakeholder-report-ergon-2024-25,,,"the AER prints one code with a row per transmission zone T1-T3 (EBDEM, 'East ... T1'); Ergon's list gives each zone its own code (EBDEMT1, EBDEMT2, EBDEMT3)"
ergon,ERESTT1,2024-07-01,1,zone_variant_of,EREST,,aer-stakeholder-report-ergon-2024-25,,,"the AER prints one code with a row per transmission zone T1-T3 (EBDEM, 'East ... T1'); Ergon's list gives each zone its own code (EBDEMT1, EBDEMT2, EBDEMT3)"
ergon,ERESTT2,2024-07-01,1,zone_variant_of,EREST,,aer-stakeholder-report-ergon-2024-25,,,"the AER prints one code with a row per transmission zone T1-T3 (EBDEM, 'East ... T1'); Ergon's list gives each zone its own code (EBDEMT1, EBDEMT2, EBDEMT3)"
ergon,ERESTT3,2024-07-01,1,zone_variant_of,EREST,,aer-stakeholder-report-ergon-2024-25,,,"the AER prints one code with a row per transmission zone T1-T3 (EBDEM, 'East ... T1'); Ergon's list gives each zone its own code (EBDEMT1, EBDEMT2, EBDEMT3)"
ergon,ERIBT1,2024-07-01,1,zone_variant_of,ERIB,,aer-stakeholder-report-ergon-2024-25,,,"the AER prints one code with a row per transmission zone T1-T3 (EBDEM, 'East ... T1'); Ergon's list gives each zone its own code (EBDEMT1, EBDEMT2, EBDEMT3)"
ergon,ERIBT2,2024-07-01,1,zone_variant_of,ERIB,,aer-stakeholder-report-ergon-2024-25,,,"the AER prints one code with a row per transmission zone T1-T3 (EBDEM, 'East ... T1'); Ergon's list gives each zone its own code (EBDEMT1, EBDEMT2, EBDEMT3)"
ergon,ERIBT3,2024-07-01,1,zone_variant_of,ERIB,,aer-stakeholder-report-ergon-2024-25,,,"the AER prints one code with a row per transmission zone T1-T3 (EBDEM, 'East ... T1'); Ergon's list gives each zone its own code (EBDEMT1, EBDEMT2, EBDEMT3)"
ergon,ERTDEMT1,2024-07-01,1,zone_variant_of,ERTDEM,,aer-stakeholder-report-ergon-2024-25,,,"the AER prints one code with a row per transmission zone T1-T3 (EBDEM, 'East ... T1'); Ergon's list gives each zone its own code (EBDEMT1, EBDEMT2, EBDEMT3)"
ergon,ERTDEMT2,2024-07-01,1,zone_variant_of,ERTDEM,,aer-stakeholder-report-ergon-2024-25,,,"the AER prints one code with a row per transmission zone T1-T3 (EBDEM, 'East ... T1'); Ergon's list gives each zone its own code (EBDEMT1, EBDEMT2, EBDEMT3)"
ergon,ERTDEMT3,2024-07-01,1,zone_variant_of,ERTDEM,,aer-stakeholder-report-ergon-2024-25,,,"the AER prints one code with a row per transmission zone T1-T3 (EBDEM, 'East ... T1'); Ergon's list gives each zone its own code (EBDEMT1, EBDEMT2, EBDEMT3)"
ergon,ERTOUET1,2024-07-01,1,zone_variant_of,ERTOUE,,aer-stakeholder-report-ergon-2024-25,,,"the AER prints one code with a row per transmission zone T1-T3 (EBDEM, 'East ... T1'); Ergon's list gives each zone its own code (EBDEMT1, EBDEMT2, EBDEMT3)"
ergon,ERTOUET2,2024-07-01,1,zone_variant_of,ERTOUE,,aer-stakeholder-report-ergon-2024-25,,,"the AER prints one code with a row per transmission zone T1-T3 (EBDEM, 'East ... T1'); Ergon's list gives each zone its own code (EBDEMT1, EBDEMT2, EBDEMT3)"
ergon,ERTOUET3,2024-07-01,1,zone_variant_of,ERTOUE,,aer-stakeholder-report-ergon-2024-25,,,"the AER prints one code with a row per transmission zone T1-T3 (EBDEM, 'East ... T1'); Ergon's list gives each zone its own code (EBDEMT1, EBDEMT2, EBDEMT3)"
ergon,ESTOUDT1,2024-07-01,1,zone_variant_of,ESTOUD,,aer-stakeholder-report-ergon-2024-25,,,"the AER prints one code with a row per transmission zone T1-T3 (EBDEM, 'East ... T1'); Ergon's list gives each zone its own code (EBDEMT1, EBDEMT2, EBDEMT3)"
ergon,ESTOUDT2,2024-07-01,1,zone_variant_of,ESTOUD,,aer-stakeholder-report-ergon-2024-25,,,"the AER prints one code with a row per transmission zone T1-T3 (EBDEM, 'East ... T1'); Ergon's list gives each zone its own code (EBDEMT1, EBDEMT2, EBDEMT3)"
ergon,ESTOUDT3,2024-07-01,1,zone_variant_of,ESTOUD,,aer-stakeholder-report-ergon-2024-25,,,"the AER prints one code with a row per transmission zone T1-T3 (EBDEM, 'East ... T1'); Ergon's list gives each zone its own code (EBDEMT1, EBDEMT2, EBDEMT3)"
ergon,EVCT1,2024-07-01,1,zone_variant_of,EVC,,aer-stakeholder-report-ergon-2024-25,,,"the AER prints one code with a row per transmission zone T1-T3 (EBDEM, 'East ... T1'); Ergon's list gives each zone its own code (EBDEMT1, EBDEMT2, EBDEMT3)"
ergon,EVCT2,2024-07-01,1,zone_variant_of,EVC,,aer-stakeholder-report-ergon-2024-25,,,"the AER prints one code with a row per transmission zone T1-T3 (EBDEM, 'East ... T1'); Ergon's list gives each zone its own code (EBDEMT1, EBDEMT2, EBDEMT3)"
ergon,EVCT3,2024-07-01,1,zone_variant_of,EVC,,aer-stakeholder-report-ergon-2024-25,,,"the AER prints one code with a row per transmission zone T1-T3 (EBDEM, 'East ... T1'); Ergon's list gives each zone its own code (EBDEMT1, EBDEMT2, EBDEMT3)"
ergon,EVNT1,2024-07-01,1,zone_variant_of,EVN,,aer-stakeholder-report-ergon-2024-25,,,"the AER prints one code with a row per transmission zone T1-T3 (EBDEM, 'East ... T1'); Ergon's list gives each zone its own code (EBDEMT1, EBDEMT2, EBDEMT3)"
ergon,EVNT2,2024-07-01,1,zone_variant_of,EVN,,aer-stakeholder-report-ergon-2024-25,,,"the AER prints one code with a row per transmission zone T1-T3 (EBDEM, 'East ... T1'); Ergon's list gives each zone its own code (EBDEMT1, EBDEMT2, EBDEMT3)"
ergon,EVNT3,2024-07-01,1,zone_variant_of,EVN,,aer-stakeholder-report-ergon-2024-25,,,"the AER prints one code with a row per transmission zone T1-T3 (EBDEM, 'East ... T1'); Ergon's list gives each zone its own code (EBDEMT1, EBDEMT2, EBDEMT3)"
ergon,EVUT1,2024-07-01,1,zone_variant_of,EVU,,aer-stakeholder-report-ergon-2024-25,,,"the AER prints one code with a row per transmission zone T1-T3 (EBDEM, 'East ... T1'); Ergon's list gives each zone its own code (EBDEMT1, EBDEMT2, EBDEMT3)"
ergon,EVUT2,2024-07-01,1,zone_variant_of,EVU,,aer-stakeholder-report-ergon-2024-25,,,"the AER prints one code with a row per transmission zone T1-T3 (EBDEM, 'East ... T1'); Ergon's list gives each zone its own code (EBDEMT1, EBDEMT2, EBDEMT3)"
ergon,EVUT3,2024-07-01,1,zone_variant_of,EVU,,aer-stakeholder-report-ergon-2024-25,,,"the AER prints one code with a row per transmission zone T1-T3 (EBDEM, 'East ... T1'); Ergon's list gives each zone its own code (EBDEMT1, EBDEMT2, EBDEMT3)"
ergon,MBDEMT4,2024-07-01,1,zone_variant_of,MBDEM,,aer-stakeholder-report-ergon-2024-25,,,"the AER prints one code with a row per transmission zone T1-T3 (EBDEM, 'East ... T1'); Ergon's list gives each zone its own code (EBDEMT1, EBDEMT2, EBDEMT3)"
ergon,MBESTT4,2024-07-01,1,zone_variant_of,MBEST,,aer-stakeholder-report-ergon-2024-25,,,"the AER prints one code with a row per transmission zone T1-T3 (EBDEM, 'East ... T1'); Ergon's list gives each zone its own code (EBDEMT1, EBDEMT2, EBDEMT3)"
ergon,MBIBT4,2024-07-01,1,zone_variant_of,MBIB,,aer-stakeholder-report-ergon-2024-25,,,"the AER prints one code with a row per transmission zone T1-T3 (EBDEM, 'East ... T1'); Ergon's list gives each zone its own code (EBDEMT1, EBDEMT2, EBDEMT3)"
ergon,MBPLCT4,2024-07-01,1,zone_variant_of,MBPLC,,aer-stakeholder-report-ergon-2024-25,,,"the AER prints one code with a row per transmission zone T1-T3 (EBDEM, 'East ... T1'); Ergon's list gives each zone its own code (EBDEMT1, EBDEMT2, EBDEMT3)"
ergon,MBTDEMT4,2024-07-01,1,zone_variant_of,MBTDEM,,aer-stakeholder-report-ergon-2024-25,,,"the AER prints one code with a row per transmission zone T1-T3 (EBDEM, 'East ... T1'); Ergon's list gives each zone its own code (EBDEMT1, EBDEMT2, EBDEMT3)"
ergon,MBTOUET4,2024-07-01,1,zone_variant_of,MBTOUE,,aer-stakeholder-report-ergon-2024-25,,,"the AER prints one code with a row per transmission zone T1-T3 (EBDEM, 'East ... T1'); Ergon's list gives each zone its own code (EBDEMT1, EBDEMT2, EBDEMT3)"
ergon,MBWIFT4,2024-07-01,1,zone_variant_of,MBWIF,,aer-stakeholder-report-ergon-2024-25,,,"the AER prints one code with a row per transmission zone T1-T3 (EBDEM, 'East ... T1'); Ergon's list gives each zone its own code (EBDEMT1, EBDEMT2, EBDEMT3)"
ergon,MDLTT4,2024-07-01,1,zone_variant_of,MDLT,,aer-stakeholder-report-ergon-2024-25,,,"the AER prints one code with a row per transmission zone T1-T3 (EBDEM, 'East ... T1'); Ergon's list gives each zone its own code (EBDEMT1, EBDEMT2, EBDEMT3)"
ergon,MDMTT4,2024-07-01,1,zone_variant_of,MDMT,,aer-stakeholder-report-ergon-2024-25,,,"the AER prints one code with a row per transmission zone T1-T3 (EBDEM, 'East ... T1'); Ergon's list gives each zone its own code (EBDEMT1, EBDEMT2, EBDEMT3)"
ergon,MDSTT4,2024-07-01,1,zone_variant_of,MDST,,aer-stakeholder-report-ergon-2024-25,,,"the AER prints one code with a row per transmission zone T1-T3 (EBDEM, 'East ... T1'); Ergon's list gives each zone its own code (EBDEMT1, EBDEMT2, EBDEMT3)"
ergon,MLPLCT4,2024-07-01,1,zone_variant_of,MLPLC,,aer-stakeholder-report-ergon-2024-25,,,"the AER prints one code with a row per transmission zone T1-T3 (EBDEM, 'East ... T1'); Ergon's list gives each zone its own code (EBDEMT1, EBDEMT2, EBDEMT3)"
ergon,MLSLCT4,2024-07-01,1,zone_variant_of,MLSLC,,aer-stakeholder-report-ergon-2024-25,,,"the AER prints one code with a row per transmission zone T1-T3 (EBDEM, 'East ... T1'); Ergon's list gives each zone its own code (EBDEMT1, EBDEMT2, EBDEMT3)"
ergon,MLTOUDT4,2024-07-01,1,zone_variant_of,MLTOUD,,aer-stakeholder-report-ergon-2024-25,,,"the AER prints one code with a row per transmission zone T1-T3 (EBDEM, 'East ... T1'); Ergon's list gives each zone its own code (EBDEMT1, EBDEMT2, EBDEMT3)"
ergon,MRDEMT4,2024-07-01,1,zone_variant_of,MRDEM,,aer-stakeholder-report-ergon-2024-25,,,"the AER prints one code with a row per transmission zone T1-T3 (EBDEM, 'East ... T1'); Ergon's list gives each zone its own code (EBDEMT1, EBDEMT2, EBDEMT3)"
ergon,MRESTT4,2024-07-01,1,zone_variant_of,MREST,,aer-stakeholder-report-ergon-2024-25,,,"the AER prints one code with a row per transmission zone T1-T3 (EBDEM, 'East ... T1'); Ergon's list gives each zone its own code (EBDEMT1, EBDEMT2, EBDEMT3)"
ergon,MRIBT4,2024-07-01,1,zone_variant_of,MRIB,,aer-stakeholder-report-ergon-2024-25,,,"the AER prints one code with a row per transmission zone T1-T3 (EBDEM, 'East ... T1'); Ergon's list gives each zone its own code (EBDEMT1, EBDEMT2, EBDEMT3)"
ergon,MRTDEMT4,2024-07-01,1,zone_variant_of,MRTDEM,,aer-stakeholder-report-ergon-2024-25,,,"the AER prints one code with a row per transmission zone T1-T3 (EBDEM, 'East ... T1'); Ergon's list gives each zone its own code (EBDEMT1, EBDEMT2, EBDEMT3)"
ergon,MRTOUET4,2024-07-01,1,zone_variant_of,MRTOUE,,aer-stakeholder-report-ergon-2024-25,,,"the AER prints one code with a row per transmission zone T1-T3 (EBDEM, 'East ... T1'); Ergon's list gives each zone its own code (EBDEMT1, EBDEMT2, EBDEMT3)"
ergon,MSTOUDT4,2024-07-01,1,zone_variant_of,MSTOUD,,aer-stakeholder-report-ergon-2024-25,,,"the AER prints one code with a row per transmission zone T1-T3 (EBDEM, 'East ... T1'); Ergon's list gives each zone its own code (EBDEMT1, EBDEMT2, EBDEMT3)"
ergon,MVCT4,2024-07-01,1,zone_variant_of,MVC,,aer-stakeholder-report-ergon-2024-25,,,"the AER prints one code with a row per transmission zone T1-T3 (EBDEM, 'East ... T1'); Ergon's list gives each zone its own code (EBDEMT1, EBDEMT2, EBDEMT3)"
ergon,MVNT4,2024-07-01,1,zone_variant_of,MVN,,aer-stakeholder-report-ergon-2024-25,,,"the AER prints one code with a row per transmission zone T1-T3 (EBDEM, 'East ... T1'); Ergon's list gives each zone its own code (EBDEMT1, EBDEMT2, EBDEMT3)"
ergon,MVUT4,2024-07-01,1,zone_variant_of,MVU,,aer-stakeholder-report-ergon-2024-25,,,"the AER prints one code with a row per transmission zone T1-T3 (EBDEM, 'East ... T1'); Ergon's list gives each zone its own code (EBDEMT1, EBDEMT2, EBDEMT3)"
ergon,WBDEMT1,2024-07-01,1,zone_variant_of,WBDEM,,aer-stakeholder-report-ergon-2024-25,,,"the AER prints one code with a row per transmission zone T1-T3 (EBDEM, 'East ... T1'); Ergon's list gives each zone its own code (EBDEMT1, EBDEMT2, EBDEMT3)"
ergon,WBDEMT2,2024-07-01,1,zone_variant_of,WBDEM,,aer-stakeholder-report-ergon-2024-25,,,"the AER prints one code with a row per transmission zone T1-T3 (EBDEM, 'East ... T1'); Ergon's list gives each zone its own code (EBDEMT1, EBDEMT2, EBDEMT3)"
ergon,WBDEMT3,2024-07-01,1,zone_variant_of,WBDEM,,aer-stakeholder-report-ergon-2024-25,,,"the AER prints one code with a row per transmission zone T1-T3 (EBDEM, 'East ... T1'); Ergon's list gives each zone its own code (EBDEMT1, EBDEMT2, EBDEMT3)"
ergon,WBESTT1,2024-07-01,1,zone_variant_of,WBEST,,aer-stakeholder-report-ergon-2024-25,,,"the AER prints one code with a row per transmission zone T1-T3 (EBDEM, 'East ... T1'); Ergon's list gives each zone its own code (EBDEMT1, EBDEMT2, EBDEMT3)"
ergon,WBESTT2,2024-07-01,1,zone_variant_of,WBEST,,aer-stakeholder-report-ergon-2024-25,,,"the AER prints one code with a row per transmission zone T1-T3 (EBDEM, 'East ... T1'); Ergon's list gives each zone its own code (EBDEMT1, EBDEMT2, EBDEMT3)"
ergon,WBESTT3,2024-07-01,1,zone_variant_of,WBEST,,aer-stakeholder-report-ergon-2024-25,,,"the AER prints one code with a row per transmission zone T1-T3 (EBDEM, 'East ... T1'); Ergon's list gives each zone its own code (EBDEMT1, EBDEMT2, EBDEMT3)"
ergon,WBIBT1,2024-07-01,1,zone_variant_of,WBIB,,aer-stakeholder-report-ergon-2024-25,,,"the AER prints one code with a row per transmission zone T1-T3 (EBDEM, 'East ... T1'); Ergon's list gives each zone its own code (EBDEMT1, EBDEMT2, EBDEMT3)"
ergon,WBIBT2,2024-07-01,1,zone_variant_of,WBIB,,aer-stakeholder-report-ergon-2024-25,,,"the AER prints one code with a row per transmission zone T1-T3 (EBDEM, 'East ... T1'); Ergon's list gives each zone its own code (EBDEMT1, EBDEMT2, EBDEMT3)"
ergon,WBIBT3,2024-07-01,1,zone_variant_of,WBIB,,aer-stakeholder-report-ergon-2024-25,,,"the AER prints one code with a row per transmission zone T1-T3 (EBDEM, 'East ... T1'); Ergon's list gives each zone its own code (EBDEMT1, EBDEMT2, EBDEMT3)"
ergon,WBPLCT1,2024-07-01,1,zone_variant_of,WBPLC,,aer-stakeholder-report-ergon-2024-25,,,"the AER prints one code with a row per transmission zone T1-T3 (EBDEM, 'East ... T1'); Ergon's list gives each zone its own code (EBDEMT1, EBDEMT2, EBDEMT3)"
ergon,WBPLCT2,2024-07-01,1,zone_variant_of,WBPLC,,aer-stakeholder-report-ergon-2024-25,,,"the AER prints one code with a row per transmission zone T1-T3 (EBDEM, 'East ... T1'); Ergon's list gives each zone its own code (EBDEMT1, EBDEMT2, EBDEMT3)"
ergon,WBPLCT3,2024-07-01,1,zone_variant_of,WBPLC,,aer-stakeholder-report-ergon-2024-25,,,"the AER prints one code with a row per transmission zone T1-T3 (EBDEM, 'East ... T1'); Ergon's list gives each zone its own code (EBDEMT1, EBDEMT2, EBDEMT3)"
ergon,WBTDEMT1,2024-07-01,1,zone_variant_of,WBTDEM,,aer-stakeholder-report-ergon-2024-25,,,"the AER prints one code with a row per transmission zone T1-T3 (EBDEM, 'East ... T1'); Ergon's list gives each zone its own code (EBDEMT1, EBDEMT2, EBDEMT3)"
ergon,WBTDEMT2,2024-07-01,1,zone_variant_of,WBTDEM,,aer-stakeholder-report-ergon-2024-25,,,"the AER prints one code with a row per transmission zone T1-T3 (EBDEM, 'East ... T1'); Ergon's list gives each zone its own code (EBDEMT1, EBDEMT2, EBDEMT3)"
ergon,WBTDEMT3,2024-07-01,1,zone_variant_of,WBTDEM,,aer-stakeholder-report-ergon-2024-25,,,"the AER prints one code with a row per transmission zone T1-T3 (EBDEM, 'East ... T1'); Ergon's list gives each zone its own code (EBDEMT1, EBDEMT2, EBDEMT3)"
ergon,WBTOUET1,2024-07-01,1,zone_variant_of,WBTOUE,,aer-stakeholder-report-ergon-2024-25,,,"the AER prints one code with a row per transmission zone T1-T3 (EBDEM, 'East ... T1'); Ergon's list gives each zone its own code (EBDEMT1, EBDEMT2, EBDEMT3)"
ergon,WBTOUET2,2024-07-01,1,zone_variant_of,WBTOUE,,aer-stakeholder-report-ergon-2024-25,,,"the AER prints one code with a row per transmission zone T1-T3 (EBDEM, 'East ... T1'); Ergon's list gives each zone its own code (EBDEMT1, EBDEMT2, EBDEMT3)"
ergon,WBTOUET3,2024-07-01,1,zone_variant_of,WBTOUE,,aer-stakeholder-report-ergon-2024-25,,,"the AER prints one code with a row per transmission zone T1-T3 (EBDEM, 'East ... T1'); Ergon's list gives each zone its own code (EBDEMT1, EBDEMT2, EBDEMT3)"
ergon,WBWIFT1,2024-07-01,1,zone_variant_of,WBWIF,,aer-stakeholder-report-ergon-2024-25,,,"the AER prints one code with a row per transmission zone T1-T3 (EBDEM, 'East ... T1'); Ergon's list gives each zone its own code (EBDEMT1, EBDEMT2, EBDEMT3)"
ergon,WBWIFT2,2024-07-01,1,zone_variant_of,WBWIF,,aer-stakeholder-report-ergon-2024-25,,,"the AER prints one code with a row per transmission zone T1-T3 (EBDEM, 'East ... T1'); Ergon's list gives each zone its own code (EBDEMT1, EBDEMT2, EBDEMT3)"
ergon,WBWIFT3,2024-07-01,1,zone_variant_of,WBWIF,,aer-stakeholder-report-ergon-2024-25,,,"the AER prints one code with a row per transmission zone T1-T3 (EBDEM, 'East ... T1'); Ergon's list gives each zone its own code (EBDEMT1, EBDEMT2, EBDEMT3)"
ergon,WC22BT1,2024-07-01,1,zone_variant_of,WC22B,,aer-stakeholder-report-ergon-2024-25,,,"the AER prints one code with a row per transmission zone T1-T3 (EBDEM, 'East ... T1'); Ergon's list gives each zone its own code (EBDEMT1, EBDEMT2, EBDEMT3)"
ergon,WC22BT2,2024-07-01,1,zone_variant_of,WC22B,,aer-stakeholder-report-ergon-2024-25,,,"the AER prints one code with a row per transmission zone T1-T3 (EBDEM, 'East ... T1'); Ergon's list gives each zone its own code (EBDEMT1, EBDEMT2, EBDEMT3)"
ergon,WC22BT3,2024-07-01,1,zone_variant_of,WC22B,,aer-stakeholder-report-ergon-2024-25,,,"the AER prints one code with a row per transmission zone T1-T3 (EBDEM, 'East ... T1'); Ergon's list gives each zone its own code (EBDEMT1, EBDEMT2, EBDEMT3)"
ergon,WC22BTOUT1,2024-07-01,1,zone_variant_of,WC22BTOU,,aer-stakeholder-report-ergon-2024-25,,,"the AER prints one code with a row per transmission zone T1-T3 (EBDEM, 'East ... T1'); Ergon's list gives each zone its own code (EBDEMT1, EBDEMT2, EBDEMT3)"
ergon,WC22BTOUT2,2024-07-01,1,zone_variant_of,WC22BTOU,,aer-stakeholder-report-ergon-2024-25,,,"the AER prints one code with a row per transmission zone T1-T3 (EBDEM, 'East ... T1'); Ergon's list gives each zone its own code (EBDEMT1, EBDEMT2, EBDEMT3)"
ergon,WC22BTOUT3,2024-07-01,1,zone_variant_of,WC22BTOU,,aer-stakeholder-report-ergon-2024-25,,,"the AER prints one code with a row per transmission zone T1-T3 (EBDEM, 'East ... T1'); Ergon's list gives each zone its own code (EBDEMT1, EBDEMT2, EBDEMT3)"
ergon,WC22LT1,2024-07-01,1,zone_variant_of,WC22L,,aer-stakeholder-report-ergon-2024-25,,,"the AER prints one code with a row per transmission zone T1-T3 (EBDEM, 'East ... T1'); Ergon's list gives each zone its own code (EBDEMT1, EBDEMT2, EBDEMT3)"
ergon,WC22LT2,2024-07-01,1,zone_variant_of,WC22L,,aer-stakeholder-report-ergon-2024-25,,,"the AER prints one code with a row per transmission zone T1-T3 (EBDEM, 'East ... T1'); Ergon's list gives each zone its own code (EBDEMT1, EBDEMT2, EBDEMT3)"
ergon,WC22LT3,2024-07-01,1,zone_variant_of,WC22L,,aer-stakeholder-report-ergon-2024-25,,,"the AER prints one code with a row per transmission zone T1-T3 (EBDEM, 'East ... T1'); Ergon's list gives each zone its own code (EBDEMT1, EBDEMT2, EBDEMT3)"
ergon,WC22LTOUT1,2024-07-01,1,zone_variant_of,WC22LTOU,,aer-stakeholder-report-ergon-2024-25,,,"the AER prints one code with a row per transmission zone T1-T3 (EBDEM, 'East ... T1'); Ergon's list gives each zone its own code (EBDEMT1, EBDEMT2, EBDEMT3)"
ergon,WC22LTOUT2,2024-07-01,1,zone_variant_of,WC22LTOU,,aer-stakeholder-report-ergon-2024-25,,,"the AER prints one code with a row per transmission zone T1-T3 (EBDEM, 'East ... T1'); Ergon's list gives each zone its own code (EBDEMT1, EBDEMT2, EBDEMT3)"
ergon,WC22LTOUT3,2024-07-01,1,zone_variant_of,WC22LTOU,,aer-stakeholder-report-ergon-2024-25,,,"the AER prints one code with a row per transmission zone T1-T3 (EBDEM, 'East ... T1'); Ergon's list gives each zone its own code (EBDEMT1, EBDEMT2, EBDEMT3)"
ergon,WC33T1,2024-07-01,1,zone_variant_of,WC33,,aer-stakeholder-report-ergon-2024-25,,,"the AER prints one code with a row per transmission zone T1-T3 (EBDEM, 'East ... T1'); Ergon's list gives each zone its own code (EBDEMT1, EBDEMT2, EBDEMT3)"
ergon,WC33T2,2024-07-01,1,zone_variant_of,WC33,,aer-stakeholder-report-ergon-2024-25,,,"the AER prints one code with a row per transmission zone T1-T3 (EBDEM, 'East ... T1'); Ergon's list gives each zone its own code (EBDEMT1, EBDEMT2, EBDEMT3)"
ergon,WC33T3,2024-07-01,1,zone_variant_of,WC33,,aer-stakeholder-report-ergon-2024-25,,,"the AER prints one code with a row per transmission zone T1-T3 (EBDEM, 'East ... T1'); Ergon's list gives each zone its own code (EBDEMT1, EBDEMT2, EBDEMT3)"
ergon,WC66T1,2024-07-01,1,zone_variant_of,WC66,,aer-stakeholder-report-ergon-2024-25,,,"the AER prints one code with a row per transmission zone T1-T3 (EBDEM, 'East ... T1'); Ergon's list gives each zone its own code (EBDEMT1, EBDEMT2, EBDEMT3)"
ergon,WC66T2,2024-07-01,1,zone_variant_of,WC66,,aer-stakeholder-report-ergon-2024-25,,,"the AER prints one code with a row per transmission zone T1-T3 (EBDEM, 'East ... T1'); Ergon's list gives each zone its own code (EBDEMT1, EBDEMT2, EBDEMT3)"
ergon,WC66T3,2024-07-01,1,zone_variant_of,WC66,,aer-stakeholder-report-ergon-2024-25,,,"the AER prints one code with a row per transmission zone T1-T3 (EBDEM, 'East ... T1'); Ergon's list gives each zone its own code (EBDEMT1, EBDEMT2, EBDEMT3)"
ergon,WC66TOUT1,2024-07-01,1,zone_variant_of,WC66TOU,,aer-stakeholder-report-ergon-2024-25,,,"the AER prints one code with a row per transmission zone T1-T3 (EBDEM, 'East ... T1'); Ergon's list gives each zone its own code (EBDEMT1, EBDEMT2, EBDEMT3)"
ergon,WC66TOUT2,2024-07-01,1,zone_variant_of,WC66TOU,,aer-stakeholder-report-ergon-2024-25,,,"the AER prints one code with a row per transmission zone T1-T3 (EBDEM, 'East ... T1'); Ergon's list gives each zone its own code (EBDEMT1, EBDEMT2, EBDEMT3)"
ergon,WC66TOUT3,2024-07-01,1,zone_variant_of,WC66TOU,,aer-stakeholder-report-ergon-2024-25,,,"the AER prints one code with a row per transmission zone T1-T3 (EBDEM, 'East ... T1'); Ergon's list gives each zone its own code (EBDEMT1, EBDEMT2, EBDEMT3)"
ergon,WDLTT1,2024-07-01,1,zone_variant_of,WDLT,,aer-stakeholder-report-ergon-2024-25,,,"the AER prints one code with a row per transmission zone T1-T3 (EBDEM, 'East ... T1'); Ergon's list gives each zone its own code (EBDEMT1, EBDEMT2, EBDEMT3)"
ergon,WDLTT2,2024-07-01,1,zone_variant_of,WDLT,,aer-stakeholder-report-ergon-2024-25,,,"the AER prints one code with a row per transmission zone T1-T3 (EBDEM, 'East ... T1'); Ergon's list gives each zone its own code (EBDEMT1, EBDEMT2, EBDEMT3)"
ergon,WDLTT3,2024-07-01,1,zone_variant_of,WDLT,,aer-stakeholder-report-ergon-2024-25,,,"the AER prints one code with a row per transmission zone T1-T3 (EBDEM, 'East ... T1'); Ergon's list gives each zone its own code (EBDEMT1, EBDEMT2, EBDEMT3)"
ergon,WDMTT1,2024-07-01,1,zone_variant_of,WDMT,,aer-stakeholder-report-ergon-2024-25,,,"the AER prints one code with a row per transmission zone T1-T3 (EBDEM, 'East ... T1'); Ergon's list gives each zone its own code (EBDEMT1, EBDEMT2, EBDEMT3)"
ergon,WDMTT2,2024-07-01,1,zone_variant_of,WDMT,,aer-stakeholder-report-ergon-2024-25,,,"the AER prints one code with a row per transmission zone T1-T3 (EBDEM, 'East ... T1'); Ergon's list gives each zone its own code (EBDEMT1, EBDEMT2, EBDEMT3)"
ergon,WDMTT3,2024-07-01,1,zone_variant_of,WDMT,,aer-stakeholder-report-ergon-2024-25,,,"the AER prints one code with a row per transmission zone T1-T3 (EBDEM, 'East ... T1'); Ergon's list gives each zone its own code (EBDEMT1, EBDEMT2, EBDEMT3)"
ergon,WDSTT1,2024-07-01,1,zone_variant_of,WDST,,aer-stakeholder-report-ergon-2024-25,,,"the AER prints one code with a row per transmission zone T1-T3 (EBDEM, 'East ... T1'); Ergon's list gives each zone its own code (EBDEMT1, EBDEMT2, EBDEMT3)"
ergon,WDSTT2,2024-07-01,1,zone_variant_of,WDST,,aer-stakeholder-report-ergon-2024-25,,,"the AER prints one code with a row per transmission zone T1-T3 (EBDEM, 'East ... T1'); Ergon's list gives each zone its own code (EBDEMT1, EBDEMT2, EBDEMT3)"
ergon,WDSTT3,2024-07-01,1,zone_variant_of,WDST,,aer-stakeholder-report-ergon-2024-25,,,"the AER prints one code with a row per transmission zone T1-T3 (EBDEM, 'East ... T1'); Ergon's list gives each zone its own code (EBDEMT1, EBDEMT2, EBDEMT3)"
ergon,WLPLCT1,2024-07-01,1,zone_variant_of,WLPLC,,aer-stakeholder-report-ergon-2024-25,,,"the AER prints one code with a row per transmission zone T1-T3 (EBDEM, 'East ... T1'); Ergon's list gives each zone its own code (EBDEMT1, EBDEMT2, EBDEMT3)"
ergon,WLPLCT2,2024-07-01,1,zone_variant_of,WLPLC,,aer-stakeholder-report-ergon-2024-25,,,"the AER prints one code with a row per transmission zone T1-T3 (EBDEM, 'East ... T1'); Ergon's list gives each zone its own code (EBDEMT1, EBDEMT2, EBDEMT3)"
ergon,WLPLCT3,2024-07-01,1,zone_variant_of,WLPLC,,aer-stakeholder-report-ergon-2024-25,,,"the AER prints one code with a row per transmission zone T1-T3 (EBDEM, 'East ... T1'); Ergon's list gives each zone its own code (EBDEMT1, EBDEMT2, EBDEMT3)"
ergon,WLSLCT1,2024-07-01,1,zone_variant_of,WLSLC,,aer-stakeholder-report-ergon-2024-25,,,"the AER prints one code with a row per transmission zone T1-T3 (EBDEM, 'East ... T1'); Ergon's list gives each zone its own code (EBDEMT1, EBDEMT2, EBDEMT3)"
ergon,WLSLCT2,2024-07-01,1,zone_variant_of,WLSLC,,aer-stakeholder-report-ergon-2024-25,,,"the AER prints one code with a row per transmission zone T1-T3 (EBDEM, 'East ... T1'); Ergon's list gives each zone its own code (EBDEMT1, EBDEMT2, EBDEMT3)"
ergon,WLSLCT3,2024-07-01,1,zone_variant_of,WLSLC,,aer-stakeholder-report-ergon-2024-25,,,"the AER prints one code with a row per transmission zone T1-T3 (EBDEM, 'East ... T1'); Ergon's list gives each zone its own code (EBDEMT1, EBDEMT2, EBDEMT3)"
ergon,WLTOUDT1,2024-07-01,1,zone_variant_of,WLTOUD,,aer-stakeholder-report-ergon-2024-25,,,"the AER prints one code with a row per transmission zone T1-T3 (EBDEM, 'East ... T1'); Ergon's list gives each zone its own code (EBDEMT1, EBDEMT2, EBDEMT3)"
ergon,WLTOUDT2,2024-07-01,1,zone_variant_of,WLTOUD,,aer-stakeholder-report-ergon-2024-25,,,"the AER prints one code with a row per transmission zone T1-T3 (EBDEM, 'East ... T1'); Ergon's list gives each zone its own code (EBDEMT1, EBDEMT2, EBDEMT3)"
ergon,WLTOUDT3,2024-07-01,1,zone_variant_of,WLTOUD,,aer-stakeholder-report-ergon-2024-25,,,"the AER prints one code with a row per transmission zone T1-T3 (EBDEM, 'East ... T1'); Ergon's list gives each zone its own code (EBDEMT1, EBDEMT2, EBDEMT3)"
ergon,WRDEMT1,2024-07-01,1,zone_variant_of,WRDEM,,aer-stakeholder-report-ergon-2024-25,,,"the AER prints one code with a row per transmission zone T1-T3 (EBDEM, 'East ... T1'); Ergon's list gives each zone its own code (EBDEMT1, EBDEMT2, EBDEMT3)"
ergon,WRDEMT2,2024-07-01,1,zone_variant_of,WRDEM,,aer-stakeholder-report-ergon-2024-25,,,"the AER prints one code with a row per transmission zone T1-T3 (EBDEM, 'East ... T1'); Ergon's list gives each zone its own code (EBDEMT1, EBDEMT2, EBDEMT3)"
ergon,WRDEMT3,2024-07-01,1,zone_variant_of,WRDEM,,aer-stakeholder-report-ergon-2024-25,,,"the AER prints one code with a row per transmission zone T1-T3 (EBDEM, 'East ... T1'); Ergon's list gives each zone its own code (EBDEMT1, EBDEMT2, EBDEMT3)"
ergon,WRESTT1,2024-07-01,1,zone_variant_of,WREST,,aer-stakeholder-report-ergon-2024-25,,,"the AER prints one code with a row per transmission zone T1-T3 (EBDEM, 'East ... T1'); Ergon's list gives each zone its own code (EBDEMT1, EBDEMT2, EBDEMT3)"
ergon,WRESTT2,2024-07-01,1,zone_variant_of,WREST,,aer-stakeholder-report-ergon-2024-25,,,"the AER prints one code with a row per transmission zone T1-T3 (EBDEM, 'East ... T1'); Ergon's list gives each zone its own code (EBDEMT1, EBDEMT2, EBDEMT3)"
ergon,WRESTT3,2024-07-01,1,zone_variant_of,WREST,,aer-stakeholder-report-ergon-2024-25,,,"the AER prints one code with a row per transmission zone T1-T3 (EBDEM, 'East ... T1'); Ergon's list gives each zone its own code (EBDEMT1, EBDEMT2, EBDEMT3)"
ergon,WRIBT1,2024-07-01,1,zone_variant_of,WRIB,,aer-stakeholder-report-ergon-2024-25,,,"the AER prints one code with a row per transmission zone T1-T3 (EBDEM, 'East ... T1'); Ergon's list gives each zone its own code (EBDEMT1, EBDEMT2, EBDEMT3)"
ergon,WRIBT2,2024-07-01,1,zone_variant_of,WRIB,,aer-stakeholder-report-ergon-2024-25,,,"the AER prints one code with a row per transmission zone T1-T3 (EBDEM, 'East ... T1'); Ergon's list gives each zone its own code (EBDEMT1, EBDEMT2, EBDEMT3)"
ergon,WRIBT3,2024-07-01,1,zone_variant_of,WRIB,,aer-stakeholder-report-ergon-2024-25,,,"the AER prints one code with a row per transmission zone T1-T3 (EBDEM, 'East ... T1'); Ergon's list gives each zone its own code (EBDEMT1, EBDEMT2, EBDEMT3)"
ergon,WRTDEMT1,2024-07-01,1,zone_variant_of,WRTDEM,,aer-stakeholder-report-ergon-2024-25,,,"the AER prints one code with a row per transmission zone T1-T3 (EBDEM, 'East ... T1'); Ergon's list gives each zone its own code (EBDEMT1, EBDEMT2, EBDEMT3)"
ergon,WRTDEMT2,2024-07-01,1,zone_variant_of,WRTDEM,,aer-stakeholder-report-ergon-2024-25,,,"the AER prints one code with a row per transmission zone T1-T3 (EBDEM, 'East ... T1'); Ergon's list gives each zone its own code (EBDEMT1, EBDEMT2, EBDEMT3)"
ergon,WRTDEMT3,2024-07-01,1,zone_variant_of,WRTDEM,,aer-stakeholder-report-ergon-2024-25,,,"the AER prints one code with a row per transmission zone T1-T3 (EBDEM, 'East ... T1'); Ergon's list gives each zone its own code (EBDEMT1, EBDEMT2, EBDEMT3)"
ergon,WRTOUET1,2024-07-01,1,zone_variant_of,WRTOUE,,aer-stakeholder-report-ergon-2024-25,,,"the AER prints one code with a row per transmission zone T1-T3 (EBDEM, 'East ... T1'); Ergon's list gives each zone its own code (EBDEMT1, EBDEMT2, EBDEMT3)"
ergon,WRTOUET2,2024-07-01,1,zone_variant_of,WRTOUE,,aer-stakeholder-report-ergon-2024-25,,,"the AER prints one code with a row per transmission zone T1-T3 (EBDEM, 'East ... T1'); Ergon's list gives each zone its own code (EBDEMT1, EBDEMT2, EBDEMT3)"
ergon,WRTOUET3,2024-07-01,1,zone_variant_of,WRTOUE,,aer-stakeholder-report-ergon-2024-25,,,"the AER prints one code with a row per transmission zone T1-T3 (EBDEM, 'East ... T1'); Ergon's list gives each zone its own code (EBDEMT1, EBDEMT2, EBDEMT3)"
ergon,WSTOUDT1,2024-07-01,1,zone_variant_of,WSTOUD,,aer-stakeholder-report-ergon-2024-25,,,"the AER prints one code with a row per transmission zone T1-T3 (EBDEM, 'East ... T1'); Ergon's list gives each zone its own code (EBDEMT1, EBDEMT2, EBDEMT3)"
ergon,WSTOUDT2,2024-07-01,1,zone_variant_of,WSTOUD,,aer-stakeholder-report-ergon-2024-25,,,"the AER prints one code with a row per transmission zone T1-T3 (EBDEM, 'East ... T1'); Ergon's list gives each zone its own code (EBDEMT1, EBDEMT2, EBDEMT3)"
ergon,WSTOUDT3,2024-07-01,1,zone_variant_of,WSTOUD,,aer-stakeholder-report-ergon-2024-25,,,"the AER prints one code with a row per transmission zone T1-T3 (EBDEM, 'East ... T1'); Ergon's list gives each zone its own code (EBDEMT1, EBDEMT2, EBDEMT3)"
ergon,WVCT1,2024-07-01,1,zone_variant_of,WVC,,aer-stakeholder-report-ergon-2024-25,,,"the AER prints one code with a row per transmission zone T1-T3 (EBDEM, 'East ... T1'); Ergon's list gives each zone its own code (EBDEMT1, EBDEMT2, EBDEMT3)"
ergon,WVCT2,2024-07-01,1,zone_variant_of,WVC,,aer-stakeholder-report-ergon-2024-25,,,"the AER prints one code with a row per transmission zone T1-T3 (EBDEM, 'East ... T1'); Ergon's list gives each zone its own code (EBDEMT1, EBDEMT2, EBDEMT3)"
ergon,WVCT3,2024-07-01,1,zone_variant_of,WVC,,aer-stakeholder-report-ergon-2024-25,,,"the AER prints one code with a row per transmission zone T1-T3 (EBDEM, 'East ... T1'); Ergon's list gives each zone its own code (EBDEMT1, EBDEMT2, EBDEMT3)"
ergon,WVNT1,2024-07-01,1,zone_variant_of,WVN,,aer-stakeholder-report-ergon-2024-25,,,"the AER prints one code with a row per transmission zone T1-T3 (EBDEM, 'East ... T1'); Ergon's list gives each zone its own code (EBDEMT1, EBDEMT2, EBDEMT3)"
ergon,WVNT2,2024-07-01,1,zone_variant_of,WVN,,aer-stakeholder-report-ergon-2024-25,,,"the AER prints one code with a row per transmission zone T1-T3 (EBDEM, 'East ... T1'); Ergon's list gives each zone its own code (EBDEMT1, EBDEMT2, EBDEMT3)"
ergon,WVNT3,2024-07-01,1,zone_variant_of,WVN,,aer-stakeholder-report-ergon-2024-25,,,"the AER prints one code with a row per transmission zone T1-T3 (EBDEM, 'East ... T1'); Ergon's list gives each zone its own code (EBDEMT1, EBDEMT2, EBDEMT3)"
ergon,WVUT1,2024-07-01,1,zone_variant_of,WVU,,aer-stakeholder-report-ergon-2024-25,,,"the AER prints one code with a row per transmission zone T1-T3 (EBDEM, 'East ... T1'); Ergon's list gives each zone its own code (EBDEMT1, EBDEMT2, EBDEMT3)"
ergon,WVUT2,2024-07-01,1,zone_variant_of,WVU,,aer-stakeholder-report-ergon-2024-25,,,"the AER prints one code with a row per transmission zone T1-T3 (EBDEM, 'East ... T1'); Ergon's list gives each zone its own code (EBDEMT1, EBDEMT2, EBDEMT3)"
ergon,WVUT3,2024-07-01,1,zone_variant_of,WVU,,aer-stakeholder-report-ergon-2024-25,,,"the AER prints one code with a row per transmission zone T1-T3 (EBDEM, 'East ... T1'); Ergon's list gives each zone its own code (EBDEMT1, EBDEMT2, EBDEMT3)"
evoenergy,025,2023-07-01,1,opt_out_to,015,,evoenergy-statement-of-tariff-classes-and-tariffs-2023-24,pdf:p11,"New residential customers are currently assigned by default to the Residential kW Demand tariff, with the ability to opt-out to the Residential Time-of-Use (TOU) tariff.",
evoenergy,027,2023-07-01,1,opt_out_to,025,,evoenergy-statement-of-tariff-classes-and-tariffs-2023-24,pdf:p12,"residential customers can opt out to either the residential demand tariff (tariff codes 025, 026)",XMC variants are included: Table 2.6 lists each as '<tariff> XMC*' ('XMC tariffs exclude metering capital charges').
evoenergy,027,2023-07-01,2,opt_out_to,015,,evoenergy-statement-of-tariff-classes-and-tariffs-2023-24,pdf:p12,"or the residential time of use tariff (tariff codes 015, 016)",XMC variants are included: Table 2.6 lists each as '<tariff> XMC*' ('XMC tariffs exclude metering capital charges').
evoenergy,028,2023-07-01,1,opt_out_to,025,,evoenergy-statement-of-tariff-classes-and-tariffs-2023-24,pdf:p12,"residential customers can opt out to either the residential demand tariff (tariff codes 025, 026)",XMC variants are included: Table 2.6 lists each as '<tariff> XMC*' ('XMC tariffs exclude metering capital charges').
evoenergy,028,2023-07-01,2,opt_out_to,015,,evoenergy-statement-of-tariff-classes-and-tariffs-2023-24,pdf:p12,"or the residential time of use tariff (tariff codes 015, 016)",XMC variants are included: Table 2.6 lists each as '<tariff> XMC*' ('XMC tariffs exclude metering capital charges').
powercor,DD1,2024-07-01,1,alias,DD,,aer-stakeholder-report-powercor-2024-25,,,"the AER prints a large-customer tariff as one code, Powercor's list numbers its variants (AER HV, HVT and LLV; Powercor HV1-HV3, HVT1-HVT2 and LLV1-LLV3)"
powercor,DD1,2025-07-01,1,alias,DD,,aer-consolidated-2025-26-v5,,,"the AER prints a large-customer tariff as one code, Powercor's list numbers its variants (AER HV, HVT and LLV; Powercor HV1-HV3, HVT1-HVT2 and LLV1-LLV3)"
powercor,HV1,2024-07-01,1,alias,HV,,aer-stakeholder-report-powercor-2024-25,,,"the AER prints a large-customer tariff as one code, Powercor's list numbers its variants (AER HV, HVT and LLV; Powercor HV1-HV3, HVT1-HVT2 and LLV1-LLV3)"
powercor,HV1,2025-07-01,1,alias,HV,,aer-consolidated-2025-26-v5,,,"the AER prints a large-customer tariff as one code, Powercor's list numbers its variants (AER HV, HVT and LLV; Powercor HV1-HV3, HVT1-HVT2 and LLV1-LLV3)"
powercor,HV1,2026-07-01,1,alias,HV,,aer-consolidated-2026-27-v5,,,"the AER prints a large-customer tariff as one code, Powercor's list numbers its variants (AER HV, HVT and LLV; Powercor HV1-HV3, HVT1-HVT2 and LLV1-LLV3)"
powercor,HV2,2024-07-01,1,alias,HV,,aer-stakeholder-report-powercor-2024-25,,,"the AER prints a large-customer tariff as one code, Powercor's list numbers its variants (AER HV, HVT and LLV; Powercor HV1-HV3, HVT1-HVT2 and LLV1-LLV3)"
powercor,HV2,2025-07-01,1,alias,HV,,aer-consolidated-2025-26-v5,,,"the AER prints a large-customer tariff as one code, Powercor's list numbers its variants (AER HV, HVT and LLV; Powercor HV1-HV3, HVT1-HVT2 and LLV1-LLV3)"
powercor,HV2,2026-07-01,1,alias,HV,,aer-consolidated-2026-27-v5,,,"the AER prints a large-customer tariff as one code, Powercor's list numbers its variants (AER HV, HVT and LLV; Powercor HV1-HV3, HVT1-HVT2 and LLV1-LLV3)"
powercor,HV3,2026-07-01,1,alias,HV,,aer-consolidated-2026-27-v5,,,"the AER prints a large-customer tariff as one code, Powercor's list numbers its variants (AER HV, HVT and LLV; Powercor HV1-HV3, HVT1-HVT2 and LLV1-LLV3)"
powercor,HVT1,2024-07-01,1,alias,HVT,,aer-stakeholder-report-powercor-2024-25,,,"the AER prints a large-customer tariff as one code, Powercor's list numbers its variants (AER HV, HVT and LLV; Powercor HV1-HV3, HVT1-HVT2 and LLV1-LLV3)"
powercor,HVT1,2025-07-01,1,alias,HVT,,aer-consolidated-2025-26-v5,,,"the AER prints a large-customer tariff as one code, Powercor's list numbers its variants (AER HV, HVT and LLV; Powercor HV1-HV3, HVT1-HVT2 and LLV1-LLV3)"
powercor,HVT2,2024-07-01,1,alias,HVT,,aer-stakeholder-report-powercor-2024-25,,,"the AER prints a large-customer tariff as one code, Powercor's list numbers its variants (AER HV, HVT and LLV; Powercor HV1-HV3, HVT1-HVT2 and LLV1-LLV3)"
powercor,HVT2,2025-07-01,1,alias,HVT,,aer-consolidated-2025-26-v5,,,"the AER prints a large-customer tariff as one code, Powercor's list numbers its variants (AER HV, HVT and LLV; Powercor HV1-HV3, HVT1-HVT2 and LLV1-LLV3)"
powercor,LLV1,2024-07-01,1,alias,LLV,,aer-stakeholder-report-powercor-2024-25,,,"the AER prints a large-customer tariff as one code, Powercor's list numbers its variants (AER HV, HVT and LLV; Powercor HV1-HV3, HVT1-HVT2 and LLV1-LLV3)"
powercor,LLV1,2025-07-01,1,alias,LLV,,aer-consolidated-2025-26-v5,,,"the AER prints a large-customer tariff as one code, Powercor's list numbers its variants (AER HV, HVT and LLV; Powercor HV1-HV3, HVT1-HVT2 and LLV1-LLV3)"
powercor,LLV1,2026-07-01,1,alias,LLV,,aer-consolidated-2026-27-v5,,,"the AER prints a large-customer tariff as one code, Powercor's list numbers its variants (AER HV, HVT and LLV; Powercor HV1-HV3, HVT1-HVT2 and LLV1-LLV3)"
powercor,LLV2,2024-07-01,1,alias,LLV,,aer-stakeholder-report-powercor-2024-25,,,"the AER prints a large-customer tariff as one code, Powercor's list numbers its variants (AER HV, HVT and LLV; Powercor HV1-HV3, HVT1-HVT2 and LLV1-LLV3)"
powercor,LLV2,2025-07-01,1,alias,LLV,,aer-consolidated-2025-26-v5,,,"the AER prints a large-customer tariff as one code, Powercor's list numbers its variants (AER HV, HVT and LLV; Powercor HV1-HV3, HVT1-HVT2 and LLV1-LLV3)"
powercor,LLV2,2026-07-01,1,alias,LLV,,aer-consolidated-2026-27-v5,,,"the AER prints a large-customer tariff as one code, Powercor's list numbers its variants (AER HV, HVT and LLV; Powercor HV1-HV3, HVT1-HVT2 and LLV1-LLV3)"
powercor,LLV3,2026-07-01,1,alias,LLV,,aer-consolidated-2026-27-v5,,,"the AER prints a large-customer tariff as one code, Powercor's list numbers its variants (AER HV, HVT and LLV; Powercor HV1-HV3, HVT1-HVT2 and LLV1-LLV3)"
powercor,LLVT1,2024-07-01,1,alias,LLVT,,aer-stakeholder-report-powercor-2024-25,,,"the AER prints a large-customer tariff as one code, Powercor's list numbers its variants (AER HV, HVT and LLV; Powercor HV1-HV3, HVT1-HVT2 and LLV1-LLV3)"
powercor,LLVT1,2025-07-01,1,alias,LLVT,,aer-consolidated-2025-26-v5,,,"the AER prints a large-customer tariff as one code, Powercor's list numbers its variants (AER HV, HVT and LLV; Powercor HV1-HV3, HVT1-HVT2 and LLV1-LLV3)"
powercor,LLVT2,2024-07-01,1,alias,LLVT,,aer-stakeholder-report-powercor-2024-25,,,"the AER prints a large-customer tariff as one code, Powercor's list numbers its variants (AER HV, HVT and LLV; Powercor HV1-HV3, HVT1-HVT2 and LLV1-LLV3)"
powercor,LLVT2,2025-07-01,1,alias,LLVT,,aer-consolidated-2025-26-v5,,,"the AER prints a large-customer tariff as one code, Powercor's list numbers its variants (AER HV, HVT and LLV; Powercor HV1-HV3, HVT1-HVT2 and LLV1-LLV3)"
powercor,NDM,2024-07-01,1,opt_out_to,NDMO21,,powercor-pricing-proposal-2024-25-28mar2024-wayback,pdf:p11,NDM customers consuming less than 160 MWh pa can opt out of the demand tariff to NDMO21,
powercor,NDM,2025-07-01,1,opt_out_to,NDMO21,,powercor-pricing-proposal-2025-26-31mar2025-wayback,pdf:p7,NDM customers consuming less than 160 MWh pa can opt out of the demand tariff to NDMO21,
powercor,NDM,2026-07-01,1,opt_out_to,NDMO21,,powercor-pricing-proposal-2026-27-07may2026,pdf:p8,NDM customers consuming less than 160 MWh pa can opt out of the demand tariff to NDMO21,the 2026-27 Tariff Summary lists the medium business opt-out tariff as NDMO (status 'Opt-out')
sapn,HVAD,2024-07-01,1,alias,HVAD-SA,,aer-stakeholder-report-sapn-2024-25-updated17jul2024,,,the AER's 2024-25 report appends -SA to SA Power Networks codes (AER HVAD-SA and LBAD-SA; SA Power Networks HVAD and LBAD)
sapn,HVAD500,2024-07-01,1,alias,HVAD500-SA,,aer-stakeholder-report-sapn-2024-25-updated17jul2024,,,the AER's 2024-25 report appends -SA to SA Power Networks codes (AER HVAD-SA and LBAD-SA; SA Power Networks HVAD and LBAD)
sapn,HVADF,2024-07-01,1,alias,HVADF-SA,,aer-stakeholder-report-sapn-2024-25-updated17jul2024,,,the AER's 2024-25 report appends -SA to SA Power Networks codes (AER HVAD-SA and LBAD-SA; SA Power Networks HVAD and LBAD)
sapn,HVBG,2024-07-01,1,alias,HVBG-SA,,aer-stakeholder-report-sapn-2024-25-updated17jul2024,,,the AER's 2024-25 report appends -SA to SA Power Networks codes (AER HVAD-SA and LBAD-SA; SA Power Networks HVAD and LBAD)
sapn,HVBGF,2024-07-01,1,alias,HVBGF-SA,,aer-stakeholder-report-sapn-2024-25-updated17jul2024,,,the AER's 2024-25 report appends -SA to SA Power Networks codes (AER HVAD-SA and LBAD-SA; SA Power Networks HVAD and LBAD)
sapn,HVMD,2024-07-01,1,alias,HVMD-SA,,aer-stakeholder-report-sapn-2024-25-updated17jul2024,,,the AER's 2024-25 report appends -SA to SA Power Networks codes (AER HVAD-SA and LBAD-SA; SA Power Networks HVAD and LBAD)
sapn,LBAD,2024-07-01,1,alias,LBAD-SA,,aer-stakeholder-report-sapn-2024-25-updated17jul2024,,,the AER's 2024-25 report appends -SA to SA Power Networks codes (AER HVAD-SA and LBAD-SA; SA Power Networks HVAD and LBAD)
sapn,LBADF,2024-07-01,1,alias,LBADF-SA,,aer-stakeholder-report-sapn-2024-25-updated17jul2024,,,the AER's 2024-25 report appends -SA to SA Power Networks codes (AER HVAD-SA and LBAD-SA; SA Power Networks HVAD and LBAD)
sapn,LBG,2024-07-01,1,alias,LBG-SA,,aer-stakeholder-report-sapn-2024-25-updated17jul2024,,,the AER's 2024-25 report appends -SA to SA Power Networks codes (AER HVAD-SA and LBAD-SA; SA Power Networks HVAD and LBAD)
sapn,LBGF,2024-07-01,1,alias,LBGF-SA,,aer-stakeholder-report-sapn-2024-25-updated17jul2024,,,the AER's 2024-25 report appends -SA to SA Power Networks codes (AER HVAD-SA and LBAD-SA; SA Power Networks HVAD and LBAD)
sapn,LBMD,2024-07-01,1,alias,LBMD-SA,,aer-stakeholder-report-sapn-2024-25-updated17jul2024,,,the AER's 2024-25 report appends -SA to SA Power Networks codes (AER HVAD-SA and LBAD-SA; SA Power Networks HVAD and LBAD)
sapn,MBTOUD,2025-07-01,1,opt_out_to,SBTOU,,sapn-2025-26-pricing-proposal-overview-14may2025,pdf:p4,Medium Business Time of Use Demand: This tariff is for customers with usage between 40- 160MWh per annum. It features a higher daily supply charge but a lower-priced usage charge to reflect higher consumption volumes. Customers can choose to opt-in to Small Business Time of Use tariff.,Section 2 (pdf:p16) names the tariffs 'Medium Business Time of Use Demand (MBTOUD)' and 'Small Business Time of Use (SBTOU)'.
unitedenergy,HVKVATOU 1,2026-07-01,1,alias,HVkVATOU,,aer-consolidated-2026-27-v5,,,"the AER prints a large-customer tariff as one code, United Energy's list numbers its variants (AER LVkVATOU and HVkVATOU; United Energy LVKVATOU 1-3 and HVKVATOU 1-3)"
unitedenergy,HVKVATOU 2,2026-07-01,1,alias,HVkVATOU,,aer-consolidated-2026-27-v5,,,"the AER prints a large-customer tariff as one code, United Energy's list numbers its variants (AER LVkVATOU and HVkVATOU; United Energy LVKVATOU 1-3 and HVKVATOU 1-3)"
unitedenergy,HVKVATOU 3,2026-07-01,1,alias,HVkVATOU,,aer-consolidated-2026-27-v5,,,"the AER prints a large-customer tariff as one code, United Energy's list numbers its variants (AER LVkVATOU and HVkVATOU; United Energy LVKVATOU 1-3 and HVKVATOU 1-3)"
unitedenergy,LVDED,2019-01-01,1,alias,LVDed,,unitedenergy-2019-aer-approved-united-energy-attachment-b-tariff-summary-last-updated-22-november-2018-xlsx,,,the AER prints the code with other spacing or case
unitedenergy,LVDED,2020-01-01,1,alias,LVDed,,unitedenergy-2020-aer-approved-united-energy-2020-pricing-proposal-november-2019-pdf,,,the AER prints the code with other spacing or case
unitedenergy,LVDED,2021-01-01,1,alias,LVDed,,unitedenergy-2021-h1-attachment-b-hy-2021-tariff-summary-ue-xlsx,,,the AER prints the code with other spacing or case
unitedenergy,LVDED,2024-07-01,1,alias,LVDed,,aer-stakeholder-report-unitedenergy-2024-25,,,the AER prints the code with other spacing or case
unitedenergy,LVDED,2025-07-01,1,alias,LVDed,,aer-consolidated-2025-26-v5,,,the AER prints the code with other spacing or case
unitedenergy,LVKVATOU 1,2026-07-01,1,alias,LVkVATOU,,aer-consolidated-2026-27-v5,,,"the AER prints a large-customer tariff as one code, United Energy's list numbers its variants (AER LVkVATOU and HVkVATOU; United Energy LVKVATOU 1-3 and HVKVATOU 1-3)"
unitedenergy,LVKVATOU 2,2026-07-01,1,alias,LVkVATOU,,aer-consolidated-2026-27-v5,,,"the AER prints a large-customer tariff as one code, United Energy's list numbers its variants (AER LVkVATOU and HVkVATOU; United Energy LVKVATOU 1-3 and HVKVATOU 1-3)"
unitedenergy,LVKVATOU 3,2026-07-01,1,alias,LVkVATOU,,aer-consolidated-2026-27-v5,,,"the AER prints a large-customer tariff as one code, United Energy's list numbers its variants (AER LVkVATOU and HVkVATOU; United Energy LVKVATOU 1-3 and HVKVATOU 1-3)"
unitedenergy,LVMKW1R,2025-07-01,1,opt_out_to,LVTOU,,unitedenergy-2025-26-final-pricing-31mar2025,pdf:p7,LVMKW1R customers consuming less than 160 MWh pa can opt out of the demand tariff to LVTOU,
unitedenergy,SUBTKVATOU,2019-01-01,1,alias,SubTkVATOU,,unitedenergy-2019-aer-approved-united-energy-attachment-b-tariff-summary-last-updated-22-november-2018-xlsx,,,the AER prints the code with other spacing or case
unitedenergy,SUBTKVATOU,2020-01-01,1,alias,SubTkVATOU,,unitedenergy-2020-aer-approved-united-energy-2020-pricing-proposal-november-2019-pdf,,,the AER prints the code with other spacing or case
unitedenergy,SUBTKVATOU,2021-01-01,1,alias,SubTkVATOU,,unitedenergy-2021-h1-attachment-b-hy-2021-tariff-summary-ue-xlsx,,,the AER prints the code with other spacing or case
unitedenergy,SUBTKVATOU,2024-07-01,1,alias,SUBTkVATOU,,aer-stakeholder-report-unitedenergy-2024-25,,,the AER prints the code with other spacing or case
unitedenergy,SUBTKVATOU,2025-07-01,1,alias,SUBTkVATOU,,aer-consolidated-2025-26-v5,,,the AER prints the code with other spacing or case
unitedenergy,UMBD,2026-07-01,1,opt_out_to,UMBO,,ue-pricing-proposal-2026-27-07may2026,pdf:p8,UMBD customers consuming less than 160 MWh pa can opt out of the demand tariff to UMBO,
unitedenergy,UNMET,2019-01-01,1,alias,UnMet,,unitedenergy-2019-aer-approved-united-energy-attachment-b-tariff-summary-last-updated-22-november-2018-xlsx,,,the AER prints the code with other spacing or case
unitedenergy,UNMET,2020-01-01,1,alias,UnMet,,unitedenergy-2020-aer-approved-united-energy-2020-pricing-proposal-november-2019-pdf,,,the AER prints the code with other spacing or case
unitedenergy,UNMET,2021-01-01,1,alias,UnMet,,unitedenergy-2021-h1-attachment-b-hy-2021-tariff-summary-ue-xlsx,,,the AER prints the code with other spacing or case
unitedenergy,UNMET,2021-07-01,1,alias,UnMet,,unitedenergy-2021-22-united-energy-attachment-b-2021-22-tariff-tables-june-2021-xlsx,,,the AER prints the code with other spacing or case
unitedenergy,UNMET,2022-07-01,1,alias,UnMet,,unitedenergy-2022-23-attachment-b-united-energy-2022-23-tariff-summary-6-april-2022-xlsx,,,the AER prints the code with other spacing or case
unitedenergy,UNMET,2024-07-01,1,alias,UnMet,,aer-stakeholder-report-unitedenergy-2024-25,,,the AER prints the code with other spacing or case
unitedenergy,UNMET,2025-07-01,1,alias,UnMet,,aer-consolidated-2025-26-v5,,,the AER prints the code with other spacing or case
