relation_id,from_tariff_id,relation_type,to_tariff_id,fin_year,document_id,locator,quote,note
ausgrid:EA011|same_prices_as|ausgrid:EA010|ausgrid-2023-24-annual-scs-pricing-proposal-31mar2023,ausgrid:EA011,same_prices_as,ausgrid:EA010,2023-24,ausgrid-2023-24-annual-scs-pricing-proposal-31mar2023,pdf:p26,our transitional TOU tariffs for residential (EA011) and small business (EA051) customers introduced during 2018-19 were set to the legacy flat tariff in NUOS charges in 2019-20.,Transitional TOU tariffs 'are set to the same level as legacy flat tariffs for the 2019-24 regulatory period'.
ausgrid:EA051|same_prices_as|ausgrid:EA050|ausgrid-2023-24-annual-scs-pricing-proposal-31mar2023,ausgrid:EA051,same_prices_as,ausgrid:EA050,2023-24,ausgrid-2023-24-annual-scs-pricing-proposal-31mar2023,pdf:p26,our transitional TOU tariffs for residential (EA011) and small business (EA051) customers introduced during 2018-19 were set to the legacy flat tariff in NUOS charges in 2019-20.,Transitional TOU tariffs 'are set to the same level as legacy flat tariffs for the 2019-24 regulatory period'.
ausgrid:EA316|same_prices_as|ausgrid:EA302|ausgrid-2023-24-annual-scs-pricing-proposal-31mar2023,ausgrid:EA316,same_prices_as,ausgrid:EA302,2023-24,ausgrid-2023-24-annual-scs-pricing-proposal-31mar2023,pdf:p26,Transitional tariff EA316 (40-160 MWh) will converge with EA302 (40-160 MWh). Transitional tariff EA317 (160-750 MWh) will converge with EA305 (160-750 MWh).,"Section 10.6 continues: 'This transition will be completed in 2023-24, ensuring that all charging components for these tariffs are aligned.'"
ausgrid:EA317|same_prices_as|ausgrid:EA305|ausgrid-2023-24-annual-scs-pricing-proposal-31mar2023,ausgrid:EA317,same_prices_as,ausgrid:EA305,2023-24,ausgrid-2023-24-annual-scs-pricing-proposal-31mar2023,pdf:p26,Transitional tariff EA316 (40-160 MWh) will converge with EA302 (40-160 MWh). Transitional tariff EA317 (160-750 MWh) will converge with EA305 (160-750 MWh).,"Section 10.6 continues: 'This transition will be completed in 2023-24, ensuring that all charging components for these tariffs are aligned.'"
citipower:CMG|opt_out_alternative|citipower:CMGO21|citipower-pricing-proposal-2023-24-wayback,citipower:CMG,opt_out_alternative,citipower:CMGO21,2023-24,citipower-pricing-proposal-2023-24-wayback,pdf:p26,CMG customers consuming less than 160 MWh pa can opt out of the demand tariff to CMGO21,
citipower:CMG|opt_out_alternative|citipower:CMGO21|citipower-pricing-proposal-2024-25-28mar2024-wayback,citipower:CMG,opt_out_alternative,citipower:CMGO21,2024-25,citipower-pricing-proposal-2024-25-28mar2024-wayback,pdf:p11,CMG customers consuming less than 160 MWh pa can opt out of the demand tariff to CMGO21,
citipower:CMG|opt_out_alternative|citipower:CMGO21|citipower-pricing-proposal-2025-26-31mar2025-wayback,citipower:CMG,opt_out_alternative,citipower:CMGO21,2025-26,citipower-pricing-proposal-2025-26-31mar2025-wayback,pdf:p7,CMG customers consuming less than 160MWh pa can opt out of the demand tariff to CMGO21,
citipower:CMG|opt_out_alternative|citipower:CMGO21|citipower-pricing-proposal-2026-27-07may2026,citipower:CMG,opt_out_alternative,citipower:CMGO21,2026-27,citipower-pricing-proposal-2026-27-07may2026,pdf:p7,CMG customers consuming less than 160MWh pa can opt out of the demand tariff to CMGO21,
endeavour:N61|export_companion|endeavour:N71|endeavour-nuos-price-list-2024-25-v10,endeavour:N61,export_companion,endeavour:N71,2024-25,endeavour-nuos-price-list-2024-25-v10,pdf:p8,"applied alongside our seasonal TOU energy and seasonal TOU demand tariffs (N71, N72 and N73).","N61 (Prosumer, two-way) is an optional secondary tariff applied alongside the primary tariff."
endeavour:N61|export_companion|endeavour:N71|endeavour-nuos-price-list-2025-26-v11,endeavour:N61,export_companion,endeavour:N71,2025-26,endeavour-nuos-price-list-2025-26-v11,pdf:p7,"applied alongside our seasonal TOU energy and seasonal TOU demand tariffs (Residential: N71, N72 and N73. General Supply: N91, N92 and N93).","N61 (Prosumer, two-way) is an optional secondary tariff applied alongside the primary tariff."
endeavour:N61|export_companion|endeavour:N71|endeavour-nuos-price-list-2026-27,endeavour:N61,export_companion,endeavour:N71,2026-27,endeavour-nuos-price-list-2026-27,pdf:p7,"applied alongside our seasonal TOU energy and seasonal TOU demand tariffs (Residential: N71, N72 and N73. General Supply: N91, N92 and N93).","N61 (Prosumer, two-way) is an optional secondary tariff applied alongside the primary tariff."
endeavour:N61|export_companion|endeavour:N72|endeavour-nuos-price-list-2024-25-v10,endeavour:N61,export_companion,endeavour:N72,2024-25,endeavour-nuos-price-list-2024-25-v10,pdf:p8,"applied alongside our seasonal TOU energy and seasonal TOU demand tariffs (N71, N72 and N73).","N61 (Prosumer, two-way) is an optional secondary tariff applied alongside the primary tariff."
endeavour:N61|export_companion|endeavour:N72|endeavour-nuos-price-list-2025-26-v11,endeavour:N61,export_companion,endeavour:N72,2025-26,endeavour-nuos-price-list-2025-26-v11,pdf:p7,"applied alongside our seasonal TOU energy and seasonal TOU demand tariffs (Residential: N71, N72 and N73. General Supply: N91, N92 and N93).","N61 (Prosumer, two-way) is an optional secondary tariff applied alongside the primary tariff."
endeavour:N61|export_companion|endeavour:N72|endeavour-nuos-price-list-2026-27,endeavour:N61,export_companion,endeavour:N72,2026-27,endeavour-nuos-price-list-2026-27,pdf:p7,"applied alongside our seasonal TOU energy and seasonal TOU demand tariffs (Residential: N71, N72 and N73. General Supply: N91, N92 and N93).","N61 (Prosumer, two-way) is an optional secondary tariff applied alongside the primary tariff."
endeavour:N61|export_companion|endeavour:N73|endeavour-nuos-price-list-2024-25-v10,endeavour:N61,export_companion,endeavour:N73,2024-25,endeavour-nuos-price-list-2024-25-v10,pdf:p8,"applied alongside our seasonal TOU energy and seasonal TOU demand tariffs (N71, N72 and N73).","N61 (Prosumer, two-way) is an optional secondary tariff applied alongside the primary tariff."
endeavour:N61|export_companion|endeavour:N73|endeavour-nuos-price-list-2025-26-v11,endeavour:N61,export_companion,endeavour:N73,2025-26,endeavour-nuos-price-list-2025-26-v11,pdf:p7,"applied alongside our seasonal TOU energy and seasonal TOU demand tariffs (Residential: N71, N72 and N73. General Supply: N91, N92 and N93).","N61 (Prosumer, two-way) is an optional secondary tariff applied alongside the primary tariff."
endeavour:N61|export_companion|endeavour:N73|endeavour-nuos-price-list-2026-27,endeavour:N61,export_companion,endeavour:N73,2026-27,endeavour-nuos-price-list-2026-27,pdf:p7,"applied alongside our seasonal TOU energy and seasonal TOU demand tariffs (Residential: N71, N72 and N73. General Supply: N91, N92 and N93).","N61 (Prosumer, two-way) is an optional secondary tariff applied alongside the primary tariff."
endeavour:N61|export_companion|endeavour:N91|endeavour-nuos-price-list-2024-25-v10,endeavour:N61,export_companion,endeavour:N91,2024-25,endeavour-nuos-price-list-2024-25-v10,pdf:p11,"applied alongside our seasonal TOU energy and seasonal TOU demand tariffs (N91, N92 and N93).","N61 (Prosumer, two-way) is an optional secondary tariff applied alongside the primary tariff."
endeavour:N61|export_companion|endeavour:N91|endeavour-nuos-price-list-2025-26-v11,endeavour:N61,export_companion,endeavour:N91,2025-26,endeavour-nuos-price-list-2025-26-v11,pdf:p10,"applied alongside our seasonal TOU energy and seasonal TOU demand tariffs (N91, N92 and N93).","N61 (Prosumer, two-way) is an optional secondary tariff applied alongside the primary tariff."
endeavour:N61|export_companion|endeavour:N91|endeavour-nuos-price-list-2026-27,endeavour:N61,export_companion,endeavour:N91,2026-27,endeavour-nuos-price-list-2026-27,pdf:p10,"applied alongside our seasonal TOU energy and seasonal TOU demand tariffs (N91, N92 and N93).","N61 (Prosumer, two-way) is an optional secondary tariff applied alongside the primary tariff."
endeavour:N61|export_companion|endeavour:N92|endeavour-nuos-price-list-2024-25-v10,endeavour:N61,export_companion,endeavour:N92,2024-25,endeavour-nuos-price-list-2024-25-v10,pdf:p11,"applied alongside our seasonal TOU energy and seasonal TOU demand tariffs (N91, N92 and N93).","N61 (Prosumer, two-way) is an optional secondary tariff applied alongside the primary tariff."
endeavour:N61|export_companion|endeavour:N92|endeavour-nuos-price-list-2025-26-v11,endeavour:N61,export_companion,endeavour:N92,2025-26,endeavour-nuos-price-list-2025-26-v11,pdf:p10,"applied alongside our seasonal TOU energy and seasonal TOU demand tariffs (N91, N92 and N93).","N61 (Prosumer, two-way) is an optional secondary tariff applied alongside the primary tariff."
endeavour:N61|export_companion|endeavour:N92|endeavour-nuos-price-list-2026-27,endeavour:N61,export_companion,endeavour:N92,2026-27,endeavour-nuos-price-list-2026-27,pdf:p10,"applied alongside our seasonal TOU energy and seasonal TOU demand tariffs (N91, N92 and N93).","N61 (Prosumer, two-way) is an optional secondary tariff applied alongside the primary tariff."
endeavour:N61|export_companion|endeavour:N93|endeavour-nuos-price-list-2024-25-v10,endeavour:N61,export_companion,endeavour:N93,2024-25,endeavour-nuos-price-list-2024-25-v10,pdf:p11,"applied alongside our seasonal TOU energy and seasonal TOU demand tariffs (N91, N92 and N93).","N61 (Prosumer, two-way) is an optional secondary tariff applied alongside the primary tariff."
endeavour:N61|export_companion|endeavour:N93|endeavour-nuos-price-list-2025-26-v11,endeavour:N61,export_companion,endeavour:N93,2025-26,endeavour-nuos-price-list-2025-26-v11,pdf:p10,"applied alongside our seasonal TOU energy and seasonal TOU demand tariffs (N91, N92 and N93).","N61 (Prosumer, two-way) is an optional secondary tariff applied alongside the primary tariff."
endeavour:N61|export_companion|endeavour:N93|endeavour-nuos-price-list-2026-27,endeavour:N61,export_companion,endeavour:N93,2026-27,endeavour-nuos-price-list-2026-27,pdf:p10,"applied alongside our seasonal TOU energy and seasonal TOU demand tariffs (N91, N92 and N93).","N61 (Prosumer, two-way) is an optional secondary tariff applied alongside the primary tariff."
endeavour:NC01|same_prices_as|endeavour:N50|endeavour-nuos-price-list-2024-25-v10,endeavour:NC01,same_prices_as,endeavour:N50,2024-25,endeavour-nuos-price-list-2024-25-v10,pdf:p32,NC01 Domestic (BT) + Controlled Load 1 N70 N50,Table 7 'Mapping Obsolete / Combination tariff codes to their equivalent individual network tariff codes'; section 4.4: 'Obsolete Pricing Options were formulated on the basis of the equivalent Standard Pricing Options.' Controlled load component.
endeavour:NC01|same_prices_as|endeavour:N70|endeavour-nuos-price-list-2024-25-v10,endeavour:NC01,same_prices_as,endeavour:N70,2024-25,endeavour-nuos-price-list-2024-25-v10,pdf:p32,NC01 Domestic (BT) + Controlled Load 1 N70 N50,Table 7 'Mapping Obsolete / Combination tariff codes to their equivalent individual network tariff codes'; section 4.4: 'Obsolete Pricing Options were formulated on the basis of the equivalent Standard Pricing Options.' Primary load component.
endeavour:NC02|same_prices_as|endeavour:N54|endeavour-nuos-price-list-2024-25-v10,endeavour:NC02,same_prices_as,endeavour:N54,2024-25,endeavour-nuos-price-list-2024-25-v10,pdf:p32,NC02 Domestic (BT) + Controlled Load 2 N70 N54,Table 7 'Mapping Obsolete / Combination tariff codes to their equivalent individual network tariff codes'; section 4.4: 'Obsolete Pricing Options were formulated on the basis of the equivalent Standard Pricing Options.' Controlled load component.
endeavour:NC02|same_prices_as|endeavour:N70|endeavour-nuos-price-list-2024-25-v10,endeavour:NC02,same_prices_as,endeavour:N70,2024-25,endeavour-nuos-price-list-2024-25-v10,pdf:p32,NC02 Domestic (BT) + Controlled Load 2 N70 N54,Table 7 'Mapping Obsolete / Combination tariff codes to their equivalent individual network tariff codes'; section 4.4: 'Obsolete Pricing Options were formulated on the basis of the equivalent Standard Pricing Options.' Primary load component.
endeavour:NC03|same_prices_as|endeavour:N50|endeavour-nuos-price-list-2024-25-v10,endeavour:NC03,same_prices_as,endeavour:N50,2024-25,endeavour-nuos-price-list-2024-25-v10,pdf:p32,NC03 General Supply BT + Controlled Load 1 N90 N50,Table 7 'Mapping Obsolete / Combination tariff codes to their equivalent individual network tariff codes'; section 4.4: 'Obsolete Pricing Options were formulated on the basis of the equivalent Standard Pricing Options.' Controlled load component.
endeavour:NC03|same_prices_as|endeavour:N90|endeavour-nuos-price-list-2024-25-v10,endeavour:NC03,same_prices_as,endeavour:N90,2024-25,endeavour-nuos-price-list-2024-25-v10,pdf:p32,NC03 General Supply BT + Controlled Load 1 N90 N50,Table 7 'Mapping Obsolete / Combination tariff codes to their equivalent individual network tariff codes'; section 4.4: 'Obsolete Pricing Options were formulated on the basis of the equivalent Standard Pricing Options.' Primary load component.
endeavour:NC04|same_prices_as|endeavour:N54|endeavour-nuos-price-list-2024-25-v10,endeavour:NC04,same_prices_as,endeavour:N54,2024-25,endeavour-nuos-price-list-2024-25-v10,pdf:p32,NC04 General Supply BT + Controlled Load 2 N90 N54,Table 7 'Mapping Obsolete / Combination tariff codes to their equivalent individual network tariff codes'; section 4.4: 'Obsolete Pricing Options were formulated on the basis of the equivalent Standard Pricing Options.' Controlled load component.
endeavour:NC04|same_prices_as|endeavour:N90|endeavour-nuos-price-list-2024-25-v10,endeavour:NC04,same_prices_as,endeavour:N90,2024-25,endeavour-nuos-price-list-2024-25-v10,pdf:p32,NC04 General Supply BT + Controlled Load 2 N90 N54,Table 7 'Mapping Obsolete / Combination tariff codes to their equivalent individual network tariff codes'; section 4.4: 'Obsolete Pricing Options were formulated on the basis of the equivalent Standard Pricing Options.' Primary load component.
endeavour:NFT0|same_prices_as|endeavour:N70|endeavour-nuos-price-list-2024-25-v10,endeavour:NFT0,same_prices_as,endeavour:N70,2024-25,endeavour-nuos-price-list-2024-25-v10,pdf:p33,NFT0 N70 NESN,Table 7 'Mapping Obsolete / Combination tariff codes to their equivalent individual network tariff codes'; section 4.4: 'Obsolete Pricing Options were formulated on the basis of the equivalent Standard Pricing Options.' Primary load component.
endeavour:NFT9|same_prices_as|endeavour:N70|endeavour-nuos-price-list-2024-25-v10,endeavour:NFT9,same_prices_as,endeavour:N70,2024-25,endeavour-nuos-price-list-2024-25-v10,pdf:p33,NFT9 N70 NESN,Table 7 'Mapping Obsolete / Combination tariff codes to their equivalent individual network tariff codes'; section 4.4: 'Obsolete Pricing Options were formulated on the basis of the equivalent Standard Pricing Options.' Primary load component.
endeavour:NFTA|same_prices_as|endeavour:N90|endeavour-nuos-price-list-2024-25-v10,endeavour:NFTA,same_prices_as,endeavour:N90,2024-25,endeavour-nuos-price-list-2024-25-v10,pdf:p33,NFTA N90 NESN,Table 7 'Mapping Obsolete / Combination tariff codes to their equivalent individual network tariff codes'; section 4.4: 'Obsolete Pricing Options were formulated on the basis of the equivalent Standard Pricing Options.' Primary load component.
endeavour:NFTB|same_prices_as|endeavour:N90|endeavour-nuos-price-list-2024-25-v10,endeavour:NFTB,same_prices_as,endeavour:N90,2024-25,endeavour-nuos-price-list-2024-25-v10,pdf:p33,NFTB N90 NESN,Table 7 'Mapping Obsolete / Combination tariff codes to their equivalent individual network tariff codes'; section 4.4: 'Obsolete Pricing Options were formulated on the basis of the equivalent Standard Pricing Options.' Primary load component.
endeavour:NFTC|same_prices_as|endeavour:N50|endeavour-nuos-price-list-2024-25-v10,endeavour:NFTC,same_prices_as,endeavour:N50,2024-25,endeavour-nuos-price-list-2024-25-v10,pdf:p33,NFTC N70 N50 NESN,Table 7 'Mapping Obsolete / Combination tariff codes to their equivalent individual network tariff codes'; section 4.4: 'Obsolete Pricing Options were formulated on the basis of the equivalent Standard Pricing Options.' Controlled load component.
endeavour:NFTC|same_prices_as|endeavour:N70|endeavour-nuos-price-list-2024-25-v10,endeavour:NFTC,same_prices_as,endeavour:N70,2024-25,endeavour-nuos-price-list-2024-25-v10,pdf:p33,NFTC N70 N50 NESN,Table 7 'Mapping Obsolete / Combination tariff codes to their equivalent individual network tariff codes'; section 4.4: 'Obsolete Pricing Options were formulated on the basis of the equivalent Standard Pricing Options.' Primary load component.
endeavour:NFTD|same_prices_as|endeavour:N54|endeavour-nuos-price-list-2024-25-v10,endeavour:NFTD,same_prices_as,endeavour:N54,2024-25,endeavour-nuos-price-list-2024-25-v10,pdf:p33,NFTD N70 N54 NESN,Table 7 'Mapping Obsolete / Combination tariff codes to their equivalent individual network tariff codes'; section 4.4: 'Obsolete Pricing Options were formulated on the basis of the equivalent Standard Pricing Options.' Controlled load component.
endeavour:NFTD|same_prices_as|endeavour:N70|endeavour-nuos-price-list-2024-25-v10,endeavour:NFTD,same_prices_as,endeavour:N70,2024-25,endeavour-nuos-price-list-2024-25-v10,pdf:p33,NFTD N70 N54 NESN,Table 7 'Mapping Obsolete / Combination tariff codes to their equivalent individual network tariff codes'; section 4.4: 'Obsolete Pricing Options were formulated on the basis of the equivalent Standard Pricing Options.' Primary load component.
endeavour:NFTE|same_prices_as|endeavour:N50|endeavour-nuos-price-list-2024-25-v10,endeavour:NFTE,same_prices_as,endeavour:N50,2024-25,endeavour-nuos-price-list-2024-25-v10,pdf:p33,NFTE N90 N50 NESN,Table 7 'Mapping Obsolete / Combination tariff codes to their equivalent individual network tariff codes'; section 4.4: 'Obsolete Pricing Options were formulated on the basis of the equivalent Standard Pricing Options.' Controlled load component.
endeavour:NFTE|same_prices_as|endeavour:N90|endeavour-nuos-price-list-2024-25-v10,endeavour:NFTE,same_prices_as,endeavour:N90,2024-25,endeavour-nuos-price-list-2024-25-v10,pdf:p33,NFTE N90 N50 NESN,Table 7 'Mapping Obsolete / Combination tariff codes to their equivalent individual network tariff codes'; section 4.4: 'Obsolete Pricing Options were formulated on the basis of the equivalent Standard Pricing Options.' Primary load component.
endeavour:NFTF|same_prices_as|endeavour:N54|endeavour-nuos-price-list-2024-25-v10,endeavour:NFTF,same_prices_as,endeavour:N54,2024-25,endeavour-nuos-price-list-2024-25-v10,pdf:p33,NFTF N90 N54 NESN,Table 7 'Mapping Obsolete / Combination tariff codes to their equivalent individual network tariff codes'; section 4.4: 'Obsolete Pricing Options were formulated on the basis of the equivalent Standard Pricing Options.' Controlled load component.
endeavour:NFTF|same_prices_as|endeavour:N90|endeavour-nuos-price-list-2024-25-v10,endeavour:NFTF,same_prices_as,endeavour:N90,2024-25,endeavour-nuos-price-list-2024-25-v10,pdf:p33,NFTF N90 N54 NESN,Table 7 'Mapping Obsolete / Combination tariff codes to their equivalent individual network tariff codes'; section 4.4: 'Obsolete Pricing Options were formulated on the basis of the equivalent Standard Pricing Options.' Primary load component.
endeavour:NFTG|same_prices_as|endeavour:N70|endeavour-nuos-price-list-2024-25-v10,endeavour:NFTG,same_prices_as,endeavour:N70,2024-25,endeavour-nuos-price-list-2024-25-v10,pdf:p33,NFTG N70 NESG,Table 7 'Mapping Obsolete / Combination tariff codes to their equivalent individual network tariff codes'; section 4.4: 'Obsolete Pricing Options were formulated on the basis of the equivalent Standard Pricing Options.' Primary load component.
endeavour:NFTH|same_prices_as|endeavour:N70|endeavour-nuos-price-list-2024-25-v10,endeavour:NFTH,same_prices_as,endeavour:N70,2024-25,endeavour-nuos-price-list-2024-25-v10,pdf:p33,NFTH N70 NESG,Table 7 'Mapping Obsolete / Combination tariff codes to their equivalent individual network tariff codes'; section 4.4: 'Obsolete Pricing Options were formulated on the basis of the equivalent Standard Pricing Options.' Primary load component.
endeavour:NFTJ|same_prices_as|endeavour:N90|endeavour-nuos-price-list-2024-25-v10,endeavour:NFTJ,same_prices_as,endeavour:N90,2024-25,endeavour-nuos-price-list-2024-25-v10,pdf:p33,NFTJ N90 NESG,Table 7 'Mapping Obsolete / Combination tariff codes to their equivalent individual network tariff codes'; section 4.4: 'Obsolete Pricing Options were formulated on the basis of the equivalent Standard Pricing Options.' Primary load component.
endeavour:NFTK|same_prices_as|endeavour:N90|endeavour-nuos-price-list-2024-25-v10,endeavour:NFTK,same_prices_as,endeavour:N90,2024-25,endeavour-nuos-price-list-2024-25-v10,pdf:p33,NFTK N90 NESG,Table 7 'Mapping Obsolete / Combination tariff codes to their equivalent individual network tariff codes'; section 4.4: 'Obsolete Pricing Options were formulated on the basis of the equivalent Standard Pricing Options.' Primary load component.
endeavour:NG70|same_prices_as|endeavour:N70|endeavour-nuos-price-list-2024-25-v10,endeavour:NG70,same_prices_as,endeavour:N70,2024-25,endeavour-nuos-price-list-2024-25-v10,pdf:p32,NG70 Domestic (BT) Solar (Gross) N70 NESG,Table 7 'Mapping Obsolete / Combination tariff codes to their equivalent individual network tariff codes'; section 4.4: 'Obsolete Pricing Options were formulated on the basis of the equivalent Standard Pricing Options.' Primary load component.
endeavour:NG90|same_prices_as|endeavour:N90|endeavour-nuos-price-list-2024-25-v10,endeavour:NG90,same_prices_as,endeavour:N90,2024-25,endeavour-nuos-price-list-2024-25-v10,pdf:p32,NG90 General Supply Non-TOU (BT) Solar (Gross) N90 NESG,Table 7 'Mapping Obsolete / Combination tariff codes to their equivalent individual network tariff codes'; section 4.4: 'Obsolete Pricing Options were formulated on the basis of the equivalent Standard Pricing Options.' Primary load component.
endeavour:NS19|same_prices_as|endeavour:N19|endeavour-nuos-price-list-2024-25-v10,endeavour:NS19,same_prices_as,endeavour:N19,2024-25,endeavour-nuos-price-list-2024-25-v10,pdf:p33,NS19 LV Demand TOU Solar (Net) N19 NESN,Table 7 'Mapping Obsolete / Combination tariff codes to their equivalent individual network tariff codes'; section 4.4: 'Obsolete Pricing Options were formulated on the basis of the equivalent Standard Pricing Options.' Primary load component.
endeavour:NS29|same_prices_as|endeavour:N29|endeavour-nuos-price-list-2024-25-v10,endeavour:NS29,same_prices_as,endeavour:N29,2024-25,endeavour-nuos-price-list-2024-25-v10,pdf:p33,NS29 HV Demand TOU Solar (Net) N29 NESN,Table 7 'Mapping Obsolete / Combination tariff codes to their equivalent individual network tariff codes'; section 4.4: 'Obsolete Pricing Options were formulated on the basis of the equivalent Standard Pricing Options.' Primary load component.
endeavour:NS39|same_prices_as|endeavour:N39|endeavour-nuos-price-list-2024-25-v10,endeavour:NS39,same_prices_as,endeavour:N39,2024-25,endeavour-nuos-price-list-2024-25-v10,pdf:p33,NS39 ST Demand TOU Solar (Net) N39 NESN,Table 7 'Mapping Obsolete / Combination tariff codes to their equivalent individual network tariff codes'; section 4.4: 'Obsolete Pricing Options were formulated on the basis of the equivalent Standard Pricing Options.' Primary load component.
endeavour:NS70|same_prices_as|endeavour:N70|endeavour-nuos-price-list-2024-25-v10,endeavour:NS70,same_prices_as,endeavour:N70,2024-25,endeavour-nuos-price-list-2024-25-v10,pdf:p32,NS70 Domestic (BT) Solar (Net) N70 NESN,Table 7 'Mapping Obsolete / Combination tariff codes to their equivalent individual network tariff codes'; section 4.4: 'Obsolete Pricing Options were formulated on the basis of the equivalent Standard Pricing Options.' Primary load component.
endeavour:NS90|same_prices_as|endeavour:N90|endeavour-nuos-price-list-2024-25-v10,endeavour:NS90,same_prices_as,endeavour:N90,2024-25,endeavour-nuos-price-list-2024-25-v10,pdf:p32,NS90 General Supply Non-TOU (BT) Solar (Net) N90 NESN,Table 7 'Mapping Obsolete / Combination tariff codes to their equivalent individual network tariff codes'; section 4.4: 'Obsolete Pricing Options were formulated on the basis of the equivalent Standard Pricing Options.' Primary load component.
essential:BHND1CO|replaced_by|essential:BHND3AO|essential-2023-24-network-price-list-31mar2023,essential:BHND1CO,replaced_by,essential:BHND3AO,2023-24,essential-2023-24-network-price-list-31mar2023,xlsx:Price List_Excl GST!M54,New customers should be connected on BHND3AO.,
essential:BHND1SO|replaced_by|essential:BHND3AO|essential-2023-24-network-price-list-31mar2023,essential:BHND1SO,replaced_by,essential:BHND3AO,2023-24,essential-2023-24-network-price-list-31mar2023,xlsx:Price List_Excl GST!M55,New customers should be connected on BHND3AO.,
essential:BHTD1SO|replaced_by|essential:BHND3AO|essential-2023-24-network-price-list-31mar2023,essential:BHTD1SO,replaced_by,essential:BHND3AO,2023-24,essential-2023-24-network-price-list-31mar2023,xlsx:Price List_Excl GST!M55,New customers should be connected on BHND3AO.,
essential:BLNBEX1|assigned_with|essential:BLNBSS1|essential-2024-25-nuos-price-list-20may2024,essential:BLNBEX1,assigned_with,essential:BLNBSS1,2024-25,essential-2024-25-nuos-price-list-20may2024,xlsx:Tariff Details!C25,Default tariff assigned with LV Small Business ToU_Sun Soaker tariff (BLNRSS1) to the export component.,"The workbook names the primary tariff 'BLNRSS1' (sic); the row is LV Small Business ToU_Sun Soaker, i.e. BLNBSS1."
essential:BLNBEX1|assigned_with|essential:BLNBSS1|essential-price-list-and-explanatory-notes-2024-25,essential:BLNBEX1,assigned_with,essential:BLNBSS1,2024-25,essential-price-list-and-explanatory-notes-2024-25,pdf:p4,Default tariff assigned with LV Small Business Sun Soaker tariff (BLNBSS1) to the export component.,
essential:BLNBEX1|assigned_with|essential:BLNBSS1|essential-price-list-and-explanatory-notes-2025-26,essential:BLNBEX1,assigned_with,essential:BLNBSS1,2025-26,essential-price-list-and-explanatory-notes-2025-26,pdf:p4,Default tariff assigned with LV Small Business Sun Soaker tariff (BLNBSS1) to the export component.,
essential:BLNBEX1|assigned_with|essential:BLNBSS1|essential-price-list-and-explanatory-notes-2026-27,essential:BLNBEX1,assigned_with,essential:BLNBSS1,2026-27,essential-price-list-and-explanatory-notes-2026-27,pdf:p4,Default tariff assigned with LV Small Business Sun Soaker tariff (BLNBSS1) to the export component.,
essential:BLNBSS1|export_companion|essential:BLNBEX1|essential-2024-25-nuos-price-list-20may2024,essential:BLNBSS1,export_companion,essential:BLNBEX1,2024-25,essential-2024-25-nuos-price-list-20may2024,xlsx:Tariff Details!C13,"Compulsory to have the LV Small Business Solar Export tariff, BLNREX1, applied to the export meter if one exists.","Document names the export tariff 'BLNREX1', a code not in any price list; the LV Small Business Solar Export tariff priced in the same document is BLNBEX1."
essential:BLNBSS1|export_companion|essential:BLNBEX1|essential-price-list-and-explanatory-notes-2024-25,essential:BLNBSS1,export_companion,essential:BLNBEX1,2024-25,essential-price-list-and-explanatory-notes-2024-25,pdf:p3,"Compulsory to have the LV Small Business Solar Export tariff, BLNREX1, applied to the export meter if one exists.","Document names the export tariff 'BLNREX1', a code not in any price list; the LV Small Business Solar Export tariff priced in the same document is BLNBEX1."
essential:BLNBSS1|export_companion|essential:BLNBEX1|essential-price-list-and-explanatory-notes-2025-26,essential:BLNBSS1,export_companion,essential:BLNBEX1,2025-26,essential-price-list-and-explanatory-notes-2025-26,pdf:p3,"Compulsory to have the LV Small Business Solar Export tariff, BLNBEX1, applied to the export meter if one exists.",
essential:BLNBSS1|export_companion|essential:BLNBEX1|essential-price-list-and-explanatory-notes-2026-27,essential:BLNBSS1,export_companion,essential:BLNBEX1,2026-27,essential-price-list-and-explanatory-notes-2026-27,pdf:p3,"Compulsory to have the LV Small Business Solar Export tariff, BLNBEX1, applied to the export meter if one exists.",
essential:BLND1AB|export_companion|essential:BLNE22AU|essential-price-list-and-explanatory-notes-2024-25,essential:BLND1AB,export_companion,essential:BLNE22AU,2024-25,essential-price-list-and-explanatory-notes-2024-25,pdf:p4,BLNE22AU Business Anytime Export Default Export tariff for Business premises that are greater than 160 MWh. Opt in Export tariff for Small Business premises with a net meter. Only available when the primary tariff is the Small Business Demand - Opt in (BLND1AB),BLNE22AU is opt-in for small business only with BLND1AB; it is the default export tariff for business premises > 160 MWh.
essential:BLND1AB|export_companion|essential:BLNE22AU|essential-price-list-and-explanatory-notes-2025-26,essential:BLND1AB,export_companion,essential:BLNE22AU,2025-26,essential-price-list-and-explanatory-notes-2025-26,pdf:p4,BLNE22AU Business Anytime Export Default Export tariff for Business premises that are greater than 160 MWh. Opt in Export tariff for Small Business premises with a net meter. Only available when the primary tariff is the Small Business Demand - Opt in (BLND1AB),BLNE22AU is opt-in for small business only with BLND1AB; it is the default export tariff for business premises > 160 MWh.
essential:BLND1AB|export_companion|essential:BLNE22AU|essential-price-list-and-explanatory-notes-2026-27,essential:BLND1AB,export_companion,essential:BLNE22AU,2026-27,essential-price-list-and-explanatory-notes-2026-27,pdf:p4,BLNE22AU Business Anytime Export Default Export tariff for Business premises that are greater than 160 MWh. Opt in Export tariff for Small Business premises with a net meter. Only available when the primary tariff is the Small Business Demand - Opt in (BLND1AB),BLNE22AU is opt-in for small business only with BLND1AB; it is the default export tariff for business premises > 160 MWh.
essential:BLND1AR|export_companion|essential:BLNE23AU|essential-price-list-and-explanatory-notes-2024-25,essential:BLND1AR,export_companion,essential:BLNE23AU,2024-25,essential-price-list-and-explanatory-notes-2024-25,pdf:p4,BLNE23AU Residential Anytime Export Opt in Export tariff for Residential premises with a net meter. Only available when the primary tariff is the Residential Demand - Opt in (BLND1AR),
essential:BLND1AR|export_companion|essential:BLNE23AU|essential-price-list-and-explanatory-notes-2025-26,essential:BLND1AR,export_companion,essential:BLNE23AU,2025-26,essential-price-list-and-explanatory-notes-2025-26,pdf:p4,BLNE23AU Residential Anytime Export Opt in Export tariff for Residential premises with a net meter. Only available when the primary tariff is the Residential Demand - Opt in (BLND1AR),
essential:BLND1AR|export_companion|essential:BLNE23AU|essential-price-list-and-explanatory-notes-2026-27,essential:BLND1AR,export_companion,essential:BLNE23AU,2026-27,essential-price-list-and-explanatory-notes-2026-27,pdf:p4,BLNE23AU Residential Anytime Export Opt in Export tariff for Residential premises with a net meter. Only available when the primary tariff is the Residential Demand - Opt in (BLND1AR),
essential:BLND1CO|replaced_by|essential:BLND3AO|essential-2023-24-network-price-list-31mar2023,essential:BLND1CO,replaced_by,essential:BLND3AO,2023-24,essential-2023-24-network-price-list-31mar2023,xlsx:Price List_Excl GST!M51,New customers should be connected on BLND3AO.,
essential:BLND1NO|replaced_by|essential:BLND3AO|essential-2023-24-network-price-list-31mar2023,essential:BLND1NO,replaced_by,essential:BLND3AO,2023-24,essential-2023-24-network-price-list-31mar2023,xlsx:Price List_Excl GST!M51,New customers should be connected on BLND3AO.,
essential:BLND1SR|replaced_by|essential:BLND3AO|essential-2023-24-network-price-list-31mar2023,essential:BLND1SR,replaced_by,essential:BLND3AO,2023-24,essential-2023-24-network-price-list-31mar2023,xlsx:Price List_Excl GST!M52,New customers should be connected on BLND3AO.,
essential:BLND1SU|replaced_by|essential:BLND3AO|essential-2023-24-network-price-list-31mar2023,essential:BLND1SU,replaced_by,essential:BLND3AO,2023-24,essential-2023-24-network-price-list-31mar2023,xlsx:Price List_Excl GST!M53,New customers should be connected on BLND3AO.,
essential:BLNDTRS|same_prices_as|essential:BLND3AO|essential-2024-25-nuos-price-list-20may2024,essential:BLNDTRS,same_prices_as,essential:BLND3AO,2024-25,essential-2024-25-nuos-price-list-20may2024,xlsx:Tariff Details!C45,"Obsolete tariff, this tariff has now completed the 5 year transition to the rates of BLND3AO.",
essential:BLNDTRS|same_prices_as|essential:BLND3AO|essential-price-list-and-explanatory-notes-2024-25,essential:BLNDTRS,same_prices_as,essential:BLND3AO,2024-25,essential-price-list-and-explanatory-notes-2024-25,pdf:p4,Obsolete tariff. This tariff has now completed the 5 year transition to align rates with BLND3AO.,
essential:BLNN3AO|same_prices_as|essential:BLNP1AO|essential-2023-24-network-price-list-31mar2023,essential:BLNN3AO,same_prices_as,essential:BLNP1AO,2023-24,essential-2023-24-network-price-list-31mar2023,xlsx:Price List_Excl GST!C36,BLNN3AO,"BLNN3AO is listed in column C ('Obsolete tariffs on same rate', header C5) on the BLNP1AO row."
essential:BLNREX2|assigned_with|essential:BLNRSS2|essential-2024-25-nuos-price-list-20may2024,essential:BLNREX2,assigned_with,essential:BLNRSS2,2024-25,essential-2024-25-nuos-price-list-20may2024,xlsx:Tariff Details!C24,Default tariff assigned with LV Residential ToU_Sun Soaker tariff (BLNRSS2) to the export component.,
essential:BLNREX2|assigned_with|essential:BLNRSS2|essential-price-list-and-explanatory-notes-2024-25,essential:BLNREX2,assigned_with,essential:BLNRSS2,2024-25,essential-price-list-and-explanatory-notes-2024-25,pdf:p3,Default tariff assigned with LV Residential Sun Soaker tariff (BLNRSS2) to the export component.,
essential:BLNREX2|assigned_with|essential:BLNRSS2|essential-price-list-and-explanatory-notes-2025-26,essential:BLNREX2,assigned_with,essential:BLNRSS2,2025-26,essential-price-list-and-explanatory-notes-2025-26,pdf:p4,Default tariff assigned with LV Residential Sun Soaker tariff (BLNRSS2) to the export component.,
essential:BLNREX2|assigned_with|essential:BLNRSS2|essential-price-list-and-explanatory-notes-2026-27,essential:BLNREX2,assigned_with,essential:BLNRSS2,2026-27,essential-price-list-and-explanatory-notes-2026-27,pdf:p4,Default tariff assigned with LV Residential Sun Soaker tariff (BLNRSS2) to the export component.,
essential:BLNRSS2|export_companion|essential:BLNREX2|essential-2024-25-nuos-price-list-20may2024,essential:BLNRSS2,export_companion,essential:BLNREX2,2024-25,essential-2024-25-nuos-price-list-20may2024,xlsx:Tariff Details!C6,"Compulsory to have the Residential export tariff, BLNREX2, applied to the export meter if one exists.",
essential:BLNRSS2|export_companion|essential:BLNREX2|essential-price-list-and-explanatory-notes-2024-25,essential:BLNRSS2,export_companion,essential:BLNREX2,2024-25,essential-price-list-and-explanatory-notes-2024-25,pdf:p3,"Compulsory to have the Residential export tariff, BLNREX2, applied to the export meter if one exists.",
essential:BLNRSS2|export_companion|essential:BLNREX2|essential-price-list-and-explanatory-notes-2025-26,essential:BLNRSS2,export_companion,essential:BLNREX2,2025-26,essential-price-list-and-explanatory-notes-2025-26,pdf:p3,"Compulsory to have the Residential export tariff, BLNREX2, applied to the export meter if one exists.",
essential:BLNRSS2|export_companion|essential:BLNREX2|essential-price-list-and-explanatory-notes-2026-27,essential:BLNRSS2,export_companion,essential:BLNREX2,2026-27,essential-price-list-and-explanatory-notes-2026-27,pdf:p3,"Compulsory to have the Residential export tariff, BLNREX2, applied to the export meter if one exists.",
essential:BLNT1SU|replaced_by|essential:BLNT1AO|essential-2023-24-network-price-list-31mar2023,essential:BLNT1SU,replaced_by,essential:BLNT1AO,2023-24,essential-2023-24-network-price-list-31mar2023,xlsx:Price List_Excl GST!M50,New customers should be connected on BLNT1AO,
evoenergy:025|opt_out_alternative|evoenergy:015|evoenergy-statement-of-tariff-classes-and-tariffs-2023-24,evoenergy:025,opt_out_alternative,evoenergy:015,2023-24,evoenergy-statement-of-tariff-classes-and-tariffs-2023-24,pdf:p11,"New residential customers are currently assigned by default to the Residential kW Demand tariff, with the ability to opt-out to the Residential Time-of-Use (TOU) tariff.",
jemena:A180|assigned_with|jemena:A100|jemena-2023-24-network-tariff-schedule-31mar2023,jemena:A180,assigned_with,jemena:A100,2023-24,jemena-2023-24-network-tariff-schedule-31mar2023,pdf:p1,"A180 Off Peak Heating Only (dedicated circuit) Available as a complementary tariff to the ""Residential Single Rate"" A100 tariff only",
jemena:A180|assigned_with|jemena:A100|jemena-2024-25-network-tariff-schedule-28mar2024,jemena:A180,assigned_with,jemena:A100,2024-25,jemena-2024-25-network-tariff-schedule-28mar2024,pdf:p1,"A180 Off Peak Heating Only (dedicated circuit) Available as a complementary tariff to the ""Residential Single Rate"" A100 tariff only",
jemena:A180|assigned_with|jemena:A100|jemena-network-tariff-schedule-2023-24,jemena:A180,assigned_with,jemena:A100,2023-24,jemena-network-tariff-schedule-2023-24,pdf:p1,"A180 Off Peak Heating Only (dedicated circuit) Available as a complementary tariff to the ""Residential Single Rate"" A100 tariff only",
jemena:A180|assigned_with|jemena:A100|jemena-network-tariff-schedule-2024-25,jemena:A180,assigned_with,jemena:A100,2024-25,jemena-network-tariff-schedule-2024-25,pdf:p1,"A180 Off Peak Heating Only (dedicated circuit) Available as a complementary tariff to the ""Residential Single Rate"" A100 tariff only",
jemena:A180|assigned_with|jemena:A100|jemena-network-tariff-schedule-2025-26,jemena:A180,assigned_with,jemena:A100,2025-26,jemena-network-tariff-schedule-2025-26,pdf:p1,"A180 Off Peak Heating Only (dedicated circuit) Available as a complementary tariff to the ""Residential Single Rate"" A100 tariff only",
jemena:A180|assigned_with|jemena:A100|jemena-network-tariff-schedule-2026-27,jemena:A180,assigned_with,jemena:A100,2026-27,jemena-network-tariff-schedule-2026-27,pdf:p1,"A180 Off-peak Heating Only (dedicated circuit) Available as a complementary tariff to the ""Residential Single Rate"" A100 tariff only",
jemena:F100|replaced_by|jemena:A100|jemena-network-tariff-schedule-2025-26,jemena:F100,replaced_by,jemena:A100,2025-26,jemena-network-tariff-schedule-2025-26,pdf:p10,"Tariffs starting with ""F"" were tariffs that previously attracted the premium feed-in tariff rebate. These tariffs ended on 1 November 2024 and all customers that were previously on PfiT tariffs have been moved to the corresponding A tariff.","Each F tariff maps to the A tariff with the same digits (the 'corresponding A tariff'); this document prints no F codes, the pairing (e.g. 'A100 / F100') is printed in the 2023-24 and 2024-25 schedules."
jemena:F10D|replaced_by|jemena:A10D|jemena-network-tariff-schedule-2025-26,jemena:F10D,replaced_by,jemena:A10D,2025-26,jemena-network-tariff-schedule-2025-26,pdf:p10,"Tariffs starting with ""F"" were tariffs that previously attracted the premium feed-in tariff rebate. These tariffs ended on 1 November 2024 and all customers that were previously on PfiT tariffs have been moved to the corresponding A tariff.","Each F tariff maps to the A tariff with the same digits (the 'corresponding A tariff'); this document prints no F codes, the pairing (e.g. 'A100 / F100') is printed in the 2023-24 and 2024-25 schedules."
jemena:F120|replaced_by|jemena:A120|jemena-network-tariff-schedule-2025-26,jemena:F120,replaced_by,jemena:A120,2025-26,jemena-network-tariff-schedule-2025-26,pdf:p10,"Tariffs starting with ""F"" were tariffs that previously attracted the premium feed-in tariff rebate. These tariffs ended on 1 November 2024 and all customers that were previously on PfiT tariffs have been moved to the corresponding A tariff.","Each F tariff maps to the A tariff with the same digits (the 'corresponding A tariff'); this document prints no F codes, the pairing (e.g. 'A100 / F100') is printed in the 2023-24 and 2024-25 schedules."
jemena:F200|replaced_by|jemena:A200|jemena-network-tariff-schedule-2025-26,jemena:F200,replaced_by,jemena:A200,2025-26,jemena-network-tariff-schedule-2025-26,pdf:p10,"Tariffs starting with ""F"" were tariffs that previously attracted the premium feed-in tariff rebate. These tariffs ended on 1 November 2024 and all customers that were previously on PfiT tariffs have been moved to the corresponding A tariff.","Each F tariff maps to the A tariff with the same digits (the 'corresponding A tariff'); this document prints no F codes, the pairing (e.g. 'A100 / F100') is printed in the 2023-24 and 2024-25 schedules."
jemena:F20D|replaced_by|jemena:A20D|jemena-network-tariff-schedule-2025-26,jemena:F20D,replaced_by,jemena:A20D,2025-26,jemena-network-tariff-schedule-2025-26,pdf:p10,"Tariffs starting with ""F"" were tariffs that previously attracted the premium feed-in tariff rebate. These tariffs ended on 1 November 2024 and all customers that were previously on PfiT tariffs have been moved to the corresponding A tariff.","Each F tariff maps to the A tariff with the same digits (the 'corresponding A tariff'); this document prints no F codes, the pairing (e.g. 'A100 / F100') is printed in the 2023-24 and 2024-25 schedules."
jemena:F210|replaced_by|jemena:A210|jemena-network-tariff-schedule-2025-26,jemena:F210,replaced_by,jemena:A210,2025-26,jemena-network-tariff-schedule-2025-26,pdf:p10,"Tariffs starting with ""F"" were tariffs that previously attracted the premium feed-in tariff rebate. These tariffs ended on 1 November 2024 and all customers that were previously on PfiT tariffs have been moved to the corresponding A tariff.","Each F tariff maps to the A tariff with the same digits (the 'corresponding A tariff'); this document prints no F codes, the pairing (e.g. 'A100 / F100') is printed in the 2023-24 and 2024-25 schedules."
jemena:F230|replaced_by|jemena:A230|jemena-network-tariff-schedule-2025-26,jemena:F230,replaced_by,jemena:A230,2025-26,jemena-network-tariff-schedule-2025-26,pdf:p10,"Tariffs starting with ""F"" were tariffs that previously attracted the premium feed-in tariff rebate. These tariffs ended on 1 November 2024 and all customers that were previously on PfiT tariffs have been moved to the corresponding A tariff.","Each F tariff maps to the A tariff with the same digits (the 'corresponding A tariff'); this document prints no F codes, the pairing (e.g. 'A100 / F100') is printed in the 2023-24 and 2024-25 schedules."
jemena:F23N|replaced_by|jemena:A23N|jemena-network-tariff-schedule-2025-26,jemena:F23N,replaced_by,jemena:A23N,2025-26,jemena-network-tariff-schedule-2025-26,pdf:p10,"Tariffs starting with ""F"" were tariffs that previously attracted the premium feed-in tariff rebate. These tariffs ended on 1 November 2024 and all customers that were previously on PfiT tariffs have been moved to the corresponding A tariff.","Each F tariff maps to the A tariff with the same digits (the 'corresponding A tariff'); this document prints no F codes, the pairing (e.g. 'A100 / F100') is printed in the 2023-24 and 2024-25 schedules."
jemena:F270|replaced_by|jemena:A270|jemena-network-tariff-schedule-2025-26,jemena:F270,replaced_by,jemena:A270,2025-26,jemena-network-tariff-schedule-2025-26,pdf:p10,"Tariffs starting with ""F"" were tariffs that previously attracted the premium feed-in tariff rebate. These tariffs ended on 1 November 2024 and all customers that were previously on PfiT tariffs have been moved to the corresponding A tariff.","Each F tariff maps to the A tariff with the same digits (the 'corresponding A tariff'); this document prints no F codes, the pairing (e.g. 'A100 / F100') is printed in the 2023-24 and 2024-25 schedules."
jemena:F300|replaced_by|jemena:A300|jemena-network-tariff-schedule-2025-26,jemena:F300,replaced_by,jemena:A300,2025-26,jemena-network-tariff-schedule-2025-26,pdf:p10,"Tariffs starting with ""F"" were tariffs that previously attracted the premium feed-in tariff rebate. These tariffs ended on 1 November 2024 and all customers that were previously on PfiT tariffs have been moved to the corresponding A tariff.","Each F tariff maps to the A tariff with the same digits (the 'corresponding A tariff'); this document prints no F codes, the pairing (e.g. 'A100 / F100') is printed in the 2023-24 and 2024-25 schedules."
powercor:NDM|opt_out_alternative|powercor:NDMO21|powercor-pricing-proposal-2024-25-28mar2024-wayback,powercor:NDM,opt_out_alternative,powercor:NDMO21,2024-25,powercor-pricing-proposal-2024-25-28mar2024-wayback,pdf:p11,NDM customers consuming less than 160 MWh pa can opt out of the demand tariff to NDMO21,
powercor:NDM|opt_out_alternative|powercor:NDMO21|powercor-pricing-proposal-2025-26-31mar2025-wayback,powercor:NDM,opt_out_alternative,powercor:NDMO21,2025-26,powercor-pricing-proposal-2025-26-31mar2025-wayback,pdf:p7,NDM customers consuming less than 160 MWh pa can opt out of the demand tariff to NDMO21,
powercor:NDM|opt_out_alternative|powercor:NDMO21|powercor-pricing-proposal-2026-27-07may2026,powercor:NDM,opt_out_alternative,powercor:NDMO21,2026-27,powercor-pricing-proposal-2026-27-07may2026,pdf:p8,NDM customers consuming less than 160 MWh pa can opt out of the demand tariff to NDMO21,the 2026-27 Tariff Summary lists the medium business opt-out tariff as NDMO
powerwater:TARIFF3|replaced_by|powerwater:TARIFF3A|pwc-2024-25-pricing-proposal-8may2024,powerwater:TARIFF3,replaced_by,powerwater:TARIFF3A,2024-25,pwc-2024-25-pricing-proposal-8may2024,pdf:p14,"The time of use energy charge only applies to our tariff 3 customers, covering tariffs 3a, 3b and 3c",pdf:p5 (executive summary): 'Tariff 3 is segmented into three individual tariffs to better reflect the NT’s customer base and cost-to-serve for these cohorts.'
powerwater:TARIFF3|replaced_by|powerwater:TARIFF3B|pwc-2024-25-pricing-proposal-8may2024,powerwater:TARIFF3,replaced_by,powerwater:TARIFF3B,2024-25,pwc-2024-25-pricing-proposal-8may2024,pdf:p14,"The time of use energy charge only applies to our tariff 3 customers, covering tariffs 3a, 3b and 3c",pdf:p5 (executive summary): 'Tariff 3 is segmented into three individual tariffs to better reflect the NT’s customer base and cost-to-serve for these cohorts.'
powerwater:TARIFF3|replaced_by|powerwater:TARIFF3C|pwc-2024-25-pricing-proposal-8may2024,powerwater:TARIFF3,replaced_by,powerwater:TARIFF3C,2024-25,pwc-2024-25-pricing-proposal-8may2024,pdf:p14,"The time of use energy charge only applies to our tariff 3 customers, covering tariffs 3a, 3b and 3c",pdf:p5 (executive summary): 'Tariff 3 is segmented into three individual tariffs to better reflect the NT’s customer base and cost-to-serve for these cohorts.'
powerwater:TARIFF7|replaced_by|powerwater:TARIFF6|pwc-2024-25-pricing-proposal-8may2024,powerwater:TARIFF7,replaced_by,powerwater:TARIFF6,2024-25,pwc-2024-25-pricing-proposal-8may2024,pdf:p6,"the proposed alignment of the two HV tariffs, tariff 6 (HV consuming less than 750MWh’s annually) and tariff 7 (HV consuming above 750MWh’s annually)",pdf:p5: 'Combined our two high voltage (HV) tariffs into one'; pdf:p13: 'Customers connected to the High Voltage network (at a voltage of 11 kilovolts (kV) or higher) will be assigned to Tariff 6.'
sapn:B2R|aer_sibling_code|sapn:B2RNE|aer-consolidated-2025-26-v5,sapn:B2R,aer_sibling_code,sapn:B2RNE,2025-26,aer-consolidated-2025-26-v5,xlsx:Tariff schedule!F1029,B2RNE,printed in the AER '>30kW' column of the B2R row
sapn:B2R|aer_sibling_code|sapn:B2RNE|aer-consolidated-2026-27-v5,sapn:B2R,aer_sibling_code,sapn:B2RNE,2026-27,aer-consolidated-2026-27-v5,xlsx:Tariff schedule!F1029,B2RNE,printed in the AER '>30kW' column of the B2R row
sapn:BSR|aer_sibling_code|sapn:BSRNE|aer-consolidated-2025-26-v5,sapn:BSR,aer_sibling_code,sapn:BSRNE,2025-26,aer-consolidated-2025-26-v5,xlsx:Tariff schedule!F1028,BSRNE,printed in the AER '>30kW' column of the BSR row
sapn:BSR|aer_sibling_code|sapn:BSRNE|aer-consolidated-2026-27-v5,sapn:BSR,aer_sibling_code,sapn:BSRNE,2026-27,aer-consolidated-2026-27-v5,xlsx:Tariff schedule!F1028,BSRNE,printed in the AER '>30kW' column of the BSR row
sapn:HVAD500|aer_sibling_code|sapn:HVAD500CBD|aer-consolidated-2025-26-v5,sapn:HVAD500,aer_sibling_code,sapn:HVAD500CBD,2025-26,aer-consolidated-2025-26-v5,xlsx:Tariff schedule!E1040,HVAD500CBD,printed in the AER 'Code CBD' column of the HVAD500 row
sapn:HVAD500|aer_sibling_code|sapn:HVAD500CBD|aer-consolidated-2026-27-v5,sapn:HVAD500,aer_sibling_code,sapn:HVAD500CBD,2026-27,aer-consolidated-2026-27-v5,xlsx:Tariff schedule!E1040,HVAD500CBD,printed in the AER 'Code CBD' column of the HVAD500 row
sapn:HVADF|aer_sibling_code|sapn:HVADFCBD|aer-consolidated-2025-26-v5,sapn:HVADF,aer_sibling_code,sapn:HVADFCBD,2025-26,aer-consolidated-2025-26-v5,xlsx:Tariff schedule!E1039,HVADFCBD,printed in the AER 'Code CBD' column of the HVADF row
sapn:HVADF|aer_sibling_code|sapn:HVADFCBD|aer-consolidated-2026-27-v5,sapn:HVADF,aer_sibling_code,sapn:HVADFCBD,2026-27,aer-consolidated-2026-27-v5,xlsx:Tariff schedule!E1039,HVADFCBD,printed in the AER 'Code CBD' column of the HVADF row
sapn:HVAD|aer_sibling_code|sapn:HVADCBD|aer-consolidated-2025-26-v5,sapn:HVAD,aer_sibling_code,sapn:HVADCBD,2025-26,aer-consolidated-2025-26-v5,xlsx:Tariff schedule!E1038,HVADCBD,printed in the AER 'Code CBD' column of the HVAD row
sapn:HVAD|aer_sibling_code|sapn:HVADCBD|aer-consolidated-2026-27-v5,sapn:HVAD,aer_sibling_code,sapn:HVADCBD,2026-27,aer-consolidated-2026-27-v5,xlsx:Tariff schedule!E1038,HVADCBD,printed in the AER 'Code CBD' column of the HVAD row
sapn:HVBGF|aer_sibling_code|sapn:HVBGFCBD|aer-consolidated-2026-27-v5,sapn:HVBGF,aer_sibling_code,sapn:HVBGFCBD,2026-27,aer-consolidated-2026-27-v5,xlsx:Tariff schedule!E1051,HVBGFCBD,printed in the AER 'Code CBD' column of the HVBGF row
sapn:HVBGF|aer_sibling_code|sapn:HVBGFSA|aer-consolidated-2025-26-v5,sapn:HVBGF,aer_sibling_code,sapn:HVBGFSA,2025-26,aer-consolidated-2025-26-v5,xlsx:Tariff schedule!E1051,HVBGFSA,printed in the AER 'Code CBD' column of the HVBGF row
sapn:HVBG|aer_sibling_code|sapn:HVBGCBD|aer-consolidated-2025-26-v5,sapn:HVBG,aer_sibling_code,sapn:HVBGCBD,2025-26,aer-consolidated-2025-26-v5,xlsx:Tariff schedule!E1050,HVBGCBD,printed in the AER 'Code CBD' column of the HVBG row
sapn:HVBG|aer_sibling_code|sapn:HVBGCBD|aer-consolidated-2026-27-v5,sapn:HVBG,aer_sibling_code,sapn:HVBGCBD,2026-27,aer-consolidated-2026-27-v5,xlsx:Tariff schedule!E1050,HVBGCBD,printed in the AER 'Code CBD' column of the HVBG row
sapn:HVMD|aer_sibling_code|sapn:HVMDCBD|aer-consolidated-2025-26-v5,sapn:HVMD,aer_sibling_code,sapn:HVMDCBD,2025-26,aer-consolidated-2025-26-v5,xlsx:Tariff schedule!E1041,HVMDCBD,printed in the AER 'Code CBD' column of the HVMD row
sapn:HVMD|aer_sibling_code|sapn:HVMDCBD|aer-consolidated-2026-27-v5,sapn:HVMD,aer_sibling_code,sapn:HVMDCBD,2026-27,aer-consolidated-2026-27-v5,xlsx:Tariff schedule!E1041,HVMDCBD,printed in the AER 'Code CBD' column of the HVMD row
sapn:LBADF|aer_sibling_code|sapn:LBADFCBD|aer-consolidated-2025-26-v5,sapn:LBADF,aer_sibling_code,sapn:LBADFCBD,2025-26,aer-consolidated-2025-26-v5,xlsx:Tariff schedule!E1035,LBADFCBD,printed in the AER 'Code CBD' column of the LBADF row
sapn:LBADF|aer_sibling_code|sapn:LBADFCBD|aer-consolidated-2026-27-v5,sapn:LBADF,aer_sibling_code,sapn:LBADFCBD,2026-27,aer-consolidated-2026-27-v5,xlsx:Tariff schedule!E1035,LBADFCBD,printed in the AER 'Code CBD' column of the LBADF row
sapn:LBAD|aer_sibling_code|sapn:LBADCBD|aer-consolidated-2025-26-v5,sapn:LBAD,aer_sibling_code,sapn:LBADCBD,2025-26,aer-consolidated-2025-26-v5,xlsx:Tariff schedule!E1034,LBADCBD,printed in the AER 'Code CBD' column of the LBAD row
sapn:LBAD|aer_sibling_code|sapn:LBADCBD|aer-consolidated-2026-27-v5,sapn:LBAD,aer_sibling_code,sapn:LBADCBD,2026-27,aer-consolidated-2026-27-v5,xlsx:Tariff schedule!E1034,LBADCBD,printed in the AER 'Code CBD' column of the LBAD row
sapn:LBGF|aer_sibling_code|sapn:LBGFCBD|aer-consolidated-2026-27-v5,sapn:LBGF,aer_sibling_code,sapn:LBGFCBD,2026-27,aer-consolidated-2026-27-v5,xlsx:Tariff schedule!E1049,LBGFCBD,printed in the AER 'Code CBD' column of the LBGF row
sapn:LBGF|aer_sibling_code|sapn:LBGFSA|aer-consolidated-2025-26-v5,sapn:LBGF,aer_sibling_code,sapn:LBGFSA,2025-26,aer-consolidated-2025-26-v5,xlsx:Tariff schedule!E1049,LBGFSA,printed in the AER 'Code CBD' column of the LBGF row
sapn:LBG|aer_sibling_code|sapn:LBGCBD|aer-consolidated-2025-26-v5,sapn:LBG,aer_sibling_code,sapn:LBGCBD,2025-26,aer-consolidated-2025-26-v5,xlsx:Tariff schedule!E1048,LBGCBD,printed in the AER 'Code CBD' column of the LBG row
sapn:LBG|aer_sibling_code|sapn:LBGCBD|aer-consolidated-2026-27-v5,sapn:LBG,aer_sibling_code,sapn:LBGCBD,2026-27,aer-consolidated-2026-27-v5,xlsx:Tariff schedule!E1048,LBGCBD,printed in the AER 'Code CBD' column of the LBG row
sapn:LBMD|aer_sibling_code|sapn:LBMDCBD|aer-consolidated-2025-26-v5,sapn:LBMD,aer_sibling_code,sapn:LBMDCBD,2025-26,aer-consolidated-2025-26-v5,xlsx:Tariff schedule!E1036,LBMDCBD,printed in the AER 'Code CBD' column of the LBMD row
sapn:LBMD|aer_sibling_code|sapn:LBMDCBD|aer-consolidated-2026-27-v5,sapn:LBMD,aer_sibling_code,sapn:LBMDCBD,2026-27,aer-consolidated-2026-27-v5,xlsx:Tariff schedule!E1036,LBMDCBD,printed in the AER 'Code CBD' column of the LBMD row
sapn:MBTOUD|aer_sibling_code|sapn:MBTOUDNE|aer-consolidated-2025-26-v5,sapn:MBTOUD,aer_sibling_code,sapn:MBTOUDNE,2025-26,aer-consolidated-2025-26-v5,xlsx:Tariff schedule!F1032,MBTOUDNE,printed in the AER '>30kW' column of the MBTOUD row
sapn:MBTOUD|aer_sibling_code|sapn:MBTOUDNE|aer-consolidated-2026-27-v5,sapn:MBTOUD,aer_sibling_code,sapn:MBTOUDNE,2026-27,aer-consolidated-2026-27-v5,xlsx:Tariff schedule!F1032,MBTOUDNE,printed in the AER '>30kW' column of the MBTOUD row
sapn:RESELE|aer_sibling_code|sapn:RESELENE|aer-consolidated-2025-26-v5,sapn:RESELE,aer_sibling_code,sapn:RESELENE,2025-26,aer-consolidated-2025-26-v5,xlsx:Tariff schedule!F1024,RESELENE,printed in the AER '>30kW' column of the RESELE row
sapn:RESELE|aer_sibling_code|sapn:RESELENE|aer-consolidated-2026-27-v5,sapn:RESELE,aer_sibling_code,sapn:RESELENE,2026-27,aer-consolidated-2026-27-v5,xlsx:Tariff schedule!F1024,RESELENE,printed in the AER '>30kW' column of the RESELE row
sapn:RPRO|replaced_by|sapn:RESELE|sapn-2025-26-pricing-proposal-overview-14may2025,sapn:RPRO,replaced_by,sapn:RESELE,2025-26,sapn-2025-26-pricing-proposal-overview-14may2025,pdf:p4,Residential Electrify: This was a trial tariff in the 2024-25 period that will be implemented as a customer choice tariff designed for customers who can shift their energy use to off-peak times. It has stronger pricing signals than the default Residential Time of Use tariff and replaces the Residential Prosumer tariff.,"The NUoS code table (Table 9, pdf:p37) gives 'RESELE RESELE RESELENE Residential Electrify'; the document does not print the code RPRO (Residential Prosumer is code RPRO in the 2024-25 proposal)."
sapn:RPRO|replaced_by|sapn:RESELE|sapn-initial-pricing-proposal-overview-2025-26-id333252,sapn:RPRO,replaced_by,sapn:RESELE,2025-26,sapn-initial-pricing-proposal-overview-2025-26-id333252,pdf:p4,Residential Electrify: This was a trial tariff in the 2024-25 period that will be implemented as a customer choice tariff designed for customers who can shift their energy use to off-peak times. It has stronger pricing signals than the default Residential Time of Use tariff and replaces the Residential Prosumer tariff.,"The NUoS code table (Table 9, pdf:p37) gives 'RESELE RESELE RESELENE Residential Electrify'; the document does not print the code RPRO (Residential Prosumer is code RPRO in the 2024-25 proposal)."
sapn:RPRO|replaced_by|sapn:RTOU|sapn-2024-25-annual-pricing-proposal-19apr2024,sapn:RPRO,replaced_by,sapn:RTOU,2024-25,sapn-2024-25-annual-pricing-proposal-19apr2024,pdf:p9,All existing RPRO customers will be reassigned to the default Residential Time of Use (RTOU) tariff effective 1 July 2025.,The document also says the RPRO tariff 'is proposed to close at 30 June 2025'.
sapn:RSR|aer_sibling_code|sapn:RSRNE|aer-consolidated-2025-26-v5,sapn:RSR,aer_sibling_code,sapn:RSRNE,2025-26,aer-consolidated-2025-26-v5,xlsx:Tariff schedule!F1022,RSRNE,printed in the AER '>30kW' column of the RSR row
sapn:RSR|aer_sibling_code|sapn:RSRNE|aer-consolidated-2026-27-v5,sapn:RSR,aer_sibling_code,sapn:RSRNE,2026-27,aer-consolidated-2026-27-v5,xlsx:Tariff schedule!F1022,RSRNE,printed in the AER '>30kW' column of the RSR row
sapn:RTOU|aer_sibling_code|sapn:RTOUNE|aer-consolidated-2025-26-v5,sapn:RTOU,aer_sibling_code,sapn:RTOUNE,2025-26,aer-consolidated-2025-26-v5,xlsx:Tariff schedule!F1023,RTOUNE,printed in the AER '>30kW' column of the RTOU row
sapn:RTOU|aer_sibling_code|sapn:RTOUNE|aer-consolidated-2026-27-v5,sapn:RTOU,aer_sibling_code,sapn:RTOUNE,2026-27,aer-consolidated-2026-27-v5,xlsx:Tariff schedule!F1023,RTOUNE,printed in the AER '>30kW' column of the RTOU row
sapn:SBELE|aer_sibling_code|sapn:SBELENE|aer-consolidated-2025-26-v5,sapn:SBELE,aer_sibling_code,sapn:SBELENE,2025-26,aer-consolidated-2025-26-v5,xlsx:Tariff schedule!F1031,SBELENE,printed in the AER '>30kW' column of the SBELE row
sapn:SBELE|aer_sibling_code|sapn:SBELENE|aer-consolidated-2026-27-v5,sapn:SBELE,aer_sibling_code,sapn:SBELENE,2026-27,aer-consolidated-2026-27-v5,xlsx:Tariff schedule!F1031,SBELENE,printed in the AER '>30kW' column of the SBELE row
sapn:SBTOU|aer_sibling_code|sapn:SBTOUNE|aer-consolidated-2025-26-v5,sapn:SBTOU,aer_sibling_code,sapn:SBTOUNE,2025-26,aer-consolidated-2025-26-v5,xlsx:Tariff schedule!F1030,SBTOUNE,printed in the AER '>30kW' column of the SBTOU row
sapn:SBTOU|aer_sibling_code|sapn:SBTOUNE|aer-consolidated-2026-27-v5,sapn:SBTOU,aer_sibling_code,sapn:SBTOUNE,2026-27,aer-consolidated-2026-27-v5,xlsx:Tariff schedule!F1030,SBTOUNE,printed in the AER '>30kW' column of the SBTOU row
tasnetworks:TAS22|assigned_with|tasnetworks:TAS41|tasnetworks-2023-24-network-tariff-application-and-price-guide-4apr2023,tasnetworks:TAS22,assigned_with,tasnetworks:TAS41,2023-24,tasnetworks-2023-24-network-tariff-application-and-price-guide-4apr2023,pdf:p32,This network tariff may also be used in conjunction with the following additional network tariffs: • TAS41 – uncontrolled low voltage heating and hot water;,'This network tariff' is section 8.2 'Small business low voltage general light and power (TAS22)' (same page).
tasnetworks:TAS22|assigned_with|tasnetworks:TAS61|tasnetworks-2023-24-network-tariff-application-and-price-guide-4apr2023,tasnetworks:TAS22,assigned_with,tasnetworks:TAS61,2023-24,tasnetworks-2023-24-network-tariff-application-and-price-guide-4apr2023,pdf:p32,This network tariff may also be used in conjunction with the following additional network tariffs: • TAS41 – uncontrolled low voltage heating and hot water; • TAS61 – controlled low voltage energy – off-peak with afternoon boost; and,'This network tariff' is section 8.2 'Small business low voltage general light and power (TAS22)' (same page).
tasnetworks:TAS22|assigned_with|tasnetworks:TAS63|tasnetworks-2023-24-network-tariff-application-and-price-guide-4apr2023,tasnetworks:TAS22,assigned_with,tasnetworks:TAS63,2023-24,tasnetworks-2023-24-network-tariff-application-and-price-guide-4apr2023,pdf:p32,This network tariff may also be used in conjunction with the following additional network tariffs: • TAS41 – uncontrolled low voltage heating and hot water; • TAS61 – controlled low voltage energy – off-peak with afternoon boost; and • TAS63 – controlled low voltage energy – night period only.,'This network tariff' is section 8.2 'Small business low voltage general light and power (TAS22)' (same page).
tasnetworks:TAS31|assigned_with|tasnetworks:TAS41|tasnetworks-2023-24-network-tariff-application-and-price-guide-4apr2023,tasnetworks:TAS31,assigned_with,tasnetworks:TAS41,2023-24,tasnetworks-2023-24-network-tariff-application-and-price-guide-4apr2023,pdf:p20,This network tariff may also be used in conjunction with the following additional network tariffs: • TAS41 – uncontrolled low voltage heating and hot water;,'This network tariff' is section 7.2 'Residential low voltage general light and power (TAS31)' (same page).
tasnetworks:TAS31|assigned_with|tasnetworks:TAS61|tasnetworks-2023-24-network-tariff-application-and-price-guide-4apr2023,tasnetworks:TAS31,assigned_with,tasnetworks:TAS61,2023-24,tasnetworks-2023-24-network-tariff-application-and-price-guide-4apr2023,pdf:p20,This network tariff may also be used in conjunction with the following additional network tariffs: • TAS41 – uncontrolled low voltage heating and hot water; • TAS61 – controlled low voltage energy – off-peak with afternoon boost; and,'This network tariff' is section 7.2 'Residential low voltage general light and power (TAS31)' (same page).
tasnetworks:TAS31|assigned_with|tasnetworks:TAS63|tasnetworks-2023-24-network-tariff-application-and-price-guide-4apr2023,tasnetworks:TAS31,assigned_with,tasnetworks:TAS63,2023-24,tasnetworks-2023-24-network-tariff-application-and-price-guide-4apr2023,pdf:p20,This network tariff may also be used in conjunction with the following additional network tariffs: • TAS41 – uncontrolled low voltage heating and hot water; • TAS61 – controlled low voltage energy – off-peak with afternoon boost; and • TAS63 – controlled low voltage energy – night period only.,'This network tariff' is section 7.2 'Residential low voltage general light and power (TAS31)' (same page).
tasnetworks:TAS92|assigned_with|tasnetworks:TAS63|tasnetworks-2023-24-network-tariff-application-and-price-guide-4apr2023,tasnetworks:TAS92,assigned_with,tasnetworks:TAS63,2023-24,tasnetworks-2023-24-network-tariff-application-and-price-guide-4apr2023,pdf:p28,This network tariff may be used in conjunction with TAS63 – controlled low voltage energy – night period only.,
tasnetworks:TAS93|assigned_with|tasnetworks:TAS63|tasnetworks-2023-24-network-tariff-application-and-price-guide-4apr2023,tasnetworks:TAS93,assigned_with,tasnetworks:TAS63,2023-24,tasnetworks-2023-24-network-tariff-application-and-price-guide-4apr2023,pdf:p18,This network tariff may also be used in conjunction with the network tariff TAS63 – controlled low voltage energy – night period only.,
tasnetworks:TAS93|opt_out_alternative|tasnetworks:TAS31|tasnetworks-2023-24-network-tariff-application-and-price-guide-4apr2023,tasnetworks:TAS93,opt_out_alternative,tasnetworks:TAS31,2023-24,tasnetworks-2023-24-network-tariff-application-and-price-guide-4apr2023,pdf:p18,"An installation that is supplied under this tariff may be reassigned to network tariff TAS31 – residential low voltage general light and power, provided it remains a private residential dwelling.",The guide states TAS93 installations may be reassigned to the flat TAS31; it does not call TAS31 the opt-out target of default assignment in those words.
tasnetworks:TAS94|assigned_with|tasnetworks:TAS63|tasnetworks-2023-24-network-tariff-application-and-price-guide-4apr2023,tasnetworks:TAS94,assigned_with,tasnetworks:TAS63,2023-24,tasnetworks-2023-24-network-tariff-application-and-price-guide-4apr2023,pdf:p30,This network tariff may be used in conjunction with the network tariff TAS63 – controlled low voltage energy – night period only.,
unitedenergy:LVMKW1R|opt_out_alternative|unitedenergy:LVTOU|unitedenergy-2025-26-final-pricing-31mar2025,unitedenergy:LVMKW1R,opt_out_alternative,unitedenergy:LVTOU,2025-26,unitedenergy-2025-26-final-pricing-31mar2025,pdf:p7,LVMKW1R customers consuming less than 160 MWh pa can opt out of the demand tariff to LVTOU,
unitedenergy:UMBD|opt_out_alternative|unitedenergy:UMBO|ue-pricing-proposal-2026-27-07may2026,unitedenergy:UMBD,opt_out_alternative,unitedenergy:UMBO,2026-27,ue-pricing-proposal-2026-27-07may2026,pdf:p8,UMBD customers consuming less than 160 MWh pa can opt out of the demand tariff to UMBO,
