unit,quantity,billing_period,unit_std,multiplier,calendar_factor,definition
c/day,customer,day,c/day,1,,cents per customer per day
c/kVA/day,kVA,day,c/kVA/day,1,,cents per kilovolt-ampere per day
c/kVA/month,kVA,month,c/kVA/day,,days_in_month,cents per kilovolt-ampere per month
c/kVA/period_not_stated,kVA,not_stated,,,,cents per kilovolt-ampere; no held document states the billing period
c/kVA/year,kVA,year,c/kVA/day,,days_in_year,cents per kilovolt-ampere per year
c/kVAh,kVAh,,c/kVAh,1,,cents per kilovolt-ampere-hour
c/kW/day,kW,day,c/kW/day,1,,cents per kilowatt per day
c/kW/month,kW,month,c/kW/day,,days_in_month,cents per kilowatt per month
c/kW/period_not_stated,kW,not_stated,,,,cents per kilowatt; no held document states the billing period
c/kW/year,kW,year,c/kW/day,,days_in_year,cents per kilowatt per year
c/kWh,kWh,,c/kWh,1,,cents per kilowatt-hour
c/lamp/day,lamp,day,c/lamp/day,1,,cents per lamp (watt) per day
