severity,table,row_id,distributor,fin_year,classification,document_id,source_locator,db_value,source_value,note
medium,charge,ausgrid-2023-24-annual-scs-pricing-proposal-31mar2023/EA302/DUoS/excl/pdf:p13/demand-charge-peak,ausgrid,2023-24,DB wrong,ausgrid-2023-24-annual-scs-pricing-proposal-31mar2023,"pdf:p13 Table 4.1 col under ""Capacity charge"" header","component_label=""Demand charge - Peak""; charge_type=demand","header ""Capacity charge - Peak"" (c/kW/day)",label/type: capacity column stored as demand; value correct 32.3596
medium,charge,ausgrid-2023-24-annual-scs-pricing-proposal-31mar2023/EA302/JSA/excl/pdf:p15/demand-charge-peak,ausgrid,2023-24,DB wrong,ausgrid-2023-24-annual-scs-pricing-proposal-31mar2023,"pdf:p15 Table 4.1 col under ""Capacity charge"" header","component_label=""Demand charge - Peak""; charge_type=demand","header ""Capacity charge - Peak"" (c/kW/day)",label/type: capacity column stored as demand; value correct 0.0000
medium,charge,ausgrid-2023-24-annual-scs-pricing-proposal-31mar2023/EA302/NUoS/excl/pdf:p12/demand-charge-peak,ausgrid,2023-24,DB wrong,ausgrid-2023-24-annual-scs-pricing-proposal-31mar2023,"pdf:p12 Table 4.1 col under ""Capacity charge"" header","component_label=""Demand charge - Peak""; charge_type=demand","header ""Capacity charge - Peak"" (c/kW/day)",label/type: capacity column stored as demand; value correct 33.7404
medium,charge,ausgrid-2023-24-annual-scs-pricing-proposal-31mar2023/EA302/TUoS/excl/pdf:p14/demand-charge-peak,ausgrid,2023-24,DB wrong,ausgrid-2023-24-annual-scs-pricing-proposal-31mar2023,"pdf:p14 Table 4.1 col under ""Capacity charge"" header","component_label=""Demand charge - Peak""; charge_type=demand","header ""Capacity charge - Peak"" (c/kW/day)",label/type: capacity column stored as demand; value correct 1.3809
medium,charge,ausgrid-2023-24-annual-scs-pricing-proposal-31mar2023/EA316/DUoS/excl/pdf:p13/demand-charge-peak,ausgrid,2023-24,DB wrong,ausgrid-2023-24-annual-scs-pricing-proposal-31mar2023,"pdf:p13 Table 4.1 col under ""Capacity charge"" header","component_label=""Demand charge - Peak""; charge_type=demand","header ""Capacity charge - Peak"" (c/kW/day)",label/type: capacity column stored as demand; value correct 32.3596
medium,charge,ausgrid-2023-24-annual-scs-pricing-proposal-31mar2023/EA316/JSA/excl/pdf:p15/demand-charge-peak,ausgrid,2023-24,DB wrong,ausgrid-2023-24-annual-scs-pricing-proposal-31mar2023,"pdf:p15 Table 4.1 col under ""Capacity charge"" header","component_label=""Demand charge - Peak""; charge_type=demand","header ""Capacity charge - Peak"" (c/kW/day)",label/type: capacity column stored as demand; value correct 0.0000
medium,charge,ausgrid-2023-24-annual-scs-pricing-proposal-31mar2023/EA316/NUoS/excl/pdf:p12/demand-charge-peak,ausgrid,2023-24,DB wrong,ausgrid-2023-24-annual-scs-pricing-proposal-31mar2023,"pdf:p12 Table 4.1 col under ""Capacity charge"" header","component_label=""Demand charge - Peak""; charge_type=demand","header ""Capacity charge - Peak"" (c/kW/day)",label/type: capacity column stored as demand; value correct 33.7404
medium,charge,ausgrid-2023-24-annual-scs-pricing-proposal-31mar2023/EA316/TUoS/excl/pdf:p14/demand-charge-peak,ausgrid,2023-24,DB wrong,ausgrid-2023-24-annual-scs-pricing-proposal-31mar2023,"pdf:p14 Table 4.1 col under ""Capacity charge"" header","component_label=""Demand charge - Peak""; charge_type=demand","header ""Capacity charge - Peak"" (c/kW/day)",label/type: capacity column stored as demand; value correct 1.3809
medium,charge,ausgrid-network-price-list-2024-25-wayback20250806/EA302/NUoS/excl/pdf:p1/network-demand-prices-peak,ausgrid,2024-25,DB wrong,ausgrid-network-price-list-2024-25-wayback20250806,"pdf:p1 EA302 row, column under ""Network Capacity Prices""","component_label=""Network Demand Prices - Peak""; charge_type=demand","header ""Network Capacity Prices""",label/type; value correct 40.7528
medium,charge,ausgrid-network-price-list-2025-26/EA302/NUoS/excl/pdf:p1/network-demand-prices-peak,ausgrid,2025-26,DB wrong,ausgrid-network-price-list-2025-26,"pdf:p1 EA302 row, column under ""Network Capacity Prices""","component_label=""Network Demand Prices - Peak""; charge_type=demand","header ""Network Capacity Prices""",label/type; value correct 45.3369
medium,charge,ausgrid-network-price-list-2026-27/EA302/NUoS/excl/pdf:p1/network-demand-prices-peak,ausgrid,2026-27,DB wrong,ausgrid-network-price-list-2026-27,"pdf:p1 EA302 row, column under ""Network Capacity Prices""","component_label=""Network Demand Prices - Peak""; charge_type=demand","header ""Network Capacity Prices""",label/type; value correct 48.3397
low,charge,energex-2023-24-network-price-list-27apr2023/6000/DUoS/excl/xlsx:SACS Business!E25,energex,2023-24,DB wrong (cosmetic),energex-2023-24-network-price-list-27apr2023,xlsx:SACS Business!E25,Band 1 Charge,$/day | band1 charge | network access,"header prints ""BandN Charge"" without space"
low,charge,energex-2023-24-network-price-list-27apr2023/6000/DUoS/excl/xlsx:SACS Business!F25,energex,2023-24,DB wrong (cosmetic),energex-2023-24-network-price-list-27apr2023,xlsx:SACS Business!F25,Band 2 Charge,$/day | band2 charge | network access,"header prints ""BandN Charge"" without space"
low,charge,energex-2023-24-network-price-list-27apr2023/6000/DUoS/excl/xlsx:SACS Business!G25,energex,2023-24,DB wrong (cosmetic),energex-2023-24-network-price-list-27apr2023,xlsx:SACS Business!G25,Band 3 Charge,$/day | band3 charge | network access,"header prints ""BandN Charge"" without space"
low,charge,energex-2023-24-network-price-list-27apr2023/6000/DUoS/excl/xlsx:SACS Business!H25,energex,2023-24,DB wrong (cosmetic),energex-2023-24-network-price-list-27apr2023,xlsx:SACS Business!H25,Band 4 Charge,$/day | band4 charge | network access,"header prints ""BandN Charge"" without space"
low,charge,energex-2023-24-network-price-list-27apr2023/6000/DUoS/excl/xlsx:SACS Business!I25,energex,2023-24,DB wrong (cosmetic),energex-2023-24-network-price-list-27apr2023,xlsx:SACS Business!I25,Band 5 Charge,$/day | band5 charge | network access,"header prints ""BandN Charge"" without space"
low,charge,energex-2023-24-network-price-list-27apr2023/6000/JSA/excl/xlsx:SACS Business!E57,energex,2023-24,DB wrong (cosmetic),energex-2023-24-network-price-list-27apr2023,xlsx:SACS Business!E57,Band 1 Charge,$/day | band1 charge | network access,"header prints ""BandN Charge"" without space"
low,charge,energex-2023-24-network-price-list-27apr2023/6000/JSA/excl/xlsx:SACS Business!F57,energex,2023-24,DB wrong (cosmetic),energex-2023-24-network-price-list-27apr2023,xlsx:SACS Business!F57,Band 2 Charge,$/day | band2 charge | network access,"header prints ""BandN Charge"" without space"
low,charge,energex-2023-24-network-price-list-27apr2023/6000/JSA/excl/xlsx:SACS Business!G57,energex,2023-24,DB wrong (cosmetic),energex-2023-24-network-price-list-27apr2023,xlsx:SACS Business!G57,Band 3 Charge,$/day | band3 charge | network access,"header prints ""BandN Charge"" without space"
low,charge,energex-2023-24-network-price-list-27apr2023/6000/JSA/excl/xlsx:SACS Business!H57,energex,2023-24,DB wrong (cosmetic),energex-2023-24-network-price-list-27apr2023,xlsx:SACS Business!H57,Band 4 Charge,$/day | band4 charge | network access,"header prints ""BandN Charge"" without space"
low,charge,energex-2023-24-network-price-list-27apr2023/6000/JSA/excl/xlsx:SACS Business!I57,energex,2023-24,DB wrong (cosmetic),energex-2023-24-network-price-list-27apr2023,xlsx:SACS Business!I57,Band 5 Charge,$/day | band5 charge | network access,"header prints ""BandN Charge"" without space"
low,charge,energex-2023-24-network-price-list-27apr2023/6000/TUoS/excl/xlsx:SACS Business!E41,energex,2023-24,DB wrong (cosmetic),energex-2023-24-network-price-list-27apr2023,xlsx:SACS Business!E41,Band 1 Charge,$/day | band1 charge | network access,"header prints ""BandN Charge"" without space"
low,charge,energex-2023-24-network-price-list-27apr2023/6000/TUoS/excl/xlsx:SACS Business!F41,energex,2023-24,DB wrong (cosmetic),energex-2023-24-network-price-list-27apr2023,xlsx:SACS Business!F41,Band 2 Charge,$/day | band2 charge | network access,"header prints ""BandN Charge"" without space"
low,charge,energex-2023-24-network-price-list-27apr2023/6000/TUoS/excl/xlsx:SACS Business!G41,energex,2023-24,DB wrong (cosmetic),energex-2023-24-network-price-list-27apr2023,xlsx:SACS Business!G41,Band 3 Charge,$/day | band3 charge | network access,"header prints ""BandN Charge"" without space"
low,charge,energex-2023-24-network-price-list-27apr2023/6000/TUoS/excl/xlsx:SACS Business!H41,energex,2023-24,DB wrong (cosmetic),energex-2023-24-network-price-list-27apr2023,xlsx:SACS Business!H41,Band 4 Charge,$/day | band4 charge | network access,"header prints ""BandN Charge"" without space"
low,charge,energex-2023-24-network-price-list-27apr2023/6000/TUoS/excl/xlsx:SACS Business!I41,energex,2023-24,DB wrong (cosmetic),energex-2023-24-network-price-list-27apr2023,xlsx:SACS Business!I41,Band 5 Charge,$/day | band5 charge | network access,"header prints ""BandN Charge"" without space"
low,charge,energex-2023-24-network-price-list-27apr2023/6800/DUoS/excl/xlsx:SACS Business!E26,energex,2023-24,DB wrong (cosmetic),energex-2023-24-network-price-list-27apr2023,xlsx:SACS Business!E26,Band 1 Charge,$/day | band1 charge | network access,"header prints ""BandN Charge"" without space"
low,charge,energex-2023-24-network-price-list-27apr2023/6800/DUoS/excl/xlsx:SACS Business!F26,energex,2023-24,DB wrong (cosmetic),energex-2023-24-network-price-list-27apr2023,xlsx:SACS Business!F26,Band 2 Charge,$/day | band2 charge | network access,"header prints ""BandN Charge"" without space"
low,charge,energex-2023-24-network-price-list-27apr2023/6800/DUoS/excl/xlsx:SACS Business!G26,energex,2023-24,DB wrong (cosmetic),energex-2023-24-network-price-list-27apr2023,xlsx:SACS Business!G26,Band 3 Charge,$/day | band3 charge | network access,"header prints ""BandN Charge"" without space"
low,charge,energex-2023-24-network-price-list-27apr2023/6800/DUoS/excl/xlsx:SACS Business!H26,energex,2023-24,DB wrong (cosmetic),energex-2023-24-network-price-list-27apr2023,xlsx:SACS Business!H26,Band 4 Charge,$/day | band4 charge | network access,"header prints ""BandN Charge"" without space"
low,charge,energex-2023-24-network-price-list-27apr2023/6800/DUoS/excl/xlsx:SACS Business!I26,energex,2023-24,DB wrong (cosmetic),energex-2023-24-network-price-list-27apr2023,xlsx:SACS Business!I26,Band 5 Charge,$/day | band5 charge | network access,"header prints ""BandN Charge"" without space"
low,charge,energex-2023-24-network-price-list-27apr2023/6800/JSA/excl/xlsx:SACS Business!E58,energex,2023-24,DB wrong (cosmetic),energex-2023-24-network-price-list-27apr2023,xlsx:SACS Business!E58,Band 1 Charge,$/day | band1 charge | network access,"header prints ""BandN Charge"" without space"
low,charge,energex-2023-24-network-price-list-27apr2023/6800/JSA/excl/xlsx:SACS Business!F58,energex,2023-24,DB wrong (cosmetic),energex-2023-24-network-price-list-27apr2023,xlsx:SACS Business!F58,Band 2 Charge,$/day | band2 charge | network access,"header prints ""BandN Charge"" without space"
low,charge,energex-2023-24-network-price-list-27apr2023/6800/JSA/excl/xlsx:SACS Business!G58,energex,2023-24,DB wrong (cosmetic),energex-2023-24-network-price-list-27apr2023,xlsx:SACS Business!G58,Band 3 Charge,$/day | band3 charge | network access,"header prints ""BandN Charge"" without space"
low,charge,energex-2023-24-network-price-list-27apr2023/6800/JSA/excl/xlsx:SACS Business!H58,energex,2023-24,DB wrong (cosmetic),energex-2023-24-network-price-list-27apr2023,xlsx:SACS Business!H58,Band 4 Charge,$/day | band4 charge | network access,"header prints ""BandN Charge"" without space"
low,charge,energex-2023-24-network-price-list-27apr2023/6800/JSA/excl/xlsx:SACS Business!I58,energex,2023-24,DB wrong (cosmetic),energex-2023-24-network-price-list-27apr2023,xlsx:SACS Business!I58,Band 5 Charge,$/day | band5 charge | network access,"header prints ""BandN Charge"" without space"
low,charge,energex-2023-24-network-price-list-27apr2023/6800/TUoS/excl/xlsx:SACS Business!E42,energex,2023-24,DB wrong (cosmetic),energex-2023-24-network-price-list-27apr2023,xlsx:SACS Business!E42,Band 1 Charge,$/day | band1 charge | network access,"header prints ""BandN Charge"" without space"
low,charge,energex-2023-24-network-price-list-27apr2023/6800/TUoS/excl/xlsx:SACS Business!F42,energex,2023-24,DB wrong (cosmetic),energex-2023-24-network-price-list-27apr2023,xlsx:SACS Business!F42,Band 2 Charge,$/day | band2 charge | network access,"header prints ""BandN Charge"" without space"
low,charge,energex-2023-24-network-price-list-27apr2023/6800/TUoS/excl/xlsx:SACS Business!G42,energex,2023-24,DB wrong (cosmetic),energex-2023-24-network-price-list-27apr2023,xlsx:SACS Business!G42,Band 3 Charge,$/day | band3 charge | network access,"header prints ""BandN Charge"" without space"
low,charge,energex-2023-24-network-price-list-27apr2023/6800/TUoS/excl/xlsx:SACS Business!H42,energex,2023-24,DB wrong (cosmetic),energex-2023-24-network-price-list-27apr2023,xlsx:SACS Business!H42,Band 4 Charge,$/day | band4 charge | network access,"header prints ""BandN Charge"" without space"
low,charge,energex-2023-24-network-price-list-27apr2023/6800/TUoS/excl/xlsx:SACS Business!I42,energex,2023-24,DB wrong (cosmetic),energex-2023-24-network-price-list-27apr2023,xlsx:SACS Business!I42,Band 5 Charge,$/day | band5 charge | network access,"header prints ""BandN Charge"" without space"
low,charge,energex-network-price-list-2023-24-sch8-wayback/6000/DUoS/excl/xlsx:SACS Business!E25,energex,2023-24,DB wrong (cosmetic),energex-network-price-list-2023-24-sch8-wayback,xlsx:SACS Business!E25,Band 1 Charge,$/day | band1 charge | network access,"header prints ""BandN Charge"" without space"
low,charge,energex-network-price-list-2023-24-sch8-wayback/6000/DUoS/excl/xlsx:SACS Business!F25,energex,2023-24,DB wrong (cosmetic),energex-network-price-list-2023-24-sch8-wayback,xlsx:SACS Business!F25,Band 2 Charge,$/day | band2 charge | network access,"header prints ""BandN Charge"" without space"
low,charge,energex-network-price-list-2023-24-sch8-wayback/6000/DUoS/excl/xlsx:SACS Business!G25,energex,2023-24,DB wrong (cosmetic),energex-network-price-list-2023-24-sch8-wayback,xlsx:SACS Business!G25,Band 3 Charge,$/day | band3 charge | network access,"header prints ""BandN Charge"" without space"
low,charge,energex-network-price-list-2023-24-sch8-wayback/6000/DUoS/excl/xlsx:SACS Business!H25,energex,2023-24,DB wrong (cosmetic),energex-network-price-list-2023-24-sch8-wayback,xlsx:SACS Business!H25,Band 4 Charge,$/day | band4 charge | network access,"header prints ""BandN Charge"" without space"
low,charge,energex-network-price-list-2023-24-sch8-wayback/6000/DUoS/excl/xlsx:SACS Business!I25,energex,2023-24,DB wrong (cosmetic),energex-network-price-list-2023-24-sch8-wayback,xlsx:SACS Business!I25,Band 5 Charge,$/day | band5 charge | network access,"header prints ""BandN Charge"" without space"
low,charge,energex-network-price-list-2023-24-sch8-wayback/6000/JSA/excl/xlsx:SACS Business!E57,energex,2023-24,DB wrong (cosmetic),energex-network-price-list-2023-24-sch8-wayback,xlsx:SACS Business!E57,Band 1 Charge,$/day | band1 charge | network access,"header prints ""BandN Charge"" without space"
low,charge,energex-network-price-list-2023-24-sch8-wayback/6000/JSA/excl/xlsx:SACS Business!F57,energex,2023-24,DB wrong (cosmetic),energex-network-price-list-2023-24-sch8-wayback,xlsx:SACS Business!F57,Band 2 Charge,$/day | band2 charge | network access,"header prints ""BandN Charge"" without space"
low,charge,energex-network-price-list-2023-24-sch8-wayback/6000/JSA/excl/xlsx:SACS Business!G57,energex,2023-24,DB wrong (cosmetic),energex-network-price-list-2023-24-sch8-wayback,xlsx:SACS Business!G57,Band 3 Charge,$/day | band3 charge | network access,"header prints ""BandN Charge"" without space"
low,charge,energex-network-price-list-2023-24-sch8-wayback/6000/JSA/excl/xlsx:SACS Business!H57,energex,2023-24,DB wrong (cosmetic),energex-network-price-list-2023-24-sch8-wayback,xlsx:SACS Business!H57,Band 4 Charge,$/day | band4 charge | network access,"header prints ""BandN Charge"" without space"
low,charge,energex-network-price-list-2023-24-sch8-wayback/6000/JSA/excl/xlsx:SACS Business!I57,energex,2023-24,DB wrong (cosmetic),energex-network-price-list-2023-24-sch8-wayback,xlsx:SACS Business!I57,Band 5 Charge,$/day | band5 charge | network access,"header prints ""BandN Charge"" without space"
low,charge,energex-network-price-list-2023-24-sch8-wayback/6000/TUoS/excl/xlsx:SACS Business!E41,energex,2023-24,DB wrong (cosmetic),energex-network-price-list-2023-24-sch8-wayback,xlsx:SACS Business!E41,Band 1 Charge,$/day | band1 charge | network access,"header prints ""BandN Charge"" without space"
low,charge,energex-network-price-list-2023-24-sch8-wayback/6000/TUoS/excl/xlsx:SACS Business!F41,energex,2023-24,DB wrong (cosmetic),energex-network-price-list-2023-24-sch8-wayback,xlsx:SACS Business!F41,Band 2 Charge,$/day | band2 charge | network access,"header prints ""BandN Charge"" without space"
low,charge,energex-network-price-list-2023-24-sch8-wayback/6000/TUoS/excl/xlsx:SACS Business!G41,energex,2023-24,DB wrong (cosmetic),energex-network-price-list-2023-24-sch8-wayback,xlsx:SACS Business!G41,Band 3 Charge,$/day | band3 charge | network access,"header prints ""BandN Charge"" without space"
low,charge,energex-network-price-list-2023-24-sch8-wayback/6000/TUoS/excl/xlsx:SACS Business!H41,energex,2023-24,DB wrong (cosmetic),energex-network-price-list-2023-24-sch8-wayback,xlsx:SACS Business!H41,Band 4 Charge,$/day | band4 charge | network access,"header prints ""BandN Charge"" without space"
low,charge,energex-network-price-list-2023-24-sch8-wayback/6000/TUoS/excl/xlsx:SACS Business!I41,energex,2023-24,DB wrong (cosmetic),energex-network-price-list-2023-24-sch8-wayback,xlsx:SACS Business!I41,Band 5 Charge,$/day | band5 charge | network access,"header prints ""BandN Charge"" without space"
low,charge,energex-network-price-list-2023-24-sch8-wayback/6800/DUoS/excl/xlsx:SACS Business!E26,energex,2023-24,DB wrong (cosmetic),energex-network-price-list-2023-24-sch8-wayback,xlsx:SACS Business!E26,Band 1 Charge,$/day | band1 charge | network access,"header prints ""BandN Charge"" without space"
low,charge,energex-network-price-list-2023-24-sch8-wayback/6800/DUoS/excl/xlsx:SACS Business!F26,energex,2023-24,DB wrong (cosmetic),energex-network-price-list-2023-24-sch8-wayback,xlsx:SACS Business!F26,Band 2 Charge,$/day | band2 charge | network access,"header prints ""BandN Charge"" without space"
low,charge,energex-network-price-list-2023-24-sch8-wayback/6800/DUoS/excl/xlsx:SACS Business!G26,energex,2023-24,DB wrong (cosmetic),energex-network-price-list-2023-24-sch8-wayback,xlsx:SACS Business!G26,Band 3 Charge,$/day | band3 charge | network access,"header prints ""BandN Charge"" without space"
low,charge,energex-network-price-list-2023-24-sch8-wayback/6800/DUoS/excl/xlsx:SACS Business!H26,energex,2023-24,DB wrong (cosmetic),energex-network-price-list-2023-24-sch8-wayback,xlsx:SACS Business!H26,Band 4 Charge,$/day | band4 charge | network access,"header prints ""BandN Charge"" without space"
low,charge,energex-network-price-list-2023-24-sch8-wayback/6800/DUoS/excl/xlsx:SACS Business!I26,energex,2023-24,DB wrong (cosmetic),energex-network-price-list-2023-24-sch8-wayback,xlsx:SACS Business!I26,Band 5 Charge,$/day | band5 charge | network access,"header prints ""BandN Charge"" without space"
low,charge,energex-network-price-list-2023-24-sch8-wayback/6800/JSA/excl/xlsx:SACS Business!E58,energex,2023-24,DB wrong (cosmetic),energex-network-price-list-2023-24-sch8-wayback,xlsx:SACS Business!E58,Band 1 Charge,$/day | band1 charge | network access,"header prints ""BandN Charge"" without space"
low,charge,energex-network-price-list-2023-24-sch8-wayback/6800/JSA/excl/xlsx:SACS Business!F58,energex,2023-24,DB wrong (cosmetic),energex-network-price-list-2023-24-sch8-wayback,xlsx:SACS Business!F58,Band 2 Charge,$/day | band2 charge | network access,"header prints ""BandN Charge"" without space"
low,charge,energex-network-price-list-2023-24-sch8-wayback/6800/JSA/excl/xlsx:SACS Business!G58,energex,2023-24,DB wrong (cosmetic),energex-network-price-list-2023-24-sch8-wayback,xlsx:SACS Business!G58,Band 3 Charge,$/day | band3 charge | network access,"header prints ""BandN Charge"" without space"
low,charge,energex-network-price-list-2023-24-sch8-wayback/6800/JSA/excl/xlsx:SACS Business!H58,energex,2023-24,DB wrong (cosmetic),energex-network-price-list-2023-24-sch8-wayback,xlsx:SACS Business!H58,Band 4 Charge,$/day | band4 charge | network access,"header prints ""BandN Charge"" without space"
low,charge,energex-network-price-list-2023-24-sch8-wayback/6800/JSA/excl/xlsx:SACS Business!I58,energex,2023-24,DB wrong (cosmetic),energex-network-price-list-2023-24-sch8-wayback,xlsx:SACS Business!I58,Band 5 Charge,$/day | band5 charge | network access,"header prints ""BandN Charge"" without space"
low,charge,energex-network-price-list-2023-24-sch8-wayback/6800/TUoS/excl/xlsx:SACS Business!E42,energex,2023-24,DB wrong (cosmetic),energex-network-price-list-2023-24-sch8-wayback,xlsx:SACS Business!E42,Band 1 Charge,$/day | band1 charge | network access,"header prints ""BandN Charge"" without space"
low,charge,energex-network-price-list-2023-24-sch8-wayback/6800/TUoS/excl/xlsx:SACS Business!F42,energex,2023-24,DB wrong (cosmetic),energex-network-price-list-2023-24-sch8-wayback,xlsx:SACS Business!F42,Band 2 Charge,$/day | band2 charge | network access,"header prints ""BandN Charge"" without space"
low,charge,energex-network-price-list-2023-24-sch8-wayback/6800/TUoS/excl/xlsx:SACS Business!G42,energex,2023-24,DB wrong (cosmetic),energex-network-price-list-2023-24-sch8-wayback,xlsx:SACS Business!G42,Band 3 Charge,$/day | band3 charge | network access,"header prints ""BandN Charge"" without space"
low,charge,energex-network-price-list-2023-24-sch8-wayback/6800/TUoS/excl/xlsx:SACS Business!H42,energex,2023-24,DB wrong (cosmetic),energex-network-price-list-2023-24-sch8-wayback,xlsx:SACS Business!H42,Band 4 Charge,$/day | band4 charge | network access,"header prints ""BandN Charge"" without space"
low,charge,energex-network-price-list-2023-24-sch8-wayback/6800/TUoS/excl/xlsx:SACS Business!I42,energex,2023-24,DB wrong (cosmetic),energex-network-price-list-2023-24-sch8-wayback,xlsx:SACS Business!I42,Band 5 Charge,$/day | band5 charge | network access,"header prints ""BandN Charge"" without space"
medium,charge,evoenergy-2023-24-electricity-network-pricing-proposal-5may2023/108/DUoS/excl/pdf-ocr:p43/peak-period-maximum-demand-low-season,evoenergy,2023-24,DB wrong,evoenergy-2023-24-electricity-network-pricing-proposal-5may2023,pdf-ocr:p43 tariff 108,unit_published=c/KVA/day,c/kVA/day (image u43.png),OCR case error
medium,charge,evoenergy-2023-24-electricity-network-pricing-proposal-5may2023/108/JSA/excl/pdf-ocr:p43/peak-period-maximum-demand-low-season,evoenergy,2023-24,DB wrong,evoenergy-2023-24-electricity-network-pricing-proposal-5may2023,pdf-ocr:p43 tariff 108,unit_published=c/KVA/day,c/kVA/day (image u43.png),OCR case error
medium,charge,evoenergy-2023-24-electricity-network-pricing-proposal-5may2023/108/NUoS/excl/pdf-ocr:p43/peak-period-maximum-demand-low-season,evoenergy,2023-24,DB wrong,evoenergy-2023-24-electricity-network-pricing-proposal-5may2023,pdf-ocr:p43 tariff 108,unit_published=c/KVA/day,c/kVA/day (image u43.png),OCR case error
medium,charge,evoenergy-2023-24-electricity-network-pricing-proposal-5may2023/108/TUoS/excl/pdf-ocr:p43/peak-period-maximum-demand-low-season,evoenergy,2023-24,DB wrong,evoenergy-2023-24-electricity-network-pricing-proposal-5may2023,pdf-ocr:p43 tariff 108,unit_published=c/KVA/day,c/kVA/day (image u43.png),OCR case error
review,charge,essential-price-list-and-explanatory-notes-2024-25/BLND3TO/NUoS/excl/pdf:p1/demand-peak,essential,2024-25,Source ambiguous,essential-price-list-and-explanatory-notes-2024-25,pdf:p1 BLND3TO row,Demand - Peak = 14.2365,value printed in a merged cell spanning Peak and Shoulder demand columns (es1z.png),band attribution ambiguous
review,charge,essential-price-list-and-explanatory-notes-2025-26/BLND3TO/NUoS/excl/pdf:p1/demand-peak,essential,2025-26,Source ambiguous,essential-price-list-and-explanatory-notes-2025-26,pdf:p1 BLND3TO row,Demand - Peak = 15.1692,value printed in a merged cell spanning Peak and Shoulder demand columns (es1z.png),band attribution ambiguous
review,charge,essential-price-list-and-explanatory-notes-2026-27/BLND3TO/NUoS/excl/pdf:p1/demand-peak,essential,2026-27,Source ambiguous,essential-price-list-and-explanatory-notes-2026-27,pdf:p1 BLND3TO row,Demand - Peak = 15.4853,value printed in a merged cell spanning Peak and Shoulder demand columns (es1z.png),band attribution ambiguous
review,charge,evoenergy-2023-24-electricity-network-pricing-proposal-5may2023/123/DUoS/excl/pdf-ocr:p45/net-energy-consumption-charge,evoenergy,2023-24,Source ambiguous,evoenergy-2023-24-electricity-network-pricing-proposal-5may2023,pdf-ocr:p45 tariff 123,unit_std=c/kVA/day for an energy charge,"printed ""c/kVA/day"" (source typo; 2024-25 schedule prints c/kWh)",recommend flag; energy charge in demand unit
review,charge,evoenergy-2023-24-electricity-network-pricing-proposal-5may2023/123/JSA/excl/pdf-ocr:p45/net-energy-consumption-charge,evoenergy,2023-24,Source ambiguous,evoenergy-2023-24-electricity-network-pricing-proposal-5may2023,pdf-ocr:p45 tariff 123,unit_std=c/kVA/day for an energy charge,"printed ""c/kVA/day"" (source typo; 2024-25 schedule prints c/kWh)",recommend flag; energy charge in demand unit
review,charge,evoenergy-2023-24-electricity-network-pricing-proposal-5may2023/123/NUoS/excl/pdf-ocr:p45/net-energy-consumption-charge,evoenergy,2023-24,Source ambiguous,evoenergy-2023-24-electricity-network-pricing-proposal-5may2023,pdf-ocr:p45 tariff 123,unit_std=c/kVA/day for an energy charge,"printed ""c/kVA/day"" (source typo; 2024-25 schedule prints c/kWh)",recommend flag; energy charge in demand unit
review,charge,evoenergy-2023-24-electricity-network-pricing-proposal-5may2023/123/TUoS/excl/pdf-ocr:p45/net-energy-consumption-charge,evoenergy,2023-24,Source ambiguous,evoenergy-2023-24-electricity-network-pricing-proposal-5may2023,pdf-ocr:p45 tariff 123,unit_std=c/kVA/day for an energy charge,"printed ""c/kVA/day"" (source typo; 2024-25 schedule prints c/kWh)",recommend flag; energy charge in demand unit
review,charge,evoenergy-2023-24-electricity-network-pricing-proposal-5may2023/124/DUoS/excl/pdf-ocr:p45/net-energy-consumption-charge,evoenergy,2023-24,Source ambiguous,evoenergy-2023-24-electricity-network-pricing-proposal-5may2023,pdf-ocr:p45 tariff 124,unit_std=c/kVA/day for an energy charge,"printed ""c/KkA/day"" (source typo; 2024-25 schedule prints c/kWh)",recommend flag; energy charge in demand unit
review,charge,evoenergy-2023-24-electricity-network-pricing-proposal-5may2023/124/JSA/excl/pdf-ocr:p45/net-energy-consumption-charge,evoenergy,2023-24,Source ambiguous,evoenergy-2023-24-electricity-network-pricing-proposal-5may2023,pdf-ocr:p45 tariff 124,unit_std=c/kVA/day for an energy charge,"printed ""c/KkA/day"" (source typo; 2024-25 schedule prints c/kWh)",recommend flag; energy charge in demand unit
review,charge,evoenergy-2023-24-electricity-network-pricing-proposal-5may2023/124/NUoS/excl/pdf-ocr:p45/net-energy-consumption-charge,evoenergy,2023-24,Source ambiguous,evoenergy-2023-24-electricity-network-pricing-proposal-5may2023,pdf-ocr:p45 tariff 124,unit_std=c/kVA/day for an energy charge,"printed ""c/KkA/day"" (source typo; 2024-25 schedule prints c/kWh)",recommend flag; energy charge in demand unit
review,charge,evoenergy-2023-24-electricity-network-pricing-proposal-5may2023/124/TUoS/excl/pdf-ocr:p45/net-energy-consumption-charge,evoenergy,2023-24,Source ambiguous,evoenergy-2023-24-electricity-network-pricing-proposal-5may2023,pdf-ocr:p45 tariff 124,unit_std=c/kVA/day for an energy charge,"printed ""c/KkA/day"" (source typo; 2024-25 schedule prints c/kWh)",recommend flag; energy charge in demand unit
review,charge,evoenergy-statement-of-tariff-classes-and-tariffs-2023-24/123/DUoS/excl/pdf:p26/net-energy-consumption-charge,evoenergy,2023-24,Source ambiguous,evoenergy-statement-of-tariff-classes-and-tariffs-2023-24,pdf:p26 tariff 123,unit_std=c/kVA/day for an energy charge,"printed ""c/kVA/day"" (source typo; 2024-25 schedule prints c/kWh)",recommend flag; energy charge in demand unit
review,charge,evoenergy-statement-of-tariff-classes-and-tariffs-2023-24/123/JSA/excl/pdf:p26/net-energy-consumption-charge,evoenergy,2023-24,Source ambiguous,evoenergy-statement-of-tariff-classes-and-tariffs-2023-24,pdf:p26 tariff 123,unit_std=c/kVA/day for an energy charge,"printed ""c/kVA/day"" (source typo; 2024-25 schedule prints c/kWh)",recommend flag; energy charge in demand unit
review,charge,evoenergy-statement-of-tariff-classes-and-tariffs-2023-24/123/NUoS/excl/pdf:p26/net-energy-consumption-charge,evoenergy,2023-24,Source ambiguous,evoenergy-statement-of-tariff-classes-and-tariffs-2023-24,pdf:p26 tariff 123,unit_std=c/kVA/day for an energy charge,"printed ""c/kVA/day"" (source typo; 2024-25 schedule prints c/kWh)",recommend flag; energy charge in demand unit
review,charge,evoenergy-statement-of-tariff-classes-and-tariffs-2023-24/123/NUoS/excl/pdf:p29/net-energy-consumption-charge,evoenergy,2023-24,Source ambiguous,evoenergy-statement-of-tariff-classes-and-tariffs-2023-24,pdf:p29 tariff 123,unit_std=c/kVA/day for an energy charge,"printed ""c/kVA/day"" (source typo; 2024-25 schedule prints c/kWh)",recommend flag; energy charge in demand unit
review,charge,evoenergy-statement-of-tariff-classes-and-tariffs-2023-24/123/TUoS/excl/pdf:p26/net-energy-consumption-charge,evoenergy,2023-24,Source ambiguous,evoenergy-statement-of-tariff-classes-and-tariffs-2023-24,pdf:p26 tariff 123,unit_std=c/kVA/day for an energy charge,"printed ""c/kVA/day"" (source typo; 2024-25 schedule prints c/kWh)",recommend flag; energy charge in demand unit
review,charge,evoenergy-statement-of-tariff-classes-and-tariffs-2023-24/124/DUoS/excl/pdf:p26/net-energy-consumption-charge,evoenergy,2023-24,Source ambiguous,evoenergy-statement-of-tariff-classes-and-tariffs-2023-24,pdf:p26 tariff 124,unit_std=c/kVA/day for an energy charge,"printed ""c/KkA/day"" (source typo; 2024-25 schedule prints c/kWh)",recommend flag; energy charge in demand unit
review,charge,evoenergy-statement-of-tariff-classes-and-tariffs-2023-24/124/JSA/excl/pdf:p26/net-energy-consumption-charge,evoenergy,2023-24,Source ambiguous,evoenergy-statement-of-tariff-classes-and-tariffs-2023-24,pdf:p26 tariff 124,unit_std=c/kVA/day for an energy charge,"printed ""c/KkA/day"" (source typo; 2024-25 schedule prints c/kWh)",recommend flag; energy charge in demand unit
review,charge,evoenergy-statement-of-tariff-classes-and-tariffs-2023-24/124/NUoS/excl/pdf:p26/net-energy-consumption-charge,evoenergy,2023-24,Source ambiguous,evoenergy-statement-of-tariff-classes-and-tariffs-2023-24,pdf:p26 tariff 124,unit_std=c/kVA/day for an energy charge,"printed ""c/KkA/day"" (source typo; 2024-25 schedule prints c/kWh)",recommend flag; energy charge in demand unit
review,charge,evoenergy-statement-of-tariff-classes-and-tariffs-2023-24/124/NUoS/excl/pdf:p29/net-energy-consumption-charge,evoenergy,2023-24,Source ambiguous,evoenergy-statement-of-tariff-classes-and-tariffs-2023-24,pdf:p29 tariff 124,unit_std=c/kVA/day for an energy charge,"printed ""c/KkA/day"" (source typo; 2024-25 schedule prints c/kWh)",recommend flag; energy charge in demand unit
review,charge,evoenergy-statement-of-tariff-classes-and-tariffs-2023-24/124/TUoS/excl/pdf:p26/net-energy-consumption-charge,evoenergy,2023-24,Source ambiguous,evoenergy-statement-of-tariff-classes-and-tariffs-2023-24,pdf:p26 tariff 124,unit_std=c/kVA/day for an energy charge,"printed ""c/KkA/day"" (source typo; 2024-25 schedule prints c/kWh)",recommend flag; energy charge in demand unit
review,charge,pwc-scs-tariffs-2024-25-wayback/Tariff 3a/unknown/excl/pdf:p1/off-peak-mid-period,powerwater,2024-25,Source ambiguous,pwc-scs-tariffs-2024-25-wayback,pdf:p1,unit_published=$/kWh,"no unit printed for this column (only SAC $/NMI/day, Anytime $/kWh and Demand $/kVA)",DB stores an inferred unit as published
review,charge,pwc-scs-tariffs-2024-25-wayback/Tariff 3a/unknown/excl/pdf:p1/peak-high-period,powerwater,2024-25,Source ambiguous,pwc-scs-tariffs-2024-25-wayback,pdf:p1,unit_published=$/kWh,"no unit printed for this column (only SAC $/NMI/day, Anytime $/kWh and Demand $/kVA)",DB stores an inferred unit as published
review,charge,pwc-scs-tariffs-2024-25-wayback/Tariff 3a/unknown/excl/pdf:p1/super-off-peak-low-period,powerwater,2024-25,Source ambiguous,pwc-scs-tariffs-2024-25-wayback,pdf:p1,unit_published=$/kWh,"no unit printed for this column (only SAC $/NMI/day, Anytime $/kWh and Demand $/kVA)",DB stores an inferred unit as published
review,charge,pwc-scs-tariffs-2024-25-wayback/Tariff 3b/unknown/excl/pdf:p1/off-peak-mid-period,powerwater,2024-25,Source ambiguous,pwc-scs-tariffs-2024-25-wayback,pdf:p1,unit_published=$/kWh,"no unit printed for this column (only SAC $/NMI/day, Anytime $/kWh and Demand $/kVA)",DB stores an inferred unit as published
review,charge,pwc-scs-tariffs-2024-25-wayback/Tariff 3b/unknown/excl/pdf:p1/peak-high-period,powerwater,2024-25,Source ambiguous,pwc-scs-tariffs-2024-25-wayback,pdf:p1,unit_published=$/kWh,"no unit printed for this column (only SAC $/NMI/day, Anytime $/kWh and Demand $/kVA)",DB stores an inferred unit as published
review,charge,pwc-scs-tariffs-2024-25-wayback/Tariff 3b/unknown/excl/pdf:p1/super-off-peak-low-period,powerwater,2024-25,Source ambiguous,pwc-scs-tariffs-2024-25-wayback,pdf:p1,unit_published=$/kWh,"no unit printed for this column (only SAC $/NMI/day, Anytime $/kWh and Demand $/kVA)",DB stores an inferred unit as published
review,charge,pwc-scs-tariffs-2024-25-wayback/Tariff 3c/unknown/excl/pdf:p1/off-peak-mid-period,powerwater,2024-25,Source ambiguous,pwc-scs-tariffs-2024-25-wayback,pdf:p1,unit_published=$/kWh,"no unit printed for this column (only SAC $/NMI/day, Anytime $/kWh and Demand $/kVA)",DB stores an inferred unit as published
review,charge,pwc-scs-tariffs-2024-25-wayback/Tariff 3c/unknown/excl/pdf:p1/peak-high-period,powerwater,2024-25,Source ambiguous,pwc-scs-tariffs-2024-25-wayback,pdf:p1,unit_published=$/kWh,"no unit printed for this column (only SAC $/NMI/day, Anytime $/kWh and Demand $/kVA)",DB stores an inferred unit as published
review,charge,pwc-scs-tariffs-2024-25-wayback/Tariff 3c/unknown/excl/pdf:p1/super-off-peak-low-period,powerwater,2024-25,Source ambiguous,pwc-scs-tariffs-2024-25-wayback,pdf:p1,unit_published=$/kWh,"no unit printed for this column (only SAC $/NMI/day, Anytime $/kWh and Demand $/kVA)",DB stores an inferred unit as published
review,charge,pwc-scs-tariffs-2025-26-210525-wayback/Tariff 1/unknown/excl/pdf:p1/energy-anytime-24-7,powerwater,2025-26,Source ambiguous,pwc-scs-tariffs-2025-26-210525-wayback,pdf:p1,unit_published=$/kWh,no unit printed for this column (only SAC $/NMI/day),DB stores an inferred unit as published
review,charge,pwc-scs-tariffs-2025-26-210525-wayback/Tariff 2/unknown/excl/pdf:p1/energy-anytime-24-7,powerwater,2025-26,Source ambiguous,pwc-scs-tariffs-2025-26-210525-wayback,pdf:p1,unit_published=$/kWh,no unit printed for this column (only SAC $/NMI/day),DB stores an inferred unit as published
review,charge,pwc-scs-tariffs-2025-26-210525-wayback/Tariff 3a/unknown/excl/pdf:p1/energy-high-period-peak,powerwater,2025-26,Source ambiguous,pwc-scs-tariffs-2025-26-210525-wayback,pdf:p1,unit_published=$/kWh,no unit printed for this column (only SAC $/NMI/day),DB stores an inferred unit as published
review,charge,pwc-scs-tariffs-2025-26-210525-wayback/Tariff 3a/unknown/excl/pdf:p1/energy-mid-period-off-peak,powerwater,2025-26,Source ambiguous,pwc-scs-tariffs-2025-26-210525-wayback,pdf:p1,unit_published=$/kWh,no unit printed for this column (only SAC $/NMI/day),DB stores an inferred unit as published
review,charge,pwc-scs-tariffs-2025-26-210525-wayback/Tariff 3b/unknown/excl/pdf:p1/energy-high-period-peak,powerwater,2025-26,Source ambiguous,pwc-scs-tariffs-2025-26-210525-wayback,pdf:p1,unit_published=$/kWh,no unit printed for this column (only SAC $/NMI/day),DB stores an inferred unit as published
review,charge,pwc-scs-tariffs-2025-26-210525-wayback/Tariff 3b/unknown/excl/pdf:p1/energy-mid-period-off-peak,powerwater,2025-26,Source ambiguous,pwc-scs-tariffs-2025-26-210525-wayback,pdf:p1,unit_published=$/kWh,no unit printed for this column (only SAC $/NMI/day),DB stores an inferred unit as published
review,charge,pwc-scs-tariffs-2025-26-210525-wayback/Tariff 3c/unknown/excl/pdf:p1/energy-high-period-peak,powerwater,2025-26,Source ambiguous,pwc-scs-tariffs-2025-26-210525-wayback,pdf:p1,unit_published=$/kWh,no unit printed for this column (only SAC $/NMI/day),DB stores an inferred unit as published
review,charge,pwc-scs-tariffs-2025-26-210525-wayback/Tariff 3c/unknown/excl/pdf:p1/energy-mid-period-off-peak,powerwater,2025-26,Source ambiguous,pwc-scs-tariffs-2025-26-210525-wayback,pdf:p1,unit_published=$/kWh,no unit printed for this column (only SAC $/NMI/day),DB stores an inferred unit as published
review,charge,pwc-scs-tariffs-2025-26-210525-wayback/Tariff 4/unknown/excl/pdf:p1,powerwater,2025-26,Source ambiguous,pwc-scs-tariffs-2025-26-210525-wayback,pdf:p1,unit_published=$/kWh,no unit printed for this column (only SAC $/NMI/day),DB stores an inferred unit as published
review,charge,pwc-scs-tariffs-2025-26-210525-wayback/Tariff 5/unknown/excl/pdf:p1/demand-off-season,powerwater,2025-26,Source ambiguous,pwc-scs-tariffs-2025-26-210525-wayback,pdf:p1,unit_published=$/kVA/month,no unit printed for this column (only SAC $/NMI/day),DB stores an inferred unit as published
review,charge,pwc-scs-tariffs-2025-26-210525-wayback/Tariff 5/unknown/excl/pdf:p1/demand-on-season,powerwater,2025-26,Source ambiguous,pwc-scs-tariffs-2025-26-210525-wayback,pdf:p1,unit_published=$/kVA/month,no unit printed for this column (only SAC $/NMI/day),DB stores an inferred unit as published
review,charge,pwc-scs-tariffs-2025-26-210525-wayback/Tariff 5/unknown/excl/pdf:p1/energy-anytime-24-7,powerwater,2025-26,Source ambiguous,pwc-scs-tariffs-2025-26-210525-wayback,pdf:p1,unit_published=$/kWh,no unit printed for this column (only SAC $/NMI/day),DB stores an inferred unit as published
review,charge,pwc-scs-tariffs-2025-26-210525-wayback/Tariff 6/unknown/excl/pdf:p1/demand-off-season,powerwater,2025-26,Source ambiguous,pwc-scs-tariffs-2025-26-210525-wayback,pdf:p1,unit_published=$/kVA/month,no unit printed for this column (only SAC $/NMI/day),DB stores an inferred unit as published
review,charge,pwc-scs-tariffs-2025-26-210525-wayback/Tariff 6/unknown/excl/pdf:p1/demand-on-season,powerwater,2025-26,Source ambiguous,pwc-scs-tariffs-2025-26-210525-wayback,pdf:p1,unit_published=$/kVA/month,no unit printed for this column (only SAC $/NMI/day),DB stores an inferred unit as published
review,charge,pwc-scs-tariffs-2025-26-210525-wayback/Tariff 6/unknown/excl/pdf:p1/energy-anytime-24-7,powerwater,2025-26,Source ambiguous,pwc-scs-tariffs-2025-26-210525-wayback,pdf:p1,unit_published=$/kWh,no unit printed for this column (only SAC $/NMI/day),DB stores an inferred unit as published
medium,tariff_demand_rule,powerwater:TARIFF5|pwc-2425-np-off-season-demand||Off Season,powerwater,2024-25,DB wrong,pwc-2024-25-pricing-proposal-8may2024,n/a (vocabulary),"season=""Off Season""",charge.season uses high/low for the same components,join tariff_demand_rule.season = charge.season fails
medium,tariff_demand_rule,powerwater:TARIFF5|pwc-2425-np-on-season-demand||On Season,powerwater,2024-25,DB wrong,pwc-2024-25-pricing-proposal-8may2024,n/a (vocabulary),"season=""On Season""",charge.season uses high/low for the same components,join tariff_demand_rule.season = charge.season fails
medium,tariff_demand_rule,powerwater:TARIFF5|pwc-2425-sc-off-season-demand||Off Season,powerwater,2024-25,DB wrong,pwc-scs-tariffs-2024-25-wayback,n/a (vocabulary),"season=""Off Season""",charge.season uses high/low for the same components,join tariff_demand_rule.season = charge.season fails
medium,tariff_demand_rule,powerwater:TARIFF5|pwc-2425-sc-on-season-demand||On Season,powerwater,2024-25,DB wrong,pwc-scs-tariffs-2024-25-wayback,n/a (vocabulary),"season=""On Season""",charge.season uses high/low for the same components,join tariff_demand_rule.season = charge.season fails
medium,tariff_demand_rule,powerwater:TARIFF5|pwc-2526-np-off-season-demand||Off Season,powerwater,2025-26,DB wrong,pwc-2025-26-network-pricing-proposal-23may2025,n/a (vocabulary),"season=""Off Season""",charge.season uses high/low for the same components,join tariff_demand_rule.season = charge.season fails
medium,tariff_demand_rule,powerwater:TARIFF5|pwc-2526-np-on-season-demand||On Season,powerwater,2025-26,DB wrong,pwc-2025-26-network-pricing-proposal-23may2025,n/a (vocabulary),"season=""On Season""",charge.season uses high/low for the same components,join tariff_demand_rule.season = charge.season fails
medium,tariff_demand_rule,powerwater:TARIFF5|pwc-2526-sc-off-season-demand||Off Season,powerwater,2025-26,DB wrong,pwc-scs-tariffs-2025-26-210525-wayback,n/a (vocabulary),"season=""Off Season""",charge.season uses high/low for the same components,join tariff_demand_rule.season = charge.season fails
medium,tariff_demand_rule,powerwater:TARIFF5|pwc-2526-sc-on-season-demand||On Season,powerwater,2025-26,DB wrong,pwc-scs-tariffs-2025-26-210525-wayback,n/a (vocabulary),"season=""On Season""",charge.season uses high/low for the same components,join tariff_demand_rule.season = charge.season fails
medium,tariff_demand_rule,powerwater:TARIFF5|pwc-2627-np-off-season-demand||Off Season,powerwater,2026-27,DB wrong,pwc-2026-27-network-pricing-proposal-31mar2026,n/a (vocabulary),"season=""Off Season""",charge.season uses high/low for the same components,join tariff_demand_rule.season = charge.season fails
medium,tariff_demand_rule,powerwater:TARIFF5|pwc-2627-np-on-season-demand||On Season,powerwater,2026-27,DB wrong,pwc-2026-27-network-pricing-proposal-31mar2026,n/a (vocabulary),"season=""On Season""",charge.season uses high/low for the same components,join tariff_demand_rule.season = charge.season fails
medium,tariff_demand_rule,powerwater:TARIFF6|pwc-2425-np-off-season-demand||Off Season,powerwater,2024-25,DB wrong,pwc-2024-25-pricing-proposal-8may2024,n/a (vocabulary),"season=""Off Season""",charge.season uses high/low for the same components,join tariff_demand_rule.season = charge.season fails
medium,tariff_demand_rule,powerwater:TARIFF6|pwc-2425-np-on-season-demand||On Season,powerwater,2024-25,DB wrong,pwc-2024-25-pricing-proposal-8may2024,n/a (vocabulary),"season=""On Season""",charge.season uses high/low for the same components,join tariff_demand_rule.season = charge.season fails
medium,tariff_demand_rule,powerwater:TARIFF6|pwc-2425-sc-off-season-demand||Off Season,powerwater,2024-25,DB wrong,pwc-scs-tariffs-2024-25-wayback,n/a (vocabulary),"season=""Off Season""",charge.season uses high/low for the same components,join tariff_demand_rule.season = charge.season fails
medium,tariff_demand_rule,powerwater:TARIFF6|pwc-2425-sc-on-season-demand||On Season,powerwater,2024-25,DB wrong,pwc-scs-tariffs-2024-25-wayback,n/a (vocabulary),"season=""On Season""",charge.season uses high/low for the same components,join tariff_demand_rule.season = charge.season fails
medium,tariff_demand_rule,powerwater:TARIFF6|pwc-2526-np-off-season-demand||Off Season,powerwater,2025-26,DB wrong,pwc-2025-26-network-pricing-proposal-23may2025,n/a (vocabulary),"season=""Off Season""",charge.season uses high/low for the same components,join tariff_demand_rule.season = charge.season fails
medium,tariff_demand_rule,powerwater:TARIFF6|pwc-2526-np-on-season-demand||On Season,powerwater,2025-26,DB wrong,pwc-2025-26-network-pricing-proposal-23may2025,n/a (vocabulary),"season=""On Season""",charge.season uses high/low for the same components,join tariff_demand_rule.season = charge.season fails
medium,tariff_demand_rule,powerwater:TARIFF6|pwc-2526-sc-off-season-demand||Off Season,powerwater,2025-26,DB wrong,pwc-scs-tariffs-2025-26-210525-wayback,n/a (vocabulary),"season=""Off Season""",charge.season uses high/low for the same components,join tariff_demand_rule.season = charge.season fails
medium,tariff_demand_rule,powerwater:TARIFF6|pwc-2526-sc-on-season-demand||On Season,powerwater,2025-26,DB wrong,pwc-scs-tariffs-2025-26-210525-wayback,n/a (vocabulary),"season=""On Season""",charge.season uses high/low for the same components,join tariff_demand_rule.season = charge.season fails
medium,tariff_demand_rule,powerwater:TARIFF6|pwc-2627-np-off-season-demand||Off Season,powerwater,2026-27,DB wrong,pwc-2026-27-network-pricing-proposal-31mar2026,n/a (vocabulary),"season=""Off Season""",charge.season uses high/low for the same components,join tariff_demand_rule.season = charge.season fails
medium,tariff_demand_rule,powerwater:TARIFF6|pwc-2627-np-on-season-demand||On Season,powerwater,2026-27,DB wrong,pwc-2026-27-network-pricing-proposal-31mar2026,n/a (vocabulary),"season=""On Season""",charge.season uses high/low for the same components,join tariff_demand_rule.season = charge.season fails
medium,source_document,aer-stakeholder-report-ausgrid-2024-25,ausgrid,2024-25,Source ambiguous,aer-stakeholder-report-ausgrid-2024-25,scripts/tariffdb/build_support.py:264-265 default,price_status=approved,"file titled ""...Annual Pricing Proposal""; data sheet labels tables ""Proposed prices""; Stakeholder report says it complements the Statement of Reasons ""published upon approval""","status asserted by code default, no quoted evidence; contradicts docs/tariffdb.md:105 rule"
medium,source_document,aer-stakeholder-report-endeavour-2024-25,endeavour,2024-25,Source ambiguous,aer-stakeholder-report-endeavour-2024-25,scripts/tariffdb/build_support.py:264-265 default,price_status=approved,"file titled ""...Annual Pricing Proposal""; data sheet labels tables ""Proposed prices""; Stakeholder report says it complements the Statement of Reasons ""published upon approval""","status asserted by code default, no quoted evidence; contradicts docs/tariffdb.md:105 rule"
medium,source_document,aer-stakeholder-report-energex-2024-25,energex,2024-25,Source ambiguous,aer-stakeholder-report-energex-2024-25,scripts/tariffdb/build_support.py:264-265 default,price_status=approved,"file titled ""...Annual Pricing Proposal""; data sheet labels tables ""Proposed prices""; Stakeholder report says it complements the Statement of Reasons ""published upon approval""","status asserted by code default, no quoted evidence; contradicts docs/tariffdb.md:105 rule"
medium,source_document,aer-stakeholder-report-ergon-2024-25,ergon,2024-25,Source ambiguous,aer-stakeholder-report-ergon-2024-25,scripts/tariffdb/build_support.py:264-265 default,price_status=approved,"file titled ""...Annual Pricing Proposal""; data sheet labels tables ""Proposed prices""; Stakeholder report says it complements the Statement of Reasons ""published upon approval""","status asserted by code default, no quoted evidence; contradicts docs/tariffdb.md:105 rule"
medium,source_document,aer-stakeholder-report-essential-2024-25,essential,2024-25,Source ambiguous,aer-stakeholder-report-essential-2024-25,scripts/tariffdb/build_support.py:264-265 default,price_status=approved,"file titled ""...Annual Pricing Proposal""; data sheet labels tables ""Proposed prices""; Stakeholder report says it complements the Statement of Reasons ""published upon approval""","status asserted by code default, no quoted evidence; contradicts docs/tariffdb.md:105 rule"
medium,source_document,aer-stakeholder-report-evoenergy-2024-25,evoenergy,2024-25,Source ambiguous,aer-stakeholder-report-evoenergy-2024-25,scripts/tariffdb/build_support.py:264-265 default,price_status=approved,"file titled ""...Annual Pricing Proposal""; data sheet labels tables ""Proposed prices""; Stakeholder report says it complements the Statement of Reasons ""published upon approval""","status asserted by code default, no quoted evidence; contradicts docs/tariffdb.md:105 rule"
medium,source_document,aer-stakeholder-report-pwc-2024-25,powerwater,2024-25,Source ambiguous,aer-stakeholder-report-pwc-2024-25,scripts/tariffdb/build_support.py:264-265 default,price_status=approved,"file titled ""...Annual Pricing Proposal""; data sheet labels tables ""Proposed prices""; Stakeholder report says it complements the Statement of Reasons ""published upon approval""","status asserted by code default, no quoted evidence; contradicts docs/tariffdb.md:105 rule"
low,charge (omission),endeavour:NS70,endeavour,2024-25,DB omission,endeavour-nuos-price-list-2024-25-v10,"pdf:p42 column ""Export Energy All Time c/kWh"" (x~787)",(no row),0.0000 (black print),printed export charge not stored; no all-time export charge exists anywhere in the DB
low,charge (omission),endeavour:NG70,endeavour,2024-25,DB omission,endeavour-nuos-price-list-2024-25-v10,"pdf:p42 column ""Export Energy All Time c/kWh"" (x~787)",(no row),0.0000 (black print),printed export charge not stored; no all-time export charge exists anywhere in the DB
low,charge (omission),endeavour:NFTG,endeavour,2024-25,DB omission,endeavour-nuos-price-list-2024-25-v10,"pdf:p42 column ""Export Energy All Time c/kWh"" (x~787)",(no row),0.0000 (black print),printed export charge not stored; no all-time export charge exists anywhere in the DB
low,charge (omission),endeavour:NFTH,endeavour,2024-25,DB omission,endeavour-nuos-price-list-2024-25-v10,"pdf:p42 column ""Export Energy All Time c/kWh"" (x~787)",(no row),0.0000 (black print),printed export charge not stored; no all-time export charge exists anywhere in the DB
low,charge (omission),endeavour:NFT9,endeavour,2024-25,DB omission,endeavour-nuos-price-list-2024-25-v10,"pdf:p42 column ""Export Energy All Time c/kWh"" (x~787)",(no row),0.0000 (black print),printed export charge not stored; no all-time export charge exists anywhere in the DB
low,charge (omission),endeavour:NFT0,endeavour,2024-25,DB omission,endeavour-nuos-price-list-2024-25-v10,"pdf:p42 column ""Export Energy All Time c/kWh"" (x~787)",(no row),0.0000 (black print),printed export charge not stored; no all-time export charge exists anywhere in the DB
low,charge (omission),endeavour:NFTC,endeavour,2024-25,DB omission,endeavour-nuos-price-list-2024-25-v10,"pdf:p42 column ""Export Energy All Time c/kWh"" (x~787)",(no row),0.0000 (black print),printed export charge not stored; no all-time export charge exists anywhere in the DB
low,charge (omission),endeavour:NFTD,endeavour,2024-25,DB omission,endeavour-nuos-price-list-2024-25-v10,"pdf:p42 column ""Export Energy All Time c/kWh"" (x~787)",(no row),0.0000 (black print),printed export charge not stored; no all-time export charge exists anywhere in the DB
low,charge (omission),endeavour:NS90,endeavour,2024-25,DB omission,endeavour-nuos-price-list-2024-25-v10,"pdf:p42 column ""Export Energy All Time c/kWh"" (x~787)",(no row),0.0000 (black print),printed export charge not stored; no all-time export charge exists anywhere in the DB
low,charge (omission),endeavour:NG90,endeavour,2024-25,DB omission,endeavour-nuos-price-list-2024-25-v10,"pdf:p42 column ""Export Energy All Time c/kWh"" (x~787)",(no row),0.0000 (black print),printed export charge not stored; no all-time export charge exists anywhere in the DB
low,charge (omission),endeavour:NFTJ,endeavour,2024-25,DB omission,endeavour-nuos-price-list-2024-25-v10,"pdf:p42 column ""Export Energy All Time c/kWh"" (x~787)",(no row),0.0000 (black print),printed export charge not stored; no all-time export charge exists anywhere in the DB
low,charge (omission),endeavour:NFTK,endeavour,2024-25,DB omission,endeavour-nuos-price-list-2024-25-v10,"pdf:p42 column ""Export Energy All Time c/kWh"" (x~787)",(no row),0.0000 (black print),printed export charge not stored; no all-time export charge exists anywhere in the DB
low,charge (omission),endeavour:NFTA,endeavour,2024-25,DB omission,endeavour-nuos-price-list-2024-25-v10,"pdf:p42 column ""Export Energy All Time c/kWh"" (x~787)",(no row),0.0000 (black print),printed export charge not stored; no all-time export charge exists anywhere in the DB
low,charge (omission),endeavour:NFTB,endeavour,2024-25,DB omission,endeavour-nuos-price-list-2024-25-v10,"pdf:p42 column ""Export Energy All Time c/kWh"" (x~787)",(no row),0.0000 (black print),printed export charge not stored; no all-time export charge exists anywhere in the DB
low,charge (omission),endeavour:NFTE,endeavour,2024-25,DB omission,endeavour-nuos-price-list-2024-25-v10,"pdf:p42 column ""Export Energy All Time c/kWh"" (x~787)",(no row),0.0000 (black print),printed export charge not stored; no all-time export charge exists anywhere in the DB
low,charge (omission),endeavour:NFTF,endeavour,2024-25,DB omission,endeavour-nuos-price-list-2024-25-v10,"pdf:p42 column ""Export Energy All Time c/kWh"" (x~787)",(no row),0.0000 (black print),printed export charge not stored; no all-time export charge exists anywhere in the DB
low,charge (omission),endeavour:NS19,endeavour,2024-25,DB omission,endeavour-nuos-price-list-2024-25-v10,"pdf:p42 column ""Export Energy All Time c/kWh"" (x~787)",(no row),0.0000 (black print),printed export charge not stored; no all-time export charge exists anywhere in the DB
low,charge (omission),endeavour:NS29,endeavour,2024-25,DB omission,endeavour-nuos-price-list-2024-25-v10,"pdf:p42 column ""Export Energy All Time c/kWh"" (x~787)",(no row),0.0000 (black print),printed export charge not stored; no all-time export charge exists anywhere in the DB
low,charge (omission),endeavour:NS39,endeavour,2024-25,DB omission,endeavour-nuos-price-list-2024-25-v10,"pdf:p42 column ""Export Energy All Time c/kWh"" (x~787)",(no row),0.0000 (black print),printed export charge not stored; no all-time export charge exists anywhere in the DB
low,tariff_listing (omission),endeavour:NFT3,endeavour,2024-25,DB omission,endeavour-nuos-price-list-2024-25-v10,"pdf:p42 row NFT3 (""Gen ... meter, Detented"")",(no listing),listed with Export Energy All Time 0.0000,tariff printed with a zero price; not in tariff_listing (could be placeholder)
low,tariff_listing (omission),endeavour:NFT4,endeavour,2024-25,DB omission,endeavour-nuos-price-list-2024-25-v10,"pdf:p42 row NFT4 (""Gen ... meter, Detented"")",(no listing),listed with Export Energy All Time 0.0000,tariff printed with a zero price; not in tariff_listing (could be placeholder)
low,tariff_listing (omission),endeavour:NFIT,endeavour,2024-25,DB omission,endeavour-nuos-price-list-2024-25-v10,"pdf:p42 row NFIT (""Gen ... meter, Detented"")",(no listing),listed with Export Energy All Time 0.0000,tariff printed with a zero price; not in tariff_listing (could be placeholder)
low,tariff_listing (omission),endeavour:NFT2,endeavour,2024-25,DB omission,endeavour-nuos-price-list-2024-25-v10,"pdf:p42 row NFT2 (""Gen ... meter, Detented"")",(no listing),listed with Export Energy All Time 0.0000,tariff printed with a zero price; not in tariff_listing (could be placeholder)
low,tariff_listing (omission),endeavour:NESN,endeavour,2024-25,DB omission,endeavour-nuos-price-list-2024-25-v10,pdf:p39 row NESN; footnote (1),(no listing),"All Time 0.0000; footnote: codes only measure generation exports, no export charge or reward",metering-only codes printed in price table; not listed
low,tariff_listing (omission),endeavour:NESG,endeavour,2024-25,DB omission,endeavour-nuos-price-list-2024-25-v10,pdf:p39 row NESG; footnote (1),(no listing),"All Time 0.0000; footnote: codes only measure generation exports, no export charge or reward",metering-only codes printed in price table; not listed
low,tariff_listing (omission),endeavour:GENR,endeavour,2024-25,DB omission,endeavour-nuos-price-list-2024-25-v10,pdf:p39 row GENR; footnote (1),(no listing),"All Time 0.0000; footnote: codes only measure generation exports, no export charge or reward",metering-only codes printed in price table; not listed
low,tariff_listing (omission),endeavour:NESN,endeavour,2025-26,DB omission,endeavour-nuos-price-list-2025-26-v11,pdf:p37 row NESN; footnote (1),(no listing),"All Time 0.0000; footnote: codes only measure generation exports, no export charge or reward",metering-only codes printed in price table; not listed
low,tariff_listing (omission),endeavour:NESG,endeavour,2025-26,DB omission,endeavour-nuos-price-list-2025-26-v11,pdf:p37 row NESG; footnote (1),(no listing),"All Time 0.0000; footnote: codes only measure generation exports, no export charge or reward",metering-only codes printed in price table; not listed
low,tariff_listing (omission),endeavour:GENR,endeavour,2025-26,DB omission,endeavour-nuos-price-list-2025-26-v11,pdf:p37 row GENR; footnote (1),(no listing),"All Time 0.0000; footnote: codes only measure generation exports, no export charge or reward",metering-only codes printed in price table; not listed
low,tariff_listing (omission),endeavour:NESN,endeavour,2026-27,DB omission,endeavour-nuos-price-list-2026-27,pdf:p37 row NESN; footnote (1),(no listing),"All Time 0.0000; footnote: codes only measure generation exports, no export charge or reward",metering-only codes printed in price table; not listed
low,tariff_listing (omission),endeavour:NESG,endeavour,2026-27,DB omission,endeavour-nuos-price-list-2026-27,pdf:p37 row NESG; footnote (1),(no listing),"All Time 0.0000; footnote: codes only measure generation exports, no export charge or reward",metering-only codes printed in price table; not listed
low,tariff_listing (omission),endeavour:GENR,endeavour,2026-27,DB omission,endeavour-nuos-price-list-2026-27,pdf:p37 row GENR; footnote (1),(no listing),"All Time 0.0000; footnote: codes only measure generation exports, no export charge or reward",metering-only codes printed in price table; not listed
low,tariff_listing (omission),essential:BLNREX2,essential,2024-25,DB omission,essential-price-list-and-explanatory-notes-2024-25,pdf:p1 row BLNREX2,(no listing),"row printed with ""-"" prices only",unpriced printed tariff not listed (could be placeholder)
low,tariff_listing (omission),essential:BLNBEX1,essential,2024-25,DB omission,essential-price-list-and-explanatory-notes-2024-25,pdf:p1 row BLNBEX1,(no listing),"row printed with ""-"" prices only",unpriced printed tariff not listed (could be placeholder)
low,tariff_listing (omission),essential:BLNE0AU,essential,2024-25,DB omission,essential-price-list-and-explanatory-notes-2024-25,pdf:p1 row BLNE0AU,(no listing),"Ineligible Export / Any: ""-"" or blank",unpriced printed tariff not listed (could be placeholder)
low,tariff_listing (omission),essential:BLNE0AU,essential,2025-26,DB omission,essential-price-list-and-explanatory-notes-2025-26,pdf:p1 row BLNE0AU,(no listing),"Ineligible Export / Any: ""-"" or blank",unpriced printed tariff not listed (could be placeholder)
low,tariff_listing (omission),essential:BLNE0AU,essential,2026-27,DB omission,essential-price-list-and-explanatory-notes-2026-27,pdf:p1 row BLNE0AU,(no listing),"Ineligible Export / Any: ""-"" or blank",unpriced printed tariff not listed (could be placeholder)
medium,charge (omission),ausgrid:EA010,ausgrid,2024-25,DB omission,ausgrid-network-price-list-2024-25-wayback20250806,"pdf:p1 column ""Metering Service Charge c/day"", row EA010",(no row; no metering_price row),7.3671,printed per-tariff metering charge stored nowhere
medium,charge (omission),ausgrid:EA025,ausgrid,2024-25,DB omission,ausgrid-network-price-list-2024-25-wayback20250806,"pdf:p1 column ""Metering Service Charge c/day"", row EA025",(no row; no metering_price row),7.3671,printed per-tariff metering charge stored nowhere
medium,charge (omission),ausgrid:EA111,ausgrid,2024-25,DB omission,ausgrid-network-price-list-2024-25-wayback20250806,"pdf:p1 column ""Metering Service Charge c/day"", row EA111",(no row; no metering_price row),7.3671,printed per-tariff metering charge stored nowhere
medium,charge (omission),ausgrid:EA116,ausgrid,2024-25,DB omission,ausgrid-network-price-list-2024-25-wayback20250806,"pdf:p1 column ""Metering Service Charge c/day"", row EA116",(no row; no metering_price row),7.3671,printed per-tariff metering charge stored nowhere
medium,charge (omission),ausgrid:EA029,ausgrid,2024-25,DB omission,ausgrid-network-price-list-2024-25-wayback20250806,"pdf:p1 column ""Metering Service Charge c/day"", row EA029",(no row; no metering_price row),3.3973*,printed per-tariff metering charge stored nowhere
medium,charge (omission),ausgrid:EA030,ausgrid,2024-25,DB omission,ausgrid-network-price-list-2024-25-wayback20250806,"pdf:p1 column ""Metering Service Charge c/day"", row EA030",(no row; no metering_price row),2.4110,printed per-tariff metering charge stored nowhere
medium,charge (omission),ausgrid:EA040,ausgrid,2024-25,DB omission,ausgrid-network-price-list-2024-25-wayback20250806,"pdf:p1 column ""Metering Service Charge c/day"", row EA040",(no row; no metering_price row),2.4110,printed per-tariff metering charge stored nowhere
medium,charge (omission),ausgrid:EA050,ausgrid,2024-25,DB omission,ausgrid-network-price-list-2024-25-wayback20250806,"pdf:p1 column ""Metering Service Charge c/day"", row EA050",(no row; no metering_price row),10.2082,printed per-tariff metering charge stored nowhere
medium,charge (omission),ausgrid:EA225,ausgrid,2024-25,DB omission,ausgrid-network-price-list-2024-25-wayback20250806,"pdf:p1 column ""Metering Service Charge c/day"", row EA225",(no row; no metering_price row),10.2082,printed per-tariff metering charge stored nowhere
medium,charge (omission),ausgrid:EA251,ausgrid,2024-25,DB omission,ausgrid-network-price-list-2024-25-wayback20250806,"pdf:p1 column ""Metering Service Charge c/day"", row EA251",(no row; no metering_price row),10.2082,printed per-tariff metering charge stored nowhere
medium,charge (omission),ausgrid:EA256,ausgrid,2024-25,DB omission,ausgrid-network-price-list-2024-25-wayback20250806,"pdf:p1 column ""Metering Service Charge c/day"", row EA256",(no row; no metering_price row),10.2082,printed per-tariff metering charge stored nowhere
medium,charge (omission),ausgrid:EA302,ausgrid,2024-25,DB omission,ausgrid-network-price-list-2024-25-wayback20250806,"pdf:p1 column ""Metering Service Charge c/day"", row EA302",(no row; no metering_price row),14.8164,printed per-tariff metering charge stored nowhere
medium,charge (omission),ausgrid:EA334,ausgrid,2024-25,DB omission,ausgrid-network-price-list-2024-25-wayback20250806,"pdf:p3 column ""Metering Service Charge c/day"", row EA334",(no row; no metering_price row),14.8164,printed per-tariff metering charge stored nowhere
medium,charge (omission),ausgrid:EA956,ausgrid,2024-25,DB omission,ausgrid-network-price-list-2024-25-wayback20250806,"pdf:p3 column ""Metering Service Charge c/day"", row EA956",(no row; no metering_price row),7.3671,printed per-tariff metering charge stored nowhere
medium,charge (omission),ausgrid:EA957,ausgrid,2024-25,DB omission,ausgrid-network-price-list-2024-25-wayback20250806,"pdf:p3 column ""Metering Service Charge c/day"", row EA957",(no row; no metering_price row),7.3671,printed per-tariff metering charge stored nowhere
medium,charge (omission),ausgrid:?,ausgrid,2024-25,DB omission,ausgrid-network-price-list-2024-25-wayback20250806,"pdf:p3 column ""Metering Service Charge c/day"", row ?",(no row; no metering_price row),7.3671,printed per-tariff metering charge stored nowhere
medium,charge (omission),ausgrid:EA964,ausgrid,2024-25,DB omission,ausgrid-network-price-list-2024-25-wayback20250806,"pdf:p3 column ""Metering Service Charge c/day"", row EA964",(no row; no metering_price row),7.3671,printed per-tariff metering charge stored nowhere
medium,charge (omission),ausgrid:EA965,ausgrid,2024-25,DB omission,ausgrid-network-price-list-2024-25-wayback20250806,"pdf:p3 column ""Metering Service Charge c/day"", row EA965",(no row; no metering_price row),2.4110,printed per-tariff metering charge stored nowhere
medium,charge (omission),ausgrid:EA010,ausgrid,2025-26,DB omission,ausgrid-network-price-list-2025-26,"pdf:p1 column ""Metering Service Charge c/day"", row EA010",(no row; no metering_price row),7.5452,printed per-tariff metering charge stored nowhere
medium,charge (omission),ausgrid:EA025,ausgrid,2025-26,DB omission,ausgrid-network-price-list-2025-26,"pdf:p1 column ""Metering Service Charge c/day"", row EA025",(no row; no metering_price row),7.5452,printed per-tariff metering charge stored nowhere
medium,charge (omission),ausgrid:EA111,ausgrid,2025-26,DB omission,ausgrid-network-price-list-2025-26,"pdf:p1 column ""Metering Service Charge c/day"", row EA111",(no row; no metering_price row),7.5452,printed per-tariff metering charge stored nowhere
medium,charge (omission),ausgrid:EA116,ausgrid,2025-26,DB omission,ausgrid-network-price-list-2025-26,"pdf:p1 column ""Metering Service Charge c/day"", row EA116",(no row; no metering_price row),7.5452,printed per-tariff metering charge stored nowhere
medium,charge (omission),ausgrid:EA029,ausgrid,2025-26,DB omission,ausgrid-network-price-list-2025-26,"pdf:p1 column ""Metering Service Charge c/day"", row EA029",(no row; no metering_price row),3.4795,printed per-tariff metering charge stored nowhere
medium,charge (omission),ausgrid:EA030,ausgrid,2025-26,DB omission,ausgrid-network-price-list-2025-26,"pdf:p1 column ""Metering Service Charge c/day"", row EA030",(no row; no metering_price row),2.4685,printed per-tariff metering charge stored nowhere
medium,charge (omission),ausgrid:EA040,ausgrid,2025-26,DB omission,ausgrid-network-price-list-2025-26,"pdf:p1 column ""Metering Service Charge c/day"", row EA040",(no row; no metering_price row),2.4685,printed per-tariff metering charge stored nowhere
medium,charge (omission),ausgrid:EA050,ausgrid,2025-26,DB omission,ausgrid-network-price-list-2025-26,"pdf:p1 column ""Metering Service Charge c/day"", row EA050",(no row; no metering_price row),10.4548,printed per-tariff metering charge stored nowhere
medium,charge (omission),ausgrid:EA225,ausgrid,2025-26,DB omission,ausgrid-network-price-list-2025-26,"pdf:p1 column ""Metering Service Charge c/day"", row EA225",(no row; no metering_price row),10.4548,printed per-tariff metering charge stored nowhere
medium,charge (omission),ausgrid:EA251,ausgrid,2025-26,DB omission,ausgrid-network-price-list-2025-26,"pdf:p1 column ""Metering Service Charge c/day"", row EA251",(no row; no metering_price row),10.4548,printed per-tariff metering charge stored nowhere
medium,charge (omission),ausgrid:EA256,ausgrid,2025-26,DB omission,ausgrid-network-price-list-2025-26,"pdf:p1 column ""Metering Service Charge c/day"", row EA256",(no row; no metering_price row),10.4548,printed per-tariff metering charge stored nowhere
medium,charge (omission),ausgrid:EA302,ausgrid,2025-26,DB omission,ausgrid-network-price-list-2025-26,"pdf:p1 column ""Metering Service Charge c/day"", row EA302",(no row; no metering_price row),15.1753,printed per-tariff metering charge stored nowhere
medium,charge (omission),ausgrid:EA334,ausgrid,2025-26,DB omission,ausgrid-network-price-list-2025-26,"pdf:p3 column ""Metering Service Charge c/day"", row EA334",(no row; no metering_price row),15.1753,printed per-tariff metering charge stored nowhere
medium,charge (omission),ausgrid:EA010,ausgrid,2026-27,DB omission,ausgrid-network-price-list-2026-27,"pdf:p1 column ""Metering Service Charge c/day"", row EA010",(no row; no metering_price row),7.8192,printed per-tariff metering charge stored nowhere
medium,charge (omission),ausgrid:EA025,ausgrid,2026-27,DB omission,ausgrid-network-price-list-2026-27,"pdf:p1 column ""Metering Service Charge c/day"", row EA025",(no row; no metering_price row),7.8192,printed per-tariff metering charge stored nowhere
medium,charge (omission),ausgrid:EA111,ausgrid,2026-27,DB omission,ausgrid-network-price-list-2026-27,"pdf:p1 column ""Metering Service Charge c/day"", row EA111",(no row; no metering_price row),7.8192,printed per-tariff metering charge stored nowhere
medium,charge (omission),ausgrid:EA116,ausgrid,2026-27,DB omission,ausgrid-network-price-list-2026-27,"pdf:p1 column ""Metering Service Charge c/day"", row EA116",(no row; no metering_price row),7.8192,printed per-tariff metering charge stored nowhere
medium,charge (omission),ausgrid:EA029,ausgrid,2026-27,DB omission,ausgrid-network-price-list-2026-27,"pdf:p1 column ""Metering Service Charge c/day"", row EA029",(no row; no metering_price row),3.6055,printed per-tariff metering charge stored nowhere
medium,charge (omission),ausgrid:EA030,ausgrid,2026-27,DB omission,ausgrid-network-price-list-2026-27,"pdf:p1 column ""Metering Service Charge c/day"", row EA030",(no row; no metering_price row),2.5589,printed per-tariff metering charge stored nowhere
medium,charge (omission),ausgrid:EA040,ausgrid,2026-27,DB omission,ausgrid-network-price-list-2026-27,"pdf:p1 column ""Metering Service Charge c/day"", row EA040",(no row; no metering_price row),2.5589,printed per-tariff metering charge stored nowhere
medium,charge (omission),ausgrid:EA050,ausgrid,2026-27,DB omission,ausgrid-network-price-list-2026-27,"pdf:p1 column ""Metering Service Charge c/day"", row EA050",(no row; no metering_price row),10.8329,printed per-tariff metering charge stored nowhere
medium,charge (omission),ausgrid:EA225,ausgrid,2026-27,DB omission,ausgrid-network-price-list-2026-27,"pdf:p1 column ""Metering Service Charge c/day"", row EA225",(no row; no metering_price row),10.8329,printed per-tariff metering charge stored nowhere
medium,charge (omission),ausgrid:EA251,ausgrid,2026-27,DB omission,ausgrid-network-price-list-2026-27,"pdf:p1 column ""Metering Service Charge c/day"", row EA251",(no row; no metering_price row),10.8329,printed per-tariff metering charge stored nowhere
medium,charge (omission),ausgrid:EA256,ausgrid,2026-27,DB omission,ausgrid-network-price-list-2026-27,"pdf:p1 column ""Metering Service Charge c/day"", row EA256",(no row; no metering_price row),10.8329,printed per-tariff metering charge stored nowhere
medium,charge (omission),ausgrid:EA302,ausgrid,2026-27,DB omission,ausgrid-network-price-list-2026-27,"pdf:p1 column ""Metering Service Charge c/day"", row EA302",(no row; no metering_price row),15.7260,printed per-tariff metering charge stored nowhere
medium,charge (omission),ausgrid:EA905,ausgrid,2026-27,DB omission,ausgrid-network-price-list-2026-27,"pdf:p3 column ""Metering Service Charge c/day"", row EA905",(no row; no metering_price row),15.7260,printed per-tariff metering charge stored nowhere
medium,charge (omission),ausgrid:EA955,ausgrid,2026-27,DB omission,ausgrid-network-price-list-2026-27,"pdf:p3 column ""Metering Service Charge c/day"", row EA955",(no row; no metering_price row),10.8329,printed per-tariff metering charge stored nowhere
medium,charge (omission),ausgrid:EA956,ausgrid,2026-27,DB omission,ausgrid-network-price-list-2026-27,"pdf:p3 column ""Metering Service Charge c/day"", row EA956",(no row; no metering_price row),7.8192,printed per-tariff metering charge stored nowhere
medium,charge (omission),ausgrid:EA964,ausgrid,2026-27,DB omission,ausgrid-network-price-list-2026-27,"pdf:p3 column ""Metering Service Charge c/day"", row EA964",(no row; no metering_price row),7.8192,printed per-tariff metering charge stored nowhere
medium,charge (omission),ausgrid:EA965,ausgrid,2026-27,DB omission,ausgrid-network-price-list-2026-27,"pdf:p3 column ""Metering Service Charge c/day"", row EA965",(no row; no metering_price row),2.5589,printed per-tariff metering charge stored nowhere
medium,charge (omission),ausgrid:EA974,ausgrid,2026-27,DB omission,ausgrid-network-price-list-2026-27,"pdf:p3 column ""Metering Service Charge c/day"", row EA974",(no row; no metering_price row),7.8192,printed per-tariff metering charge stored nowhere
medium,charge (omission),ausgrid:EA975,ausgrid,2026-27,DB omission,ausgrid-network-price-list-2026-27,"pdf:p3 column ""Metering Service Charge c/day"", row EA975",(no row; no metering_price row),3.6055,printed per-tariff metering charge stored nowhere
medium,charge (omission),ausgrid:EA334,ausgrid,2026-27,DB omission,ausgrid-network-price-list-2026-27,"pdf:p3 column ""Metering Service Charge c/day"", row EA334",(no row; no metering_price row),15.7260,printed per-tariff metering charge stored nowhere
medium,charge (omission),evoenergy statement 2023-24 Table 2.6,evoenergy,2023-24,DB omission,evoenergy-statement-of-tariff-classes-and-tariffs-2023-24,"pdf:p22-26 columns ""Metering capital"" (x 375-420) and ""Metering non-capital"" (x 425-475)",(not stored),31 values (13 capital + 18 non-capital),"NUoS includes them (DB note), but components not stored"
medium,charge (omission),evoenergy schedule 2024-25 pdf,evoenergy,2024-25,DB omission,evoenergy-schedule-of-charges-2024-25-lfit-adjusted,"pdf columns ""Metering"" (x 640-710) and ""Rate + metering"" (x 720-800)",(not stored),13 non-zero metering cells (e.g. 15.500 c/day) + Rate+metering column,omission
medium,charge (omission),evoenergy schedule 2025-26 xlsx,evoenergy,2025-26,DB omission,evoenergy-schedule-of-charges-2025-26-incl-lfit-may2025,xlsx:Network tariffs column G (Metering charge) and H (Rate + metering),(not stored),13 non-zero G cells + H column,omission
medium,charge (omission),evoenergy schedule 2026-27 Apr xlsx,evoenergy,2026-27,DB omission,evoenergy-schedule-of-charges-2026-27-aer-approved-april2026,xlsx:Network tariffs column G and H,(not stored),13 non-zero G cells + H column,omission
medium,charge (omission),evoenergy schedule 2026-27 Jun xlsx,evoenergy,2026-27,DB omission,evoenergy-schedule-of-charges-2026-27-incl-lfit-june2026,xlsx:Network tariffs column G and H,(not stored),13 non-zero G cells + H column,omission
low,charge (omission),endeavour GST-incl tables,endeavour,2024-25..2025-26,DB omission (policy),endeavour-nuos-price-list-2024-25-v10 / -2025-26-v11,"2024-25 pdf:p40 (Table 1b), p43 (Table 3b); 2025-26 pdf:p38 (Table 1b)",(not stored),GST-inclusive prices,"inconsistent: PWC SCS 2023-24 incl rows ARE stored (17 rows, gst=incl)"
low,charge (omission),ausgrid GST-incl pages,ausgrid,2024-25..2026-27,DB omission (policy),ausgrid-network-price-list-*,"pdf:p2 and p4 of each of 3 price lists (""Prices include GST"")",(not stored),GST-inclusive prices,same inconsistency as Endeavour
low,charge (omission),repeated printings,energex/ergon/AER,various,DB omission (policy),AER 2024-25 Tariff schedule 2 r19-22; Energex SACS Business 9000/9100; Ergon EVCT/WVCT; others,xlsx (390 cells listed in scratch xmissing_dup.csv),(not stored),390 repeated printings of components already stored,contradicts exception component_repeated_in_document policy (223 such instances ARE recorded for Essential/Evo/Energex)
