side,distributor,fin_year,role,local_path,source_url,access_note,sha256
AER,ALL,2025-26,AER consolidated stakeholder report v5 (26 May 2025) - approved total network prices all DNSPs,sources/aer/AER_Consolidated_stakeholder_report_2025-26_v5.xlsx,https://www.aer.gov.au/system/files/2025-05/AER%20-%20Consolidated%20stakeholder%20report%202025%E2%80%9326%20v5%C2%A0.xlsx,landing page https://www.aer.gov.au/documents/aer-consolidated-stakeholder-report-2025-26 ; changelog v1 8 Apr 2025 ... v5 26 May 2025,1987e5e313e2351b9b0421218746e24684cbf4ed8c0be161399b0ba3d40a71ff
AER,ALL,2025-26,"AER consolidated stakeholder report v1 (8 Apr 2025) - proposed prices; superseded by v5, so not compared by the reconciliation and not used by the tariff database (kept because the AER takes superseded versions private)",sources/aer/AER_Consolidated_stakeholder_report_2025-26_v1_wayback.xlsx,https://web.archive.org/web/20250409020106id_/https://www.aer.gov.au/system/files/2025-04/Consolidated%C2%A0stakeholder%20report%202025%E2%80%9326.xlsx,WAYBACK; the AER takes superseded versions private (login-gated); capture of 9 Apr 2025,9b03a4c9bd7a3aa61533caed6066f7ce375e8a9f80caf91ed4e27991570501dc
AER,ALL,2026-27,AER consolidated stakeholder report v5 (26 Aug 2026; page dated 20 May 2026) - approved total network prices all DNSPs,sources/aer/AER_Consolidated_stakeholder_report_2026-27_26Aug2026.xlsx,https://www.aer.gov.au/system/files/2026-08/AER%20%E2%80%93%202026%E2%80%9327%20%E2%80%93%20Consolidated%20stakeholder%20report%20%E2%80%93%2026%20August%202026.xlsx,landing page https://www.aer.gov.au/documents/aer-2026-27-consolidated-stakeholder-report-20-may-2026 ; changelog v1 2 Apr 2026 ... v5 14 Aug 2026 (file dated 26 Aug 2026),2c8f7071aab62f8b29ee8ff513262a9c89b8a1f03cdfd61fc97b23ac298c7a80
AER,Ausgrid,2024-25,AER per-DNSP stakeholder report (Tariff schedule sheet),sources/aer/2024-25_stakeholder_reports/AER_Stakeholder_report_Ausgrid_2024-25.xlsx,https://www.aer.gov.au/system/files/2024-05/AER%20-%20Stakeholder%20report%20-%20Ausgrid%20-%202024%E2%80%9325%20Annual%20Pricing%20Proposal.xlsx,,62b8ed9e45038461883ae437ad2f9cf90eba754c5ae24c81f440112961b02cc8
AER,AusNet Services,2024-25,AER per-DNSP stakeholder report,sources/aer/2024-25_stakeholder_reports/AER_Stakeholder_report_AusNet_2024-25.xlsx,https://www.aer.gov.au/system/files/2024-05/AER%20-%20Stakeholder%20report%20-%20AusNet%20Services%20-%202024%E2%80%9325%20Annual%20Pricing%20Proposal.xlsx,,bc9ee24222db9f7bd46dc752c5e315ea6e45c8dea8e3873dbb03f3e85e6b2f29
AER,CitiPower,2024-25,AER per-DNSP stakeholder report,sources/aer/2024-25_stakeholder_reports/AER_Stakeholder_report_CitiPower_2024-25.xlsx,https://www.aer.gov.au/system/files/2024-05/AER%20-%20Stakeholder%20report%20-%20CitiPower-%202024%E2%80%9325%20Annual%20Pricing%20Proposal.xlsx,,f037118bf70d21ebcaad38ae12304414a1ad9c054ee8432287da0af2ff813994
AER,Endeavour Energy,2024-25,AER per-DNSP stakeholder report,sources/aer/2024-25_stakeholder_reports/AER_Stakeholder_report_Endeavour_2024-25.xlsx,https://www.aer.gov.au/system/files/2024-05/AER%20-%20Stakeholder%20report%20-%20Endeavour%20Energy%20-%202024%E2%80%9325%20Annual%20Pricing%20Proposal.xlsx,,74524fc2314d414f377119f37f0216454f5a9c1f91ca123eda5b42376eb74933
AER,Energex,2024-25,AER per-DNSP stakeholder report,sources/aer/2024-25_stakeholder_reports/AER_Stakeholder_report_Energex_2024-25.xlsx,https://www.aer.gov.au/system/files/2024-05/AER%20-%20Stakeholder%20report%20-%20Energex%20-%202024%E2%80%9325%20Annual%20Pricing%20Proposal.xlsx,,f6fef0b3755680918b7c8a304205f7f3d2e4c6830a35684bdc51240c48863645
AER,Ergon Energy,2024-25,AER per-DNSP stakeholder report,sources/aer/2024-25_stakeholder_reports/AER_Stakeholder_report_Ergon_2024-25.xlsx,https://www.aer.gov.au/system/files/2024-05/AER%20-%20Stakeholder%20report%20-%20Ergon%20Energy%20-%202024%E2%80%9325%20Annual%20Pricing%20Proposal.xlsx,,b1af96a52589e7c684098a0aa9870143a40a4cacb2bcfc4541cc5a550b42d97c
AER,Essential Energy,2024-25,AER per-DNSP stakeholder report,sources/aer/2024-25_stakeholder_reports/AER_Stakeholder_report_Essential_2024-25.xlsx,https://www.aer.gov.au/system/files/2024-05/AER%20-%20Stakeholder%20report%20-%20Essential%20Energy%20-%202024%E2%80%9325%20Annual%20Pricing%20Proposal.xlsx,,13ea1d75da8fc976a533bed1402ee44c6f743d97a79c627044a8c00a10a42ada
AER,Evoenergy,2024-25,AER per-DNSP stakeholder report,sources/aer/2024-25_stakeholder_reports/AER_Stakeholder_report_Evoenergy_2024-25.xlsx,https://www.aer.gov.au/system/files/2024-05/AER%20-%20Stakeholder%20report%20-%20Evoenergy%20-%202024%E2%80%9325%20Annual%20Pricing%20Proposal.xlsx,,1a22c8fffa41f348a4bf7d124cd899e29400ee7a11a84170655e90849756db5f
AER,Jemena,2024-25,AER per-DNSP stakeholder report,sources/aer/2024-25_stakeholder_reports/AER_Stakeholder_report_Jemena_2024-25.xlsx,https://www.aer.gov.au/system/files/2024-05/AER%20-%20Stakeholder%20report%20-%20Jemena%20-%202024%E2%80%9325%20Annual%20Pricing%20Proposal.xlsx,,56dc8efcb20c71e670e2806d9c54a80c9780c523354efde69947895ce7087d93
AER,Power and Water Corporation,2024-25,AER per-DNSP stakeholder report,sources/aer/2024-25_stakeholder_reports/AER_Stakeholder_report_PWC_2024-25.xlsx,https://www.aer.gov.au/system/files/2024-05/AER%20-%20Stakeholder%20report%20-%20Power%20and%20Water%20Corporation%20-%202024%E2%80%9325%20Annual%20Pricing%20Proposal.xlsx,,92665cb51bec5b7f64722b86c7e33453edc93eccaadf7152f9b06d6f1745adf7
AER,Powercor,2024-25,AER per-DNSP stakeholder report,sources/aer/2024-25_stakeholder_reports/AER_Stakeholder_report_Powercor_2024-25.xlsx,https://www.aer.gov.au/system/files/2024-05/AER%20-%20Stakeholder%20report%20-%20Powercor%20-%202024%E2%80%9325%20Annual%20Pricing%20Proposal.xlsx,,b9ae65a651494eb27658dd627e2001e801d0e9ab77c5564a0398cb1e30f6e1a4
AER,SA Power Networks,2024-25,AER per-DNSP stakeholder report (updated 17 July 2024),sources/aer/2024-25_stakeholder_reports/AER_Stakeholder_report_SAPN_2024-25_updated17Jul2024.xlsx,https://www.aer.gov.au/system/files/2024-07/AER%20-%20Stakeholder%20report%20-%20SA%20Power%20Networks%20-%20%202024%E2%80%9325%20Annual%20Pricing%20Proposal%20%28updated%2017%20July%202024%29.xlsx,,358d94bd43fd67124e73108a558df4a087266e2c2c6a548143b6149dffdea33f
AER,TasNetworks,2024-25,AER per-DNSP stakeholder report,sources/aer/2024-25_stakeholder_reports/AER_Stakeholder_report_TasNetworks_2024-25.xlsx,https://www.aer.gov.au/system/files/2024-05/AER%20-%20Stakeholder%20report%20-%20TasNetworks%20-%202024%E2%80%9325%20Annual%20Pricing%20Proposal.xlsx,,46127cbaefe4ad70c8f01d40b206091f6205c3c9ca37eab60ef9d0b4f567dab5
AER,United Energy,2024-25,AER per-DNSP stakeholder report,sources/aer/2024-25_stakeholder_reports/AER_Stakeholder_report_UnitedEnergy_2024-25.xlsx,https://www.aer.gov.au/system/files/2024-05/AER%20-%20Stakeholder%20report%20-%20United%20Energy%20-%202024%E2%80%9325%20Annual%20Pricing%20Proposal.xlsx,,be8d8c8434dcb6e205ca4b8bb1298adb00f726b7ac13ee6d713543aead6ae7a7
AER_HOSTED,Ausgrid,2023-24,DNSP-submitted annual SCS pricing proposal (contains price list) hosted on aer.gov.au - no AER-authored price file exists for 2023-24,sources/aer/2023-24_price_lists/Ausgrid_2023-24_annual_SCS_pricing_proposal_31Mar2023.pdf,https://www.aer.gov.au/system/files/Ausgrid%202023-24%20-%20annual%20SCS%20pricing%20proposal%20-%2031032023%20-%20PUBLIC_0.pdf,AER page https://www.aer.gov.au/industry/networks/pricing-proposals/ausgrid-annual-pricing-2023-24,2cbe831b65ee5f7ec63e701ab5619b257b57dd8cc8fe47be616ed14527b9ec7c
AER_HOSTED,AusNet Services,2023-24,DNSP-submitted Schedule of tariffs 2023-24 hosted on aer.gov.au,sources/aer/2023-24_price_lists/AusNet_2023-24_Schedule_of_tariffs_31Mar2023.pdf,https://www.aer.gov.au/system/files/AusNet%20Services%202023-24%20-%20Schedule%20of%20tariffs%20-%2020230331%20-%20PUBLIC.pdf,,20be8f4684a3e79345e6d1914eae5a3ac2f35c9398314e13b7c670a27d017d01
AER_HOSTED,CitiPower,2023-24,DNSP-submitted Tariff Summary xlsx hosted on aer.gov.au,sources/aer/2023-24_price_lists/CitiPower_2023-24_Tariff_Summary_31Mar2023.xlsx,https://www.aer.gov.au/system/files/CitiPower%202023-24%20%20-%20Tariff%20Summary%20-%2020230331%20-%20PUBLIC.xlsx,,9bc11b9f8ea5a9ecab298f406642190a8c9fc01c8a99c7b98fc7fc8de2bf1c5c
AER_HOSTED,Endeavour Energy,2023-24,DNSP-submitted Pricing Proposal (contains NUOS price list) hosted on aer.gov.au,sources/aer/2023-24_price_lists/Endeavour_2023-24_Pricing_Proposal_31Mar2023.pdf,https://www.aer.gov.au/system/files/Endeavour%20Energy%202023-24%20-%20Pricing%20Proposal%20-%2020230331%20-%20PUBLIC.pdf,,884204be123a2d1b7da5a1e161dada505acddb5297b74a2ae9d6f0298b3ec542
AER_HOSTED,Energex,2023-24,DNSP-submitted Network Price List xlsx (27 Apr 2023 revised) hosted on aer.gov.au,sources/aer/2023-24_price_lists/Energex_2023-24_Network_Price_List_27Apr2023.xlsx,https://www.aer.gov.au/system/files/Energex%202023-24%20-%20Network%20Price%20List%20%E2%80%93%2020230427%20%E2%80%93%20PUBLIC.xlsx,,b521306c10d082f78ce351922dfcca052fde66bb174705a6f582bc14a546056e
AER_HOSTED,Ergon Energy,2023-24,DNSP-submitted Network Price List xlsx hosted on aer.gov.au,sources/aer/2023-24_price_lists/Ergon_2023-24_Network_Price_List_31Mar2023.xlsx,https://www.aer.gov.au/system/files/Ergon%20Energy%202023-24%20%E2%80%93%20Network%20Price%20List%202023-24%20%E2%80%93%2020230331%20%E2%80%93%20PUBLIC.xlsx,,52a3de5d5bd0489fc0fddda502ad7a3299d639a9153bef60e1985738b758d6d1
AER_HOSTED,Essential Energy,2023-24,DNSP-submitted Network Price List xlsx hosted on aer.gov.au,sources/aer/2023-24_price_lists/Essential_2023-24_Network_Price_List_31Mar2023.xlsx,https://www.aer.gov.au/system/files/Essential%20Energy%202023-24%20%20-%20Network%20Price%20List%202023-24%20-%2020230331%20-%20PUBLIC.xlsx,,0e29fc0a2b35ac73895d8c7bc64fa147b8133893b486530e3d5d33df958a70ce
AER_HOSTED,Evoenergy,2023-24,DNSP-submitted electricity network pricing proposal (5 May 2023) hosted on aer.gov.au,sources/aer/2023-24_price_lists/Evoenergy_2023-24_Electricity_network_pricing_proposal_5May2023.pdf,https://www.aer.gov.au/system/files/Evoenergy%202023-24%20-%20Electricity%20network%20pricing%20proposal%20-%2020230505%20-%20PUBLIC.pdf,,826c0caf1649c0ac8cbf4043615377dae1bd65a64c3b1eee45c112a674368598
AER_HOSTED,Jemena,2023-24,DNSP-submitted Network Tariff Schedule hosted on aer.gov.au,sources/aer/2023-24_price_lists/Jemena_2023-24_Network_Tariff_Schedule_31Mar2023.pdf,https://www.aer.gov.au/system/files/Jemena%202023-24%20-%20Network%20Tariff%20Schedule%20-%2020230331%20-%20PUBLIC_0.pdf,,f295fbaafd5d627fe35cf11f5c28548f854985fdf13968e6c925a374b938f78d
AER_HOSTED,Power and Water Corporation,2023-24,DNSP-submitted Network Pricing Proposal document hosted on aer.gov.au,sources/aer/2023-24_price_lists/PWC_2023-24_Network_Pricing_Proposal_30Mar2023.pdf,https://www.aer.gov.au/system/files/Power%20and%20Water%20Corporation%202023-24%20-%20Network%20Pricing%20Proposal%20document%20-20230330%20-%20PUBLIC.pdf,,fa169085bb202fd6c62176b139f2c1d50d750eec27939648536c96bf45e8116a
AER_HOSTED,Powercor,2023-24,DNSP-submitted Tariff Summary xlsx hosted on aer.gov.au,sources/aer/2023-24_price_lists/Powercor_2023-24_Tariff_Summary_31Mar2023.xlsx,https://www.aer.gov.au/system/files/Powercor%202023-24%20-%20Tariff%20Summary%20-%2020230331%20-%20PUBLIC.xlsx,,b1360f97a8eefaf78fc910386531c975027e473cd4dcabd620bae6ed31c4a84f
AER_HOSTED,SA Power Networks,2023-24,DNSP-submitted Annual Pricing Proposal Revised (8 May 2023) hosted on aer.gov.au,sources/aer/2023-24_price_lists/SAPN_2023-24_Annual_Pricing_Proposal_Revised_8May2023.pdf,https://www.aer.gov.au/system/files/SA%20Power%20Networks%202023-24%20-%20Annual%20Pricing%20Proposal%20Revised%20-%2020230508%20-%20PUBLIC.pdf,,1916ebb955910704876ebfeedc6a9a882825c7a94cf04307d04e43ce64b2c1a2
AER_HOSTED,TasNetworks,2023-24,DNSP-submitted Network tariff application and price guide 2023-24 hosted on aer.gov.au,sources/aer/2023-24_price_lists/TasNetworks_2023-24_Network_tariff_application_and_price_guide_4Apr2023.pdf,https://www.aer.gov.au/system/files/TasNetworks2023-24%20-%20Network%20tariff%20application%20and%20price%20guide%20for%202023-24%20-%2020230404%20-%20PUBLIC.pdf,,7aaaf4eadfc7d2568f34ee6c0bc3a8ea7ba510c71c8fe4deee984eee2dda04fd
AER_HOSTED,United Energy,2023-24,DNSP-submitted Tariff Summary xlsx hosted on aer.gov.au,sources/aer/2023-24_price_lists/UnitedEnergy_2023-24_Tariff_Summary_31Mar2023.xlsx,https://www.aer.gov.au/system/files/United%20Energy%202023-24%20-%20Tariff%20Summary%20-%2020230331%20-%20PUBLIC_0.xlsx,,cffb525c2cf66e796ca0c1629cb4883fdf55e624b42a01d648e51f971e9a900c
AER_HOSTED,AusNet Services,2024-25,DNSP-submitted Schedule of tariffs 2024-25 xlsx hosted on aer.gov.au,sources/aer/dnsp_copies/AusNet_2024-25_Schedule_of_tariffs_28Mar2024.xlsx,https://www.aer.gov.au/system/files/2024-04/AusNet%20Services%20-%20Schedule%20of%20tariffs%202024-25%20-%2028%20March%202024.xlsx,,98dab2e40af7ddb0a30543320a677ea4c884637ab559161fd0ba569bff85acb3
AER_HOSTED,CitiPower,2024-25,DNSP-submitted Tariff Summary xlsx hosted on aer.gov.au,sources/aer/dnsp_copies/CitiPower_2024-25_Tariff_Summary_28Mar2024.xlsx,https://www.aer.gov.au/system/files/2024-04/CitiPower%20-%202024-25%20Tariff%20Summary%20-%2028%20March%202024.xlsx,,6cfb3d5cfd8e07c8babc9825ec3bb554ebbf0c448c9db24f5ea587b1ba4f218c
AER_HOSTED,Powercor,2024-25,DNSP-submitted Tariff Summary xlsx hosted on aer.gov.au,sources/aer/dnsp_copies/Powercor_2024-25_Tariff_Summary_28Mar2024.xlsx,https://www.aer.gov.au/system/files/2024-04/Powercor%20-%202024-25%20Tariff%20Summary%20-%2028%20March%202024.xlsx,,e8d77083492bb1ae6e47a490172cb8d2d036beea6c5276fbbbfb80d74e43bfcf
AER_HOSTED,United Energy,2024-25,DNSP-submitted Tariff Summary xlsx hosted on aer.gov.au,sources/aer/dnsp_copies/UnitedEnergy_2024-25_Tariff_Summary_28Mar2024.xlsx,https://www.aer.gov.au/system/files/2024-04/United%20Energy%20-%202024-25%20Tariff%20Summary%20-%2028%20March%202024.xlsx,,30766136350857df99a16831a1dd554df1d2ae946b5816d9e1aee018e3bedea1
AER_HOSTED,United Energy,2025-26,DNSP-submitted Final Pricing (31 Mar 2025) PDF hosted on aer.gov.au (own-site copy no longer served),sources/aer/dnsp_copies/UnitedEnergy_2025-26_Final_Pricing_31Mar2025.pdf,https://www.aer.gov.au/system/files/2025-04/United%20Energy%202025-26%20-%20Final%20-%20Pricing%20-%2031%20March%202025.pdf,,04a83b5df1c2bfe6aa9052383199e15942cd509865d80df70ddcb7ea33b211f2
AER_HOSTED,Ergon Energy,2024-25,DNSP-submitted Network Price List xlsx hosted on aer.gov.au,sources/aer/dnsp_copies/Ergon_2024-25_Network_Price_List_28Mar2024.xlsx,https://www.aer.gov.au/system/files/2024-04/Ergon%20Energy%20-%202024-25%20Network%20Price%20List%20-%2028%20March%202024.xlsx,,69589f2df00d4997ba301525e02fcc2751975fe00bb9935acee84c9295925a58
AER_HOSTED,Energex,2024-25,DNSP-submitted Network Price List xlsx hosted on aer.gov.au,sources/aer/dnsp_copies/Energex_2024-25_Network_Price_List_28Mar2024.xlsx,https://www.aer.gov.au/system/files/2024-04/Energex%20-%202024-25%20Network%20Price%20List%20-%2028%20March%202024.xlsx,document page; file URL recorded in notes/aer_energex_npl_2024-25.html,eecb90316a341ebbca941e42d2cb1458a6d13bb0a0d84c3f7cec199c2892ba4a
AER_HOSTED,Essential Energy,2024-25,DNSP-submitted NUoS Price List xlsx (20 May 2024) hosted on aer.gov.au,sources/aer/dnsp_copies/Essential_2024-25_NUoS_Price_List_20May2024.xlsx,https://www.aer.gov.au/system/files/2024-05/Essential%20Energy%20-%202024-25%20NUoS%20Price%20List%20-%2020%20May%202024.xlsx,,c6e08edea6760e94ab8a0944fe52a9a0b2f4ccd8551f8afd8061c105b26e3f8e
AER_HOSTED,Jemena,2024-25,DNSP-submitted Network Tariff Schedule PDF hosted on aer.gov.au,sources/aer/dnsp_copies/Jemena_2024-25_Network_Tariff_Schedule_28Mar2024.pdf,https://www.aer.gov.au/system/files/2024-04/JEN%20-%202024-25%20Network%20Tariff%20Schedule%20-%2028%20March%202024.pdf,,629cce89347d004b5a0d40ced692788d9c807a68f677095ecb3da488b52fba04
AER_HOSTED,Power and Water Corporation,2024-25,DNSP-submitted Pricing Proposal (8 May 2024) hosted on aer.gov.au,sources/aer/dnsp_copies/PWC_2024-25_Pricing_Proposal_8May2024.pdf,https://www.aer.gov.au/system/files/2024-05/Power%20and%20Water%20Corporation%20-%202024-25%20Pricing%20Proposal%20-%208%20May%202024.pdf,,51df4e0ffb8c8d17a20f20eb43c9fa97455a400f70f0d8b8d71e63f0eb838384
AER_HOSTED,Power and Water Corporation,2025-26,DNSP-submitted Network Pricing Proposal (23 May 2025) hosted on aer.gov.au,sources/aer/dnsp_copies/PWC_2025-26_Network_Pricing_Proposal_23May2025.pdf,https://www.aer.gov.au/system/files/2025-05/Power%20and%20Water%20%28PWC%29%202025-26%20-%20Final%20-%20Network%20Pricing%20Proposal%20-%2023%20May%202025.pdf,,f94000c9cd9208f4ccf605b4da1233a6cd943d34605546cbd6ee7ed079b91bc8
AER_HOSTED,Power and Water Corporation,2026-27,DNSP-submitted Network Pricing Proposal (31 Mar 2026) hosted on aer.gov.au (own-site 2026-27 tariff PDF blocked by Cloudflare and not in Wayback),sources/aer/dnsp_copies/PWC_2026-27_Network_Pricing_Proposal_31Mar2026.pdf,https://www.aer.gov.au/system/files/2026-04/Power%20and%20Water%20Corporation%20%E2%80%93%202026%E2%80%9327%20%E2%80%93%20Network%20Pricing%20Proposal%20%E2%80%93%2031%20March%202026.pdf,,af87cc6b7e77f4a62cf7d49d311d506cf2e09ca82c6474b5fbf92538e73dbf49
AER_HOSTED,SA Power Networks,2025-26,DNSP-submitted Pricing Proposal Overview (14 May 2025) hosted on aer.gov.au - contains Table 9 NUoS Tariff Schedule 2025-26,sources/aer/dnsp_copies/SAPN_2025-26_Pricing_Proposal_Overview_14May2025.pdf,https://www.aer.gov.au/system/files/2025-05/SA%20Power%20Networks%202025-26%20-%20Pricing%20Proposal%20Overview%20-%2014%20May%202025.pdf,,0f75aa5f268c431b12fb5cba1a2cadd2bc533adb82572959f34f1e3df521f14c
AER_HOSTED,SA Power Networks,2024-25,DNSP-submitted Annual Pricing Proposal (19 Apr 2024) hosted on aer.gov.au,sources/aer/dnsp_copies/SAPN_2024-25_Annual_Pricing_Proposal_19Apr2024.pdf,https://www.aer.gov.au/system/files/2024-07/SA%20Power%20Networks%20-%20Annual%20Pricing%20Proposal%20-%2019%20April%202024.pdf,,8c941cecbeeae4f32e8a4d4324d94b0233c9bb899be72f02b4cb00116421396a
DNSP,Ausgrid,2026-27,Ausgrid Network Price List 2026-27 (own site; updated 27 Apr 2026),sources/dnsp/ausgrid/Ausgrid_Network_Price_List_2026-27.pdf,https://aopt-p-001.sitecorecontenthub.cloud/api/public/content/a6b7b18dc0e84cda9ab067f61a6bbab7?v=21f13674,linked from https://www.ausgrid.com.au/about-us/regulation-and-compliance/network-prices (JS-rendered page),01c0eebc339822ecf61a44a3d4b4c6d15818f156f9c5e75d15aea6b79eb6c48c
DNSP,Ausgrid,2025-26,Ausgrid Network Price List 2025-26 (own site; updated 13 May 2025),sources/dnsp/ausgrid/Ausgrid_Network_Price_List_2025-26.pdf,https://aopt-p-001.sitecorecontenthub.cloud/api/public/content/739b6dfa167442638f6edb01d78f818c?v=3820be35,linked from https://www.ausgrid.com.au/about-us/regulation-and-compliance/network-prices,1e55aaa135f64e40f8f6a2f0bdf31af8f9954af29d5ba7dde27e6d6c99eacf73
DNSP,Ausgrid,2024-25,Ausgrid Network Price List 2024-25 - Wayback Machine copy (6 Aug 2025) of own-site PDF; no longer linked from Ausgrid site,sources/dnsp/ausgrid/Ausgrid_Network_Price_List_2024-25_wayback20250806.pdf,https://web.archive.org/web/20250806041313/https://www.ausgrid.com.au/-/media/Documents/Regulation/Pricing/PList/Ausgrid-Network-Price-List-2024-25.pdf?rev=61699dd84f6d421785a6591885745c70,WAYBACK,63561cc3c9e0ef685208cfc51493fc7118e359a8b24dfa57d56559cab242d836
DNSP,Ausgrid,2023-24,NOT AVAILABLE on ausgrid.com.au or Wayback; use AER_HOSTED 2023-24 pricing proposal,,,MISSING - third-party copies exist (e.g. evergy.com.au) but were not used,
DNSP,Endeavour Energy,2026-27,Endeavour Network Price List 2026-27 (own site),sources/dnsp/endeavour/Endeavour_NUOS_Price_List_2026-27.pdf,https://edge.sitecorecloud.io/endeavouren152b-endeavouren7772-production9ea5-b88d/media/Endeavour-Energy/Publications/Documents/NUOS-Price-List.pdf,linked from https://www.endeavourenergy.com.au/working-with-us/retailers as '2026-27 Network Price List',a88000fea2cc8c6fc2e53cf533d1e5b6bed38e02a6a6f8a40eef8cd82eb9ad2d
DNSP,Endeavour Energy,2025-26,Endeavour Network Price List 2025-26 v1.1 (own site),sources/dnsp/endeavour/Endeavour_NUOS_Price_List_2025-26_v11.pdf,https://edge.sitecorecloud.io/endeavouren152b-endeavouren7772-production9ea5-b88d/media/Endeavour-Energy/Publications/PDFs/ANS-and-Network-Price-List/NUOS-Price-List-202526-v11.pdf,,4c54e27197fc331da113d3358f2297a7ed6bc43d7116e6d9d8b45f89e557efb7
DNSP,Endeavour Energy,2024-25,Endeavour Network Price List 2024-25 v1.0 (own site),sources/dnsp/endeavour/Endeavour_NUOS_Price_List_2024-25_v10.pdf,https://edge.sitecorecloud.io/endeavouren152b-endeavouren7772-production9ea5-b88d/media/Endeavour-Energy/Publications/PDFs/ANS-and-Network-Price-List/NUOS-Price-List-202425-v10.pdf,duplicate copy at https://www.endeavourenergy.com.au/media/Endeavour-Energy/Publications/PDFs/Network-price-list_Publication_Endeavour-Energy_2024.pdf,31c6c9376853f1a1ad3008694af3789e98ad523b665d5f8850d171ece1bfd5c7
DNSP,Endeavour Energy,2023-24,NOT AVAILABLE on endeavourenergy.com.au or Wayback; use AER_HOSTED 2023-24 pricing proposal,,,MISSING,
DNSP,Essential Energy,2026-27,Essential Network Price List and Explanatory Notes 2026-27 (own site),sources/dnsp/essential/Essential_Price_List_and_Explanatory_Notes_2026-27.pdf,https://www.essentialenergy.com.au/-/media/Project/EssentialEnergy/Website/Files/Our-Network/PriceListAndExplanatoryNotes2026-27.pdf,site pages are Cloudflare-protected but direct file URL served,3c2fb6330e5346fceccf3201b82cd0468a08ffc7efc6ddebd62e703037e1b039
DNSP,Essential Energy,2025-26,Essential Network Price List and Explanatory Notes 2025-26 (own site),sources/dnsp/essential/Essential_Price_List_and_Explanatory_Notes_2025-26.pdf,https://www.essentialenergy.com.au/-/media/Project/EssentialEnergy/Website/Files/Our-Network/PriceListAndExplanatoryNotes2025-26.pdf?rev=429a74eaf5a745bda3bf6965d7147cd2,,537df582c360e2625c14b83a6638c57eea6f6d0631963c19cf445cb453a7a3e1
DNSP,Essential Energy,2024-25,Essential Network Price List and Explanatory Notes 2024-25 (own site),sources/dnsp/essential/Essential_Price_List_and_Explanatory_Notes_2024-25.pdf,https://www.essentialenergy.com.au/-/media/Project/EssentialEnergy/Website/Files/Our-Network/PriceListAndExplanatoryNotes2024-25.pdf?rev=1b3f27cf847e4f4ab903b59b257cd0ff,,47732ee59ffa2b75b3fc7ff933fa932d8b65372e41388c7067591966d5de9691
DNSP,Essential Energy,2023-24,NOT AVAILABLE on essentialenergy.com.au or Wayback; use AER_HOSTED 2023-24 Network Price List xlsx,,,MISSING,
DNSP,Energex,2026-27,Energex 2026-27 Network Price List (Updated for Sch 8) xlsx - Wayback copy (14 Jul 2026) of own-site file; energex.com.au blocks automated access (Cloudflare),sources/dnsp/energex/Energex_Network_Price_List_2026-27_Sch8_wayback.xlsx,https://web.archive.org/web/20260714065003/https://www.energex.com.au/__data/assets/excel_doc/0010/1985968/Energex-2026-27-Network-Price-List-Updated-for-Sch-8.xlsx,WAYBACK,b51004619ab44b7b8b732e31595f4543e6a41d8ebb030dfb6e321c9a8b80abdb
DNSP,Energex,2025-26,Energex 2025-26 Network Price List (updated for Sch 8) xlsx - Wayback copy (6 Nov 2025),sources/dnsp/energex/Energex_Network_Price_List_2025-26_Sch8_wayback.xlsx,https://web.archive.org/web/20251106081540/https://www.energex.com.au/__data/assets/excel_doc/0005/1631165/Energex-2025-26-Network-Price-List-updated-for-Sch-8.xlsx,WAYBACK,103286f892fe75750f32df146cf59039206148ae15635521e4a39db0f34be2da
DNSP,Energex,2024-25,Energex 2024-25 Network Price List (Updated for Sch 8) xlsx - Wayback copy (24 Oct 2024),sources/dnsp/energex/Energex_Network_Price_List_2024-25_Sch8_wayback.xlsx,https://web.archive.org/web/20241024104238/https://www.energex.com.au/__data/assets/excel_doc/0020/1314425/Energex-2024-25-Network-Price-List-Updated-for-Sch-8.xlsx,WAYBACK,b4abc012084a9f2a3d6f2b3886f78c1b469c6b3a5865391166fdb449aafd1c01
DNSP,Energex,2023-24,Energex 2023-24 Network Price List (UPDATED for SCH8) xlsx - Wayback copy (14 Oct 2023),sources/dnsp/energex/Energex_Network_Price_List_2023-24_Sch8_wayback.xlsx,https://web.archive.org/web/20231014001651/https://www.energex.com.au/__data/assets/excel_doc/0006/980655/Energex-2023-24-Network-Price-List-UPDATED-for-SCH8.xlsx,WAYBACK,c881c753f05dff935f849187bfa6755cde3a056fc4c901be8eb95fd46615bf02
DNSP,Ergon Energy,2026-27,Ergon Energy 2026-27 Network Price List (Updated for Sch 8) xlsx - Wayback copy (30 Aug 2026),sources/dnsp/ergon/Ergon_Network_Price_List_2026-27_Sch8_wayback.xlsx,https://web.archive.org/web/20260830070034/https://www.ergon.com.au/__data/assets/excel_doc/0012/1985979/Ergon-Energy-2026-27-Network-Price-List-Updated-for-Sch-8.xlsx,WAYBACK,2a01cb08943fc5822c4a1bf3118c744c0d1e0438286690674228c89529666513
DNSP,Ergon Energy,2025-26,Ergon Energy 2025-26 Network Price List (updated for Sch 8) xlsx - Wayback copy (15 Nov 2025),sources/dnsp/ergon/Ergon_Network_Price_List_2025-26_Sch8_wayback.xlsx,https://web.archive.org/web/20251115144400/https://www.ergon.com.au/__data/assets/excel_doc/0006/1631166/Ergon-Energy-2025-26-Network-Price-List-updated-for-Sch-8.xlsx,WAYBACK,7c0253614945550dcc9ff480934e7d5b71bb721d2a1f21dda92469f71e080604
DNSP,Ergon Energy,2024-25,Ergon 2024-25 Network Price List (Updated for Sch 8) xlsx - Wayback copy (3 Nov 2024),sources/dnsp/ergon/Ergon_Network_Price_List_2024-25_Sch8_wayback.xlsx,https://web.archive.org/web/20241103164817/https://www.ergon.com.au/__data/assets/excel_doc/0018/1314414/Ergon-2024-25-Network-Price-List-Updated-for-Sch-8.xlsx,WAYBACK,19fba560f63f80e0f6dbede69ca4726785e5d906dae233b54fc7bbc621c936ae
DNSP,Ergon Energy,2023-24,Ergon Energy 2023-24 Network Price List (UPDATED for SCH8) xlsx - Wayback copy (14 Oct 2023),sources/dnsp/ergon/Ergon_Network_Price_List_2023-24_Sch8_wayback.xlsx,https://web.archive.org/web/20231014051602/https://www.ergon.com.au/__data/assets/excel_doc/0009/1084851/Ergon-Energy-2023-24-Network-Price-List-UPDATED-for-SCH8.xlsx,WAYBACK,55325a64168a4683721f2459559f4114a513b2ba22e53216dd8671c1e5efefc0
DNSP,SA Power Networks,2026-27,SAPN Tariff Price List v1.0 (1 July 2026) (own site),sources/dnsp/sapn/SAPN_Tariff_Price_List_2026-27_id338674.pdf,https://www.sapowernetworks.com.au/public/download.jsp?id=338674,linked from https://www.sapowernetworks.com.au/data/326154/tariff-price-list/,a64df218c5c0c6051ef454a47a47056e90484001717be226716d7b0a67629b74
DNSP,SA Power Networks,2025-26,SAPN Initial Pricing Proposal Overview 2025-26 (May 2025) (own site) - Table 9 NUoS Tariff Schedule 2025-26; the standalone 2025-26 Tariff Price List is no longer served (superseded in place) and is not in Wayback,sources/dnsp/sapn/SAPN_Initial_Pricing_Proposal_Overview_2025-26_id333252.pdf,https://www.sapowernetworks.com.au/public/download.jsp?id=333252,PARTIAL - overview document rather than price list,d6cfb94038e8710ce09dc01fe6d56b1a376ca98c2b6501264792bec95df45fbc
DNSP,SA Power Networks,2024-25,SAPN Tariff Price List (1 July 2024) (own site),sources/dnsp/sapn/SAPN_Tariff_Price_List_2024-25_id328119.pdf,https://www.sapowernetworks.com.au/public/download.jsp?id=328119,,04d6968301c0d498b0e628c1b8a408e4bed7d231969a24efeca6ee3070017b05
DNSP,SA Power Networks,2023-24,SAPN Tariff Price List (1 July 2023) (own site),sources/dnsp/sapn/SAPN_Tariff_Price_List_2023-24_id320662.pdf,https://www.sapowernetworks.com.au/public/download.jsp?id=320662,,48f6d5ad2ecc8d5b0d9531eafc43959b28078bb5e79a2eea867c67147a7e035d
DNSP,CitiPower,2026-27,CitiPower FINAL 2026-27 Tariff Summary xlsx (own site; 7 May 2026),sources/dnsp/citipower/CitiPower_Tariff_Summary_2026-27_07May2026.xlsx,https://media.powercor.com.au/documents/Network-pricing/CitiPower-FINAL-2026-27-Tariff-Summary-07-May-2026-PUBLIC.xlsx,linked from https://www.citipower.com.au/news-and-media/blog/pricing,4f27df6ec5d54712b9ca05ae1b7e3bf6106d704bd3a4e82192e9dff02e8e0154
DNSP,CitiPower,2026-27,CitiPower 2026-27 Pricing proposal PDF (own site),sources/dnsp/citipower/CitiPower_Pricing_Proposal_2026-27_07May2026.pdf,https://media.powercor.com.au/documents/Migrated-Documents/CitiPower-2026-27-Pricing-07-May-2026-PUBLIC.pdf,,a66851851eac9686b3d0a1ea0f3cb652656321108919b80511292154a09a1af3
DNSP,CitiPower,2025-26,CitiPower 2025-26 Final Pricing PDF - Wayback copy (5 Nov 2025); own-site URL now returns 403,sources/dnsp/citipower/CitiPower_Pricing_Proposal_2025-26_31Mar2025_wayback.pdf,https://web.archive.org/web/20251105074227/https://media.powercor.com.au/wp-content/uploads/2025/05/15155916/CitiPower-2025-26-Final-Pricing-31-March-2025.pdf,WAYBACK; 2025-26 Tariff Summary xlsx for CitiPower not archived,00bfb7c1069e69e0f055e3433caf3ca01a60efcb22bf08c591ff6ba380bb27f2
DNSP,CitiPower,2024-25,CitiPower 2024-25 Pricing PDF - Wayback copy (14 Jan 2025),sources/dnsp/citipower/CitiPower_Pricing_Proposal_2024-25_28Mar2024_wayback.pdf,https://web.archive.org/web/20250114231917/https://media.powercor.com.au/wp-content/uploads/2024/06/11153813/CitiPower-2024-25-Pricing-28-March-2024-PUBLIC.pdf,WAYBACK,4561aeb7c32c31cfb5ea7325d931a796ee1ebd147ea3a8e291a067db26f8f331
DNSP,CitiPower,2023-24,CitiPower 2023-24 Pricing Proposal PDF - Wayback copy (19 Jun 2023),sources/dnsp/citipower/CitiPower_Pricing_Proposal_2023-24_wayback.pdf,https://web.archive.org/web/20230619153219/https://media.powercor.com.au/wp-content/uploads/2023/05/17151834/CitiPower_2023-24_Pricing_-Proposal.pdf,WAYBACK,a85e0d4cbe4f0c6378c43971906447f46dac896e54f18c0670f50885532e439d
DNSP,Powercor,2026-27,Powercor FINAL 2026-27 Tariff Summary xlsx (own site; 7 May 2026),sources/dnsp/powercor/Powercor_Tariff_Summary_2026-27_07May2026.xlsx,https://media.powercor.com.au/documents/Network-pricing/Powercor-FINAL-2026-27-Tariff-Summary-07-May-2026-PUBLIC.xlsx,linked from https://www.powercor.com.au/news-and-media/blog/pricing,381716b07f2482f1250d7cb9535c4b82a559e3d4fa804822f002b701be5f0dc2
DNSP,Powercor,2026-27,Powercor 2026-27 Pricing proposal PDF (own site),sources/dnsp/powercor/Powercor_Pricing_Proposal_2026-27_07May2026.pdf,https://media.powercor.com.au/documents/Migrated-Documents/Powercor-2026-27-Pricing-07-May-2026-PUBLIC.pdf,,6b3ef0090fb68d52de5a85f85e2a67129d89b7fa6ac36f504c2801394951fe96
DNSP,Powercor,2025-26,Powercor FINAL 2025-26 Tariff Summary xlsx - Wayback copy (17 Nov 2025),sources/dnsp/powercor/Powercor_Tariff_Summary_2025-26_31Mar2025_wayback.xlsx,https://web.archive.org/web/20251117072752/https://media.powercor.com.au/wp-content/uploads/2025/05/15155928/Powercor-FINAL-2025-26-Tariff-Summary-31-March-2025-PUBLIC.xlsx,WAYBACK,a4f9fd1d9ad0ba0967ec3e143ab24a7cb7ca9237f6799db2e773670f25641618
DNSP,Powercor,2025-26,Powercor 2025-26 Final Pricing PDF - Wayback copy (5 Nov 2025),sources/dnsp/powercor/Powercor_Pricing_Proposal_2025-26_31Mar2025_wayback.pdf,https://web.archive.org/web/20251105074229/https://media.powercor.com.au/wp-content/uploads/2025/05/15155915/Powercor-2025-26-Final-Pricing-31-March-2025.pdf,WAYBACK,23cc50472ad1b270dfed8717fa756f2bd5ebea0a5198e47175413b3784b394e4
DNSP,Powercor,2024-25,Powercor 2024-25 Pricing PDF - Wayback copy (15 Jan 2025),sources/dnsp/powercor/Powercor_Pricing_Proposal_2024-25_28Mar2024_wayback.pdf,https://web.archive.org/web/20250115000217/https://media.powercor.com.au/wp-content/uploads/2024/06/11153814/Powercor-2024-25-Pricing-28-March-2024-PUBLIC.pdf,WAYBACK,ea6953261052529cdac564d5459460dff1ec44751c744e28e8fc279cb7cacf4e
DNSP,Powercor,2023-24,NOT AVAILABLE on own site (403) and not in Wayback; use AER_HOSTED 2023-24 Tariff Summary xlsx,,,MISSING,
DNSP,United Energy,2026-27,United Energy FINAL 2026-27 Tariff Summary xlsx (own site; 7 May 2026),sources/dnsp/unitedenergy/UE_Tariff_Summary_2026-27_07May2026.xlsx,https://media.unitedenergy.com.au/factsheets/United-Energy-FINAL-2026-27-Tariff-Summary-07-May-2026-PUBLIC.xlsx,linked from https://www.unitedenergy.com.au/what-we-do/putting-customers-first/affordability,edda303c646643350692f9f57906e464f26a7df09c9aba30302f89d06ad99778
DNSP,United Energy,2026-27,United Energy 2026-27 Pricing PDF (own site),sources/dnsp/unitedenergy/UE_Pricing_Proposal_2026-27_07May2026.pdf,https://media.unitedenergy.com.au/factsheets/United-Energy-2026-27-Pricing-07-May-2026-PUBLIC.pdf,,33b945614272a5879ed63368f8fdf0057abeabea281ad7f76b59ceae9d7fb7f5
DNSP,United Energy,2025-26,NOT AVAILABLE on own site (403) and not in Wayback; use AER_HOSTED 2025-26 Final Pricing PDF,,,MISSING,
DNSP,United Energy,2024-25,NOT AVAILABLE on own site (403) and not in Wayback; use AER_HOSTED 2024-25 Tariff Summary xlsx,,,MISSING,
DNSP,United Energy,2023-24,United Energy 2023-2024 Pricing Proposal PDF - Wayback copy (10 Aug 2023),sources/dnsp/unitedenergy/UE_Pricing_Proposal_2023-24_wayback.pdf,https://web.archive.org/web/20230810083614/https://media.unitedenergy.com.au/reports/United_Energy_2023-2024_Pricing_Proposal.pdf,WAYBACK,57b3110c39e39ba7db3891231c1f446e0352a3a977d483ffa2ac28a63fd67624
DNSP,Jemena,2026-27,Jemena JEN 2026-27 Network Tariff Schedule (own site),sources/dnsp/jemena/Jemena_Network_Tariff_Schedule_2026-27.pdf,https://www.jemena.com.au/contentassets/a440c960e37a4eca8497cf44990ebe0b/jen-2026-27-network-tariff-schedule.pdf,linked from https://www.jemena.com.au/electricity/jemena-electricity-network/network-information/,1d5b70ab2fca93fa7984a238400637eeb00e69f16b35b2e4c65dfdd687e7db09
DNSP,Jemena,2025-26,Jemena JEN 2025-26 Network Tariff Schedule (own site),sources/dnsp/jemena/Jemena_Network_Tariff_Schedule_2025-26.pdf,https://www.jemena.com.au/contentassets/a440c960e37a4eca8497cf44990ebe0b/jen---2025-26-network-tariff-schedule.pdf,,3236f0fe3df57ab67d474eb1fa8fe7e8d3d33fd25924d414c92c3abd829f1bef
DNSP,Jemena,2024-25,Jemena JEN 2024-25 Tariff Schedule (own site),sources/dnsp/jemena/Jemena_Network_Tariff_Schedule_2024-25.pdf,https://www.jemena.com.au/siteassets/asset-folder/documents/documents/2024-25---tariff-schedule.pdf,,629cce89347d004b5a0d40ced692788d9c807a68f677095ecb3da488b52fba04
DNSP,Jemena,2023-24,Jemena JEN 2023-24 Tariff Schedule (own site; effective 1 July 2023),sources/dnsp/jemena/Jemena_Network_Tariff_Schedule_2023-24.pdf,https://www.jemena.com.au/siteassets/asset-folder/documents/documents/2024-tariff-schedule.pdf,,f295fbaafd5d627fe35cf11f5c28548f854985fdf13968e6c925a374b938f78d
DNSP,AusNet Services,2026-27,AusNet Network Tariff Schedule 2026-27 xlsx (own site; 15 May 2026),sources/dnsp/ausnet/AusNet_Network_Tariff_Schedule_2026-27_20260515.xlsx,https://www.ausnetservices.com.au/-/media/project/ausnet/corporate-website/files/electricity/tariffs-and-charges/2027/ausnet---network-tariff-schedule-2026-27---20260515.xlsx?rev=bcd9eeedbe1c4b9cbba7ccc0f383df89,linked from https://www.ausnetservices.com.au/electricity/tariffs-and-charges/network-tariffs,a25f188ead25195add1b88f5468bd090188de7745376013bffd34bf4aea634d4
DNSP,AusNet Services,2025-26,AusNet Network Tariff Schedule 2025-26 xlsx (own site),sources/dnsp/ausnet/AusNet_Network_Tariff_Schedule_2025-26.xlsx,https://www.ausnetservices.com.au/-/media/project/ausnet/corporate-website/files/electricity/tariffs-and-charges/2026/network-tariff-schedule-2025-26.xlsx?rev=b7d9ee4b25ce471a824baf6fe65eb595,,eca015f7ffa060baf75304fda240dd1522a81f349e3d490db6e60209ed60a141
DNSP,AusNet Services,2024-25,AusNet Annual Pricing Proposal 2024-25 PDF (own site; schedule of tariffs in appendix),sources/dnsp/ausnet/AusNet_Annual_Pricing_Proposal_2024-25.pdf,https://www.ausnetservices.com.au/-/media/project/ausnet/corporate-website/files/electricity/tariffs-and-charges/2024/ausnet-services---annual-pricing-proposal-2024-25---28-march-2024.pdf?rev=8b863b5fd2d74828ab0236c1c454bb12&hash=5894166D0C6DED1E8DD533EDFA16342D,own site no longer lists the 2024-25 xlsx schedule; AER_HOSTED xlsx available,15a49be558ab4305bb4392c5eb398b9b3500c3ecf6e4ab6207223926d29c6fe7
DNSP,AusNet Services,2023-24,AusNet Annual Pricing Proposal 2023-24 PDF (own site),sources/dnsp/ausnet/AusNet_Annual_Pricing_Proposal_2023-24.pdf,https://www.ausnetservices.com.au/-/media/project/ausnet/corporate-website/files/electricity/tariffs-and-charges/2023/ausnet---annual-pricing-proposal-2023-24.pdf?rev=247c8afd01f84623b681eca11bcccdbc&hash=18ABE05392D6BFB58B1F62F1190B227D,,5d097392448be7ad6d20a52d2bf6bf70ce24376648f4d162fc5f94e7746400fb
DNSP,Evoenergy,2026-27,Evoenergy Schedule of Charges 2026-27 incl LFiT xlsx (own site; June 2026),sources/dnsp/evoenergy/Evoenergy_Schedule_of_Charges_2026-27_incl_LFiT_June2026.xlsx,https://www.evoenergy.com.au/-/media/Project/Evoenergy/EVO/Documents/Electricity/Evoenergy-2026-27-Schedule-of-Charges-incl-LFiT--June-2026.xlsx?rev=453f269753e34181bdee5a725a3fd5d4&hash=7428AEDE3D03BE5629F27DDD96C90103,linked from https://www.evoenergy.com.au/Your-Energy/Pricing-and-tariffs/Electricity-network-pricing ; includes ACT LFiT scheme costs which AER file excludes,816ea9351b514f24393872df549c24886f9d921a6336e351cab1aed25e9845ec
DNSP,Evoenergy,2026-27,Evoenergy Schedule of Charges 2026-27 AER-approved (excl LFiT) xlsx (own site; April 2026),sources/dnsp/evoenergy/Evoenergy_Schedule_of_Charges_2026-27_AER_approved_April2026.xlsx,https://www.evoenergy.com.au/-/media/Project/Evoenergy/EVO/Documents/Electricity/Evoenergy-2026-27-Schedule-of-Charges-AER-approved-April-2026.xlsx?rev=f7bbf306fbff4781a5c511979cb1eeb3&hash=AE48FA9EC1F54A99066D534FE09318B3,,793fb8394a2adfd370e566580152f24ed8dd72720d7b0290b3f11dd9726cc9a9
DNSP,Evoenergy,2025-26,Evoenergy Schedule of Charges 2025-26 incl LFiT xlsx (own site; May 2025),sources/dnsp/evoenergy/Evoenergy_Schedule_of_Charges_2025-26_incl_LFiT_May2025.xlsx,https://www.evoenergy.com.au/-/media/Project/Evoenergy/EVO/Documents/Electricity/Evoenergy-2025-26-Schedule-of-Charges-incl-LFiT--May-2025.xlsx?rev=178187e94c114445b7b112b1b9dab0db&hash=60625602851A906E9A81A47656BF459D,includes LFiT,f0377c9d98ba8d406243b01010a05a8530b1222e77e99ecaa92edf9b1819f4a6
DNSP,Evoenergy,2024-25,Evoenergy electricity schedule of charges 2024-25 LFiT adjusted PDF (own site),sources/dnsp/evoenergy/Evoenergy_Schedule_of_Charges_2024-25_LFiT_adjusted.pdf,https://www.evoenergy.com.au/-/media/Project/Evoenergy/EVO/Documents/Electricity/Evoenergy-electricity-schedule-of-charges-2024-25-LFiT-adjusted.pdf?rev=cfd603e7eccc4ae0a30b1a281864e546&hash=1FFD8DDEFA9984066AE6E3CEDF1EEA8B,includes LFiT,2ec888e8be322f9f45c9102af6eb79950a017cbb708e3adc590b8ee4008a764c
DNSP,Evoenergy,2023-24,Evoenergy Statement of Tariff Classes and Tariffs 2023-24 PDF (own site),sources/dnsp/evoenergy/Evoenergy_Statement_of_Tariff_Classes_and_Tariffs_2023-24.pdf,https://www.evoenergy.com.au/-/media/Project/Evoenergy/EVO/Documents/Electricity/Evoenergy-Statement-of-Tariff-Classes-and-Tarrifs-2023-24.pdf?rev=c8ff4e39d7f444c189a0a667b1e93b54,,fc4ed8800755d0f6d9f143056d1d29a9704b10ca2ca16a4ff3cd8855efbcbcb3
DNSP,TasNetworks,2026-27,TasNetworks 2026-27 Network Pricing Schedule for SCS xlsx (own site),sources/dnsp/tasnetworks/TasNetworks_Network_Pricing_Schedule_2026-27.xlsx,https://www.tasnetworks.com.au/Documents/Manual-documents/Pricing/2026-27/Network-Pricing-Schedule-2026-27,linked from https://www.tasnetworks.com.au/poles-and-wires/pricing/regulated-distribution-pricing/distribution-prices,2d4cf18823dba811c92ecb3f4a14bee919f4afaca14ddd6520bb634dd1d89982
DNSP,TasNetworks,2025-26,TasNetworks 2025-26 Network Tariff Pricing Schedule for SCS xlsx (own site),sources/dnsp/tasnetworks/TasNetworks_Network_Tariff_Pricing_Schedule_SCS_2025-26.xlsx,https://www.tasnetworks.com.au/Documents/Manual-documents/Pricing/2025-26/2025-26-Network-Tariff-Pricing-Schedule-for-SCS,,16fcf2d1fe5768e801346bde2e2378607561ccd1ad7f55c2efbd6e4abb4c9dea
DNSP,TasNetworks,2024-25,TasNetworks 2024-25 Network Tariff Pricing Schedule for SCS PDF (own site),sources/dnsp/tasnetworks/TasNetworks_Network_Tariff_Pricing_Schedule_SCS_2024-25.pdf,https://www.tasnetworks.com.au/Documents/Manual-documents/Pricing/2024-25/2024-25-Annual-SCS-Network-tariff-schedule,,1de47b4e7c5b5ca91d5bdace2b113a553f6f838aacbfcc6f2ed4683eb646faf1
DNSP,TasNetworks,2023-24,TasNetworks 2023-24 Network Tariff Pricing Schedule for SCS PDF (own site),sources/dnsp/tasnetworks/TasNetworks_Network_Tariff_Pricing_Schedule_SCS_2023-24.pdf,https://www.tasnetworks.com.au/Documents/Manual-documents/Pricing/2023-24-distribution/2023-24-Indicative-network-tariff-pricing-schedule,,99cc4541dcbec87526a90d8ee3f6734f9453189eb6a676eb3ba9f8cb83844f18
DNSP,Power and Water Corporation,2025-26,PWC Standard Control Service Tariffs 2025-26 (FINAL 21 May 2025) PDF - Wayback copy (26 Nov 2025); powerwater.com.au blocks automated access (Cloudflare),sources/dnsp/powerwater/PWC_SCS_Tariffs_2025-26_210525_wayback.pdf,https://web.archive.org/web/20251126073407/https://www.powerwater.com.au/__data/assets/pdf_file/0018/405117/3.FINAL-Power-and-Water-Corporation-Standard-Control-Service-Tariffs-2025-26-210525-clean.pdf,WAYBACK,c6c28343615b2c01bcc62a4dcf8cbe8028f38a544f81faa36d47bb8a376085c2
DNSP,Power and Water Corporation,2024-25,PWC Standard Control Service Tariffs 2024-25 PDF - Wayback copy (26 Nov 2025),sources/dnsp/powerwater/PWC_SCS_Tariffs_2024-25_wayback.pdf,https://web.archive.org/web/20251126073410/https://www.powerwater.com.au/__data/assets/pdf_file/0020/351119/Standard-Control-Service-Tariffs-2024-25.pdf,WAYBACK,2607cf6bb0f2656b33a6e127dbbe8e4ea3ec3276d6d15eebe32b825695ef333a
DNSP,Power and Water Corporation,2023-24,PWC Standard Control Service Tariffs 2023-24 PDF - Wayback copy (26 Nov 2025),sources/dnsp/powerwater/PWC_SCS_Tariffs_2023-24_wayback.pdf,https://web.archive.org/web/20251126073413/https://www.powerwater.com.au/__data/assets/pdf_file/0028/172675/Standard-Control-Service-Tariffs-2023-24.pdf,WAYBACK,ea375191010ef4f9e2828d710a3b56180e3bafd3e9b849d9dbe71b308bf27826
DNSP,Power and Water Corporation,2026-27,NOT AVAILABLE: own-site 2026-27 SCS tariff PDF blocked (Cloudflare) and not yet in Wayback; use AER_HOSTED 2026-27 Network Pricing Proposal,,,MISSING,
DNSP,SA Power Networks,2026-27,SAPN Annual Pricing Proposal Overview 2026-27 (July 2026) (own site) - Tables 2-8 tariff structures and charging parameters (windows and demand measurement) and Table 9 NUoS Tariff Schedule 2026-27,sources/dnsp/sapn/SAPN_Annual_Pricing_Proposal_Overview_2026-27_id338670.pdf,https://www.sapowernetworks.com.au/public/download.jsp?id=338670,retrieved 2026-10-09 (linked from https://www.sapowernetworks.com.au/data/322656/annual-pricing-proposal-overview/),98ecd4df54a6bea84febaf912b28033dfc9214dec8f22bb6903098826cda1c39
DNSP,Ausgrid,2026-27,Ausgrid ES7 Network Price Guide July 2026 (version 1.5; year 3 of the 2024-29 TSS; applies 2026-27) - TOU/demand/capacity windows and measurement,sources/dnsp/ausgrid/Ausgrid_ES7_Network_Price_Guide_2026-27_July2026.pdf,https://aopt-p-001.sitecorecontenthub.cloud/api/public/content/e6269666322946b19e591e5d6af9853c?v=f1b2c1ca,retrieved 2026-10-09 (linked as 'ES7 - Network Price Guide' from https://www.ausgrid.com.au/about-us/regulation-and-compliance/network-prices),4da0fe0a1700167b89abab95c0045aae98e660c5dc2f2053805a1fe56cafffcf
DNSP,Ausgrid,2025-26,Ausgrid ES7 Network Price Guide July 2025 (version 1.4; year 2 of the 2024-29 TSS; applies 2025-26) - Wayback copy (9 Jun 2026) of the own-site PDF,sources/dnsp/ausgrid/Ausgrid_ES7_Network_Price_Guide_2025-26_July2025_wayback.pdf,https://web.archive.org/web/20260609110535id_/https://aopt-p-001.sitecorecontenthub.cloud/api/public/content/e6269666322946b19e591e5d6af9853c?v=f1b2c1ca,retrieved 2026-10-09 WAYBACK,ff27d60fe3085f83da9357246bf6230807380b43c81cb8a39f1e9ce4d6e67761
DNSP,Ausgrid,2024-25,Ausgrid ES7 Network Price Guide July 2024 (version 1.3; approved FY2025-29 TSS; applies 2024-25) - Wayback copy (4 Oct 2024) of the own-site PDF,sources/dnsp/ausgrid/Ausgrid_ES7_Network_Price_Guide_2024-25_July2024_wayback.pdf,https://web.archive.org/web/20241004085323id_/https://www.ausgrid.com.au/-/media/Documents/Technical-Documentation/ES/ES7-Network-Price-Guide.pdf,retrieved 2026-10-09 WAYBACK,5c56694afdf6562121d29c25c04c0e16bf168ec4be0ce1b8fec3dc2d4b592ce0
DNSP,Ausgrid,2019-20,Ausgrid Tariff Structure Statement 2019-24 (AER-approved April 2019; Attachment 10.01; applies 2019-20 to 2023-24) - Wayback copy (7 Mar 2023) of the own-site PDF,sources/dnsp/ausgrid/Ausgrid_Tariff_Structure_Statement_2019-24_approved_April2019_wayback.pdf,https://web.archive.org/web/20230307003411id_/https://www.ausgrid.com.au/-/media/Documents/Regulation/Reports-plans/Ausgrid-approved-TSS-2019-24.pdf?rev=bdcad85222e34653a4e1df2177a433cf&hash=2D9EB18155DCD13EB7470E859EEE4AC2,retrieved 2026-10-09 WAYBACK,419eb3cf947d71210b7273ecb51fae9bd1f14d68db3e65f1add1f2668ed3257b
DNSP,Ausgrid,2024-25,Ausgrid Tariff Structure Statement Compliance Document 2024-29 (November 2023; listed by Ausgrid as its TSS for 2024-29; applies 2024-25 to 2028-29),sources/dnsp/ausgrid/Ausgrid_Tariff_Structure_Statement_Compliance_Document_2024-29_Nov2023.pdf,https://aopt-p-001.sitecorecontenthub.cloud/api/public/content/43186249e82a461aad26ed83ab6c0102?v=e3fd7222,retrieved 2026-10-09 (linked as 'Tariff Structure Statement (TSS) for 2024-29' from https://www.ausgrid.com.au/about-us/regulation-and-compliance/network-prices),2f993f324af4996f90dbc9a791a43d44d2ab48abe845392b1afd574569e9be31
DNSP,Energex,2023-24,"Energex Network Tariff Guide 2023-24 (1 July 2023 to 30 June 2024) - TOU windows and demand measurement per tariff - Wayback copy (14 Oct 2023)",sources/dnsp/energex/Energex_Network_Tariff_Guide_2023-24_wayback.pdf,https://web.archive.org/web/20231014005455/https://www.energex.com.au/__data/assets/pdf_file/0006/980700/EGX-Network-Tariff-Guide-2023-24.pdf,retrieved 2026-10-09 WAYBACK,b57e8b4832e7239e0d9c279263cb5ed5086fdfefcc138f6c4b45c145e7c96beb
DNSP,Energex,2024-25,"Energex Network Tariff Guide 2024-25 (V1.0 22 May 2024; 1 July 2024 to 30 June 2025) - TOU windows and demand measurement per tariff - Wayback copy (23 Jul 2024)",sources/dnsp/energex/Energex_Network_Tariff_Guide_2024-25_wayback.pdf,https://web.archive.org/web/20240723120046/https://www.energex.com.au/__data/assets/pdf_file/0019/1323640/Energex-Network-Tariff-Guide-2024-25.pdf,retrieved 2026-10-09 WAYBACK,be6ce2f91148c7abee5aedadd691903b0fd1dcfdc39bdedb4f7d407880c34702
DNSP,Energex,2025-26,"Energex Network Tariff Guide 2025-26 (V1.3 10 July 2025; 1 July 2025 to 30 June 2026) - TOU windows and demand measurement per tariff - Wayback copy (15 Nov 2025)",sources/dnsp/energex/Energex_Network_Tariff_Guide_2025-26_wayback.pdf,https://web.archive.org/web/20251115003154/https://www.energex.com.au/__data/assets/pdf_file/0006/1651551/Energex-Network-Tariff-Guide-2025-26.pdf,retrieved 2026-10-09 WAYBACK,7804fbf724967e9834f6ef36469e5bdcc35cdfc18c89914b5df36cce083f50ac
DNSP,Energex,2026-27,"Energex Network Tariff Guide 2026-27 (V1.0; 1 July 2026 to 30 June 2027) - TOU windows and demand measurement per tariff (own site; fetched in a real browser, energex.com.au blocks automated access)",sources/dnsp/energex/Energex_Network_Tariff_Guide_2026-27.pdf,https://www.energex.com.au/__data/assets/pdf_file/0011/2058077/Energex-Network-Tariff-Guide-2026-27.pdf,retrieved 2026-10-09,611bb2333ba91251692f183cc933b006935e86b0c2fb4688a6ba7d3d256425a5
AER_HOSTED,Energex,2024-25,"Energex Market Tariff Trial Notification 2024-25 (29 February 2024; sub-threshold storage trial tariffs; 2024-25 annual pricing proposal process)",sources/dnsp/energex/Energex_Tariff_Trial_Notification_2024-25.pdf,https://www.aer.gov.au/system/files/2024-03/Energex%202024-25%20-%20Tariff%20trial%20Notification%20-%2029%20February%202024%20-%20PUBLIC%2816457991.1%29_0.pdf,retrieved 2026-10-09,16c75edf26eb4412a9972ccf704c0145c6d6b57868c65ba67dbcfbc7efd423de
AER_HOSTED,Energex,2025-26,"Energex tariff trial notification 2025-26 (November 2024; Appendix E pages of the 2025-30 Tariff Structure Explanatory Statement; sub-threshold Dynamic Price Storage trial tariffs)",sources/dnsp/energex/Energex_Tariff_Trial_Notification_2025-26.pdf,https://www.aer.gov.au/system/files/2025-03/Energex%20-%20Tariff%20trial%20notification%20-%202025-26.pdf,retrieved 2026-10-09,574c48774777ec091576344f041892fdf50f300138237f0e2e495611faf01190
AER_HOSTED,Energex,2026-27,"Energex 2026-27 Network Tariff Notification - tariff trial notification (February 2026; sub-threshold trial tariffs; 2026-27 annual pricing proposal process)",sources/dnsp/energex/Energex_Tariff_Trial_Notification_2026-27.pdf,https://www.aer.gov.au/system/files/2026-03/Energex%20-%20Tariff%20trial%20notification%20-%202026-27.pdf,retrieved 2026-10-09,ac2cca8a9b4e4a41c309a9e69c52a6fc7957a1c6847f371c2acdef6eb9edc867
DNSP,Ergon Energy,2023-24,Ergon Energy Network Tariff Guide 2023-24 (applies 2023-24) - Wayback copy (14 Oct 2023),sources/dnsp/ergon/Ergon_Network_Tariff_Guide_2023-24_wayback.pdf,https://web.archive.org/web/20231014011824id_/https://www.ergon.com.au/__data/assets/pdf_file/0010/1084852/ERG-Network-Tariff-Guide-2023-24.pdf,retrieved 2026-10-09 WAYBACK,46339f6a41bc4e687b9d7d57ea493da584971d36df90a0fcfc0d6ae9b6dd6c01
DNSP,Ergon Energy,2024-25,Ergon Energy Network Tariff Guide 2024-25 (applies 2024-25) - Wayback copy (3 Nov 2024),sources/dnsp/ergon/Ergon_Network_Tariff_Guide_2024-25_wayback.pdf,https://web.archive.org/web/20241103164846id_/https://www.ergon.com.au/__data/assets/pdf_file/0020/1323641/Ergon-Energy-Network-Tariff-Guide-2024-25.pdf,retrieved 2026-10-09 WAYBACK,ba7d21f7d21c02ae91377f1ca3e2d7327ec791f78a274a8bccb55d518448410c
DNSP,Ergon Energy,2025-26,Ergon Energy Network Tariff Guide 2025-26 (applies 2025-26) - Wayback copy (31 Dec 2025),sources/dnsp/ergon/Ergon_Network_Tariff_Guide_2025-26_wayback.pdf,https://web.archive.org/web/20251231115124id_/https://www.ergon.com.au/__data/assets/pdf_file/0009/1651554/Ergon-Energy-Network-Tariff-Guide-2025-26.pdf,retrieved 2026-10-09 WAYBACK,c5bc787d33c252472b783d549a49caf61b36b0191597084f23353d2c5da225fa
DNSP,Ergon Energy,2026-27,Ergon Energy Network Tariff Guide 2026-27 (applies 2026-27),sources/dnsp/ergon/Ergon_Network_Tariff_Guide_2026-27.pdf,https://www.ergon.com.au/__data/assets/pdf_file/0009/2058084/Ergon-Energy-Network-Tariff-Guide-2026-27.pdf,retrieved 2026-10-09 (real browser; site blocks scripted fetches),d22d886519c74c24e63f0ffd4b986e22780568fd65d4f4f357371c104ba2ff59
AER_HOSTED,Ergon Energy,2024-25,Ergon Energy 2024-25 Tariff Trial Notification (29 Feb 2024; sub-threshold storage trial tariffs LFLEX/CFLEX/CPRCE; filed for the 2024-25 Pricing Proposal),sources/dnsp/ergon/Ergon_Tariff_Trial_Notification_2024-25_29Feb2024.pdf,https://www.aer.gov.au/system/files/2024-03/Ergon%20Energy%202024-25%20-%20Tariff%20trial%20notification%20-%2029%20February%202024%20-%20PUBLIC%2816457992.1%29_0.pdf,retrieved 2026-10-09,89cdd48728b4bab93256be599c14cbe6a2172bf5b7c248afbbe361f98ca83e63
AER_HOSTED,Ergon Energy,2025-26,Ergon Energy 2025-26 Tariff Trial Notification (Nov 2024; sub-threshold Dynamic Price Storage trial tariffs SPRCE/CPRCE; filed for the 2025-26 Pricing Proposal),sources/dnsp/ergon/Ergon_Tariff_Trial_Notification_2025-26.pdf,https://www.aer.gov.au/system/files/2025-03/Ergon%20Energy%20-%20Tariff%20trial%20notification%20-%202025-26.pdf,retrieved 2026-10-09,e4286a79c532118935f9b4595ef6213bc52f3525788db65157292f0d21920bc8
AER_HOSTED,Ergon Energy,2026-27,Ergon Energy 2026-27 Tariff Trial Notification (Feb 2026; sub-threshold Dynamic Business LV/HV trial tariffs; filed for the 2026-27 Pricing Proposal),sources/dnsp/ergon/Ergon_Tariff_Trial_Notification_2026-27.pdf,https://www.aer.gov.au/system/files/2026-03/Ergon%20Energy%20-%20Tariff%20trial%20notification%20-%202026-27.pdf,retrieved 2026-10-09,9150edc297106f9e06684eba0ea622d445412ab8be23bf003f0f57e53991447e
AER_HOSTED,Ausgrid,2025-26,Ausgrid 2025-26 sub-threshold tariff notification (tariff trial notification lodged with the 2025-26 annual Pricing Proposal; trial tariff structures),sources/dnsp/ausgrid/Ausgrid_2025-26_Tariff_trial_notification_Feb2025.pdf,https://www.aer.gov.au/system/files/2025-03/Ausgrid%20-%20Tariff%20trial%20notification%20-%202025-26.pdf,retrieved 2026-10-09,a55247f013a9a7379bb3f79878ed8ccbe1afe18e685c1cdf8e038291508392a0
DNSP,TasNetworks,2024-25,"TasNetworks Network Tariff Guide 2024-29 (published as 'Network tariff application guide for the 2024-2029 regulatory control period', v2.1 16 Jun 2025, from the 2024-25 pricing folder of its own site; time of use periods per tariff and Appendix 1 maximum demand application)",sources/dnsp/tasnetworks/TasNetworks_Network_Tariff_Application_Guide_2024-29_v2.1_16Jun2025.pdf,https://www.tasnetworks.com.au/Documents/Manual-documents/Pricing/2024-25/2024-2029-Network-Tariff-Application-Guide,retrieved 2026-10-09,9e9b6c35fcbd127bc5770a922f4c7badd620d8cb82bd513fe4b88470162b6e09
DNSP,TasNetworks,2025-26,"TasNetworks Network Tariff Guide 2024-29 (published as 'Network tariff application guide for the 2024-2029 regulatory control period', v2.3 26 Aug 2025, from the 2025-26 pricing folder of its own site; time of use periods per tariff and Appendix 1 maximum demand application)",sources/dnsp/tasnetworks/TasNetworks_Network_Tariff_Application_Guide_2024-29_v2.3_26Aug2025.pdf,https://www.tasnetworks.com.au/Documents/Manual-documents/Pricing/2025-26/2024-29-Network-Tariff-Application-Guide,retrieved 2026-10-09,db8363d666f8141bab8a3c68211647684509b1578c35f247e38211fa1f683ff7
DNSP,TasNetworks,2026-27,"TasNetworks Network Tariff Guide 2024-29 (published as 'Network tariff application guide for the 2024-2029 regulatory control period', v2.4 30 Jun 2026, from the 2026-27 pricing folder of its own site; time of use periods per tariff and Appendix 1 maximum demand application)",sources/dnsp/tasnetworks/TasNetworks_Network_Tariff_Application_Guide_2024-29_v2.4_30Jun2026.pdf,https://www.tasnetworks.com.au/Documents/Manual-documents/Pricing/2026-27/2024-2029-Network-Tariff-Application-Guide,retrieved 2026-10-09,add10c3c248eb6941837200a7e8db94daab3516864dbbaaa332cd52492cf5187
AER_HOSTED,CitiPower,2026-27,"CitiPower Tariff Structure Statement 2026-31 compliance document (AER final decision April 2026, revised TSS clean; applies 2026-27 to 2030-31)",sources/dnsp/citipower/CitiPower_Tariff_Structure_Statement_2026-31_AER_final_decision_April2026.pdf,https://www.aer.gov.au/system/files/2026-04/AER%20-%20Revised%20Tariff%20Structure%20Statement%20-%20Clean%20-%20CitiPower%20distribution%20determination%202026-31%20-%20April%202026.pdf,retrieved 2026-10-09,5b1ed2af25d16a0aed70cb90dc8f3b57ab3edba62af26a13882c2806a6e92061
AER_HOSTED,Powercor,2026-27,"Powercor Tariff Structure Statement 2026-31 compliance document (AER final decision April 2026, revised TSS clean; applies 2026-27 to 2030-31)",sources/dnsp/powercor/Powercor_Tariff_Structure_Statement_2026-31_AER_final_decision_April2026.pdf,https://www.aer.gov.au/system/files/2026-04/AER%20-%20Revised%20Tariff%20Structure%20Statement%20-%20Clean%20-%20Powercor%20distribution%20determination%202026-31%20-%20April%202026.pdf,retrieved 2026-10-09,e4f64aacddabd1ced0be03dd62e9a528ae492a2e60d0a0379fa5215baca4170c
AER_HOSTED,United Energy,2026-27,"United Energy Tariff Structure Statement 2026-31 compliance document (AER final decision April 2026, revised TSS clean; applies 2026-27 to 2030-31)",sources/dnsp/unitedenergy/UE_Tariff_Structure_Statement_2026-31_AER_final_decision_April2026.pdf,https://www.aer.gov.au/system/files/2026-04/AER%20-%20Revised%20Tariff%20Structure%20Statement%20-%20Clean%20-%20United%20Energy%20distribution%20determination%202026-31%20-%20April%202026_0.pdf,retrieved 2026-10-09,75e54ab5b63ed45d9ea601c50f304ff0778bf685d20a08ea7955a0315f1fb56d
AER_HOSTED,Jemena,2026-27,"Jemena (JEN) Tariff Structure Statement 2026-31 (Attachment 09-01; AER final decision April 2026, revised TSS clean; applies 2026-27 to 2030-31)",sources/dnsp/jemena/Jemena_Tariff_Structure_Statement_2026-31_AER_final_decision_April2026.pdf,https://www.aer.gov.au/system/files/2026-04/AER%20-%20Revised%20Tariff%20Structure%20Statement%20-%20Clean%20-%20Jemena%20distribution%20determination%202026-31%20-%20April%202026.pdf,retrieved 2026-10-09,4021cd1e8e6278e78132fae93dca0f9eb71a05ce5c34cae4ea4c550d98cd2a66
DNSP,United Energy,2021-22,"United Energy Tariff Structure Statement 1 July 2021 to 30 June 2026 (approved; applies 2021-22 to 2025-26) - Wayback copy (20 Jan 2022) of the own-site PDF",sources/dnsp/unitedenergy/UE_Tariff_Structure_Statement_2021-26_wayback.pdf,https://web.archive.org/web/20220120073829id_/https://www.unitedenergy.com.au/wp-content/uploads/2021/05/UE-TSS-2021-2026.pdf,retrieved 2026-10-09 WAYBACK,5d8f6d5f8f1590787190bd505025469f1ad48f8c69bd814486f0ef14f686dc42
AER_HOSTED,CitiPower,2021-22,"CitiPower Tariff Structure Statement 2021-26 (AER final decision April 2021, revised TSS clean; applies 2021-22 to 2025-26)",sources/dnsp/citipower/CitiPower_Tariff_Structure_Statement_2021-26_AER_final_decision_April2021.pdf,https://www.aer.gov.au/system/files/Final%20Decision%20-%20CitiPower%20distribution%20determination%202021%E2%80%9326%20-%20Revised%20Tariff%20Structure%20Statement%20-%20April%202021%20-%20Clean.pdf,retrieved 2026-10-09,a979749271c930a9bfb99f8e1207bf85dbd10b0efd182aa8c54b80cde720d852
AER_HOSTED,Powercor,2021-22,"Powercor Tariff Structure Statement 2021-26 (AER final decision April 2021, revised TSS clean; applies 2021-22 to 2025-26)",sources/dnsp/powercor/Powercor_Tariff_Structure_Statement_2021-26_AER_final_decision_April2021.pdf,https://www.aer.gov.au/system/files/Final%20Decision%20-%20Powercor%20distribution%20determination%202021%E2%80%9326%20-%20Revised%20Tariff%20Structure%20Statement%20-%20April%202021%20-%20Clean.pdf,retrieved 2026-10-09,7f8ceca6530a81ec3a0560896f67f21569ea026cbab3a3af78772f9ddba82733
AER_HOSTED,Jemena,2021-22,"Jemena Tariff Structure Statement 2021-26 (AER final decision April 2021, revised TSS, erratum July 2021, clean; applies 2021-22 to 2025-26)",sources/dnsp/jemena/Jemena_Tariff_Structure_Statement_2021-26_AER_final_decision_April2021_erratum_July2021.pdf,https://www.aer.gov.au/system/files/Final%20Decision%20-%20Jemena%20distribution%20determination%202021%E2%80%9326%20-%20Revised%20Tariff%20Structure%20Statement%20-%20April%202021%20-%20Erratum%20July%202021%20-%20Clean.pdf,retrieved 2026-10-09,6a717ebcc4cb1719594f28cb93b2c3df15ba6456486dc5bbd638f613432a3577
AER_HOSTED,AusNet Services,2021-22,"AusNet Services Tariff Structure Statement 2021-26 (AER final decision April 2021, revised TSS clean; applies 2021-22 to 2025-26)",sources/dnsp/ausnet/AusNet_Tariff_Structure_Statement_2021-26_AER_final_decision_April2021.pdf,https://www.aer.gov.au/system/files/Final%20Decision%20-%20AusNet%20Services%20distribution%20determination%202021%E2%80%9326%20-%20Revised%20Tariff%20Structure%20Statement%20-%20April%202021%20-%20Clean.pdf,retrieved 2026-10-09,78021db28439183a814fcce101036e545d3840f2589c6e873714a11a1c21c6df
AER_HOSTED,AusNet Services,2026-27,"AusNet Tariff Structure Statement 2026-31 (AER final decision April 2026, revised TSS clean; applies 2026-27 to 2030-31)",sources/dnsp/ausnet/AusNet_Tariff_Structure_Statement_2026-31_AER_final_decision_April2026.pdf,https://www.aer.gov.au/system/files/2026-04/AER%20-%20Revised%20Tariff%20Structure%20Statement%20-%20Clean%20-%20AusNet%20distribution%20determination%202026-31%20-%20April%202026.pdf,retrieved 2026-10-09,87fae17b7b6fedaf166953616d28f838b725fda5f7da0dcee339a015b864326d
DNSP,Endeavour Energy,2023-24,"Endeavour Network Price List: Network Tariffs 2023-24 v1.0 (own site, published 12 May 2023; Billing Calculations and Time of Day definitions)",sources/dnsp/endeavour/Endeavour_NUOS_Price_List_2023-24_v10.pdf,https://edge.sitecorecloud.io/endeavouren152b-endeavouren7772-production9ea5-b88d/media/Endeavour-Energy/Publications/PDFs/ANS-and-Network-Price-List/NUOS-Price-List-202324-v10.pdf,retrieved 2026-10-09,cd53afd23fe511094c505d9dea122f35f83f608f93197dd8c672493c5fd77566
DNSP,Essential Energy,2024-25,"Essential Energy Tariff Structure Statement 2024-29 (Revised TSS November 2023, as linked from Essential Energy's Tariff Structure Statement page; applies 2024-25 to 2028-29) - Wayback copy of the own-site PDF",sources/dnsp/essential/Essential_Revised_Tariff_Structure_Statement_2024-29_Nov2023_wayback.pdf,https://web.archive.org/web/20241223140544id_/https://www.essentialenergy.com.au/-/media/Project/EssentialEnergy/Website/Files/About-Us/2024-29-Revised-Tariff-Structure-Statement.pdf,retrieved 2026-10-09 WAYBACK,eb5b1fa4662af03b0ad52e816de04ee94142ce7725285e0e3776aed5596ba576
DNSP,Essential Energy,2019-20,"Essential Energy Tariff Structure Statement 2019-24 (Revised TSS January 2019, submitted with the revised regulatory proposal; applies 2019-20 to 2023-24) - Wayback copy of the own-site PDF",sources/dnsp/essential/Essential_Revised_Tariff_Structure_Statement_2019-24_Jan2019_wayback.pdf,https://web.archive.org/web/20241026124245id_/https://www.essentialenergy.com.au/-/media/Project/EssentialEnergy/Website/Files/About-Us/EssentialEnergyRevisedProposal12-1RevisedTSS.pdf?rev=6fe5f4c897f74d098b8f645c3d99385b,retrieved 2026-10-09 WAYBACK,ec439e3db0082ef97e325fe7032f95876c3e648bb73f009b10fafa3eb94059d4
