who,page_url,note
AER,https://www.aer.gov.au/industry/networks/pricing-proposals-and-tariff-variations,links the current year's consolidated stakeholder report landing page (followed automatically)
Ausgrid,https://www.ausgrid.com.au/about-us/regulation-and-compliance/network-prices,network price list
AusNet Services,https://www.ausnetservices.com.au/electricity/tariffs-and-charges/network-tariffs,network tariffs and tariff schedule
CitiPower,https://www.citipower.com.au/news-and-media/blog/pricing,pricing proposal and tariff summary
Endeavour Energy,https://www.endeavourenergy.com.au/working-with-us/retailers,network price list
Energex,https://www.energex.com.au/home/our-services/pricing-and-tariffs,blocks automated access: check by hand; keep a Wayback copy
Ergon Energy,https://www.ergon.com.au/network/network-management/network-pricing,blocks automated access: check by hand; keep a Wayback copy
Essential Energy,https://www.essentialenergy.com.au/our-network/network-pricing-and-regulatory-reporting/network-pricing,blocks automated access: check by hand
Evoenergy,https://www.evoenergy.com.au/Your-Energy/Pricing-and-tariffs/Electricity-network-pricing,schedule of charges
Jemena,https://www.jemena.com.au/electricity/jemena-electricity-network/network-information/,network tariff schedule
Power and Water Corporation,https://www.powerwater.com.au/pricing/electricity-network-regulation-and-pricing,blocks automated access: check by hand; keep a Wayback copy
Powercor,https://www.powercor.com.au/news-and-media/blog/pricing,pricing proposal and tariff summary
SA Power Networks,https://www.sapowernetworks.com.au/data/326154/tariff-price-list/,tariff price list
TasNetworks,https://www.tasnetworks.com.au/poles-and-wires/pricing/regulated-distribution-pricing/distribution-prices,network pricing schedule
United Energy,https://www.unitedenergy.com.au/what-we-do/putting-customers-first/affordability,pricing proposal and tariff summary
