page_url,link
https://www.aer.gov.au/documents/aer-2026-27-consolidated-stakeholder-report-20-may-2026,https://www.aer.gov.au/documents/aer-2026-27-consolidated-stakeholder-report-20-may-2026
https://www.aer.gov.au/documents/aer-2026-27-consolidated-stakeholder-report-20-may-2026,https://www.aer.gov.au/system/files/2026-08/AER%20%E2%80%93%202026%E2%80%9327%20%E2%80%93%20Consolidated%20stakeholder%20report%20%E2%80%93%2026%20August%202026.xlsx
https://www.aer.gov.au/documents/aer-consolidated-stakeholder-report-2025-26,https://www.aer.gov.au/documents/aer-consolidated-stakeholder-report-2025-26
https://www.aer.gov.au/documents/aer-consolidated-stakeholder-report-2025-26,https://www.aer.gov.au/system/files/2025-05/AER%20-%20Consolidated%20stakeholder%20report%202025%E2%80%9326%20v5%C2%A0.xlsx
https://www.aer.gov.au/industry/networks/pricing-proposals-and-tariff-variations,https://www.aer.gov.au/documents/aer-2026-27-consolidated-stakeholder-report-20-may-2026
https://www.ausgrid.com.au/about-us/regulation-and-compliance/network-prices,https://aopt-p-001.sitecorecontenthub.cloud/api/public/content/05fe9ad310ad42fca617a067f1026aa0?v=dac7cf33
https://www.ausgrid.com.au/about-us/regulation-and-compliance/network-prices,https://aopt-p-001.sitecorecontenthub.cloud/api/public/content/15cf72c0f7104702b34f2c4887871a07?v=b9dba0b4
https://www.ausgrid.com.au/about-us/regulation-and-compliance/network-prices,https://aopt-p-001.sitecorecontenthub.cloud/api/public/content/181f2d1dd8384f0e9588997057dad8f2?v=670d6d66
https://www.ausgrid.com.au/about-us/regulation-and-compliance/network-prices,https://aopt-p-001.sitecorecontenthub.cloud/api/public/content/3b5b67d7d3c84908aa85764259902cb8?v=5e213d9f
https://www.ausgrid.com.au/about-us/regulation-and-compliance/network-prices,https://aopt-p-001.sitecorecontenthub.cloud/api/public/content/43186249e82a461aad26ed83ab6c0102?v=e3fd7222
https://www.ausgrid.com.au/about-us/regulation-and-compliance/network-prices,https://aopt-p-001.sitecorecontenthub.cloud/api/public/content/51a361ba97ba4693ad3614f690e71be1?v=57da38d4
https://www.ausgrid.com.au/about-us/regulation-and-compliance/network-prices,https://aopt-p-001.sitecorecontenthub.cloud/api/public/content/54002fd2d3714156adb09beb5d169696?v=aaa96415
https://www.ausgrid.com.au/about-us/regulation-and-compliance/network-prices,https://aopt-p-001.sitecorecontenthub.cloud/api/public/content/5d64ee8d751a4949861d42453fbf3fcf?v=a1418ec8
https://www.ausgrid.com.au/about-us/regulation-and-compliance/network-prices,https://aopt-p-001.sitecorecontenthub.cloud/api/public/content/739b6dfa167442638f6edb01d78f818c?v=3820be35
https://www.ausgrid.com.au/about-us/regulation-and-compliance/network-prices,https://aopt-p-001.sitecorecontenthub.cloud/api/public/content/75a580f159584c9da6300f4ddff661ce?v=a0285615
https://www.ausgrid.com.au/about-us/regulation-and-compliance/network-prices,https://aopt-p-001.sitecorecontenthub.cloud/api/public/content/8004d83c39e04c4b8ded51bd8c2df01e?v=ea69663a
https://www.ausgrid.com.au/about-us/regulation-and-compliance/network-prices,https://aopt-p-001.sitecorecontenthub.cloud/api/public/content/a6b7b18dc0e84cda9ab067f61a6bbab7?v=21f13674
https://www.ausgrid.com.au/about-us/regulation-and-compliance/network-prices,https://aopt-p-001.sitecorecontenthub.cloud/api/public/content/b8fc1e0eb7ea4f2aba7b2351a06fc842?v=f3e92ce8
https://www.ausgrid.com.au/about-us/regulation-and-compliance/network-prices,https://aopt-p-001.sitecorecontenthub.cloud/api/public/content/e6269666322946b19e591e5d6af9853c?v=f1b2c1ca
https://www.ausgrid.com.au/about-us/regulation-and-compliance/network-prices,https://aopt-p-001.sitecorecontenthub.cloud/api/public/content/f6dd8fbead1242e38835d0a99912bc04?v=4d87f720
https://www.ausgrid.com.au/about-us/regulation-and-compliance/network-prices,https://aopt-p-001.sitecorecontenthub.cloud/api/public/content/fd73310a8074461aa6cd63aac1e4828d?v=41ffdc1b
https://www.ausnetservices.com.au/electricity/tariffs-and-charges/network-tariffs,https://www.ausnetservices.com.au/-/media/project/ausnet/corporate-website/files/electricity/tariffs-and-charges/2022/ausnet---annual-pricing-proposal-2022-23.pdf?rev=c666c844253445c4a37ebbeff7d16f2b&hash=30712473944C0155421FC0CBC2F8605C
https://www.ausnetservices.com.au/electricity/tariffs-and-charges/network-tariffs,https://www.ausnetservices.com.au/-/media/project/ausnet/corporate-website/files/electricity/tariffs-and-charges/2023/ausnet---annual-pricing-proposal-2023-24.pdf?rev=247c8afd01f84623b681eca11bcccdbc&hash=18ABE05392D6BFB58B1F62F1190B227D
https://www.ausnetservices.com.au/electricity/tariffs-and-charges/network-tariffs,https://www.ausnetservices.com.au/-/media/project/ausnet/corporate-website/files/electricity/tariffs-and-charges/2024/ausnet-services---annual-pricing-proposal-2024-25---28-march-2024.pdf?rev=8b863b5fd2d74828ab0236c1c454bb12&hash=5894166D0C6DED1E8DD533EDFA16342D
https://www.ausnetservices.com.au/electricity/tariffs-and-charges/network-tariffs,https://www.ausnetservices.com.au/-/media/project/ausnet/corporate-website/files/electricity/tariffs-and-charges/2026/alternative-control-services-2025-26.xls%3Frev=46dd81f56a684ca0ae47863895f7e5f7
https://www.ausnetservices.com.au/electricity/tariffs-and-charges/network-tariffs,https://www.ausnetservices.com.au/-/media/project/ausnet/corporate-website/files/electricity/tariffs-and-charges/2026/annual-pricing-proposal-2025-26.pdf?rev=9545d1b86de34c248816517cfb38214d&hash=50A10734566D434EFC90D70648854F40
https://www.ausnetservices.com.au/electricity/tariffs-and-charges/network-tariffs,https://www.ausnetservices.com.au/-/media/project/ausnet/corporate-website/files/electricity/tariffs-and-charges/2026/network-tariff-schedule-2025-26.xlsx%3Frev=b7d9ee4b25ce471a824baf6fe65eb595
https://www.ausnetservices.com.au/electricity/tariffs-and-charges/network-tariffs,https://www.ausnetservices.com.au/-/media/project/ausnet/corporate-website/files/electricity/tariffs-and-charges/2026/prescribed-metering-2025-26.xls%3Frev=11c21ce4ac5e4730b52ef852d6166584
https://www.ausnetservices.com.au/electricity/tariffs-and-charges/network-tariffs,https://www.ausnetservices.com.au/-/media/project/ausnet/corporate-website/files/electricity/tariffs-and-charges/2026/public-lighting-charges-2025-26.xlsx%3Frev=a5469c157bf7459e8143b6928eae7337
https://www.ausnetservices.com.au/electricity/tariffs-and-charges/network-tariffs,https://www.ausnetservices.com.au/-/media/project/ausnet/corporate-website/files/electricity/tariffs-and-charges/2026/unmetered-supply-2025-26.pdf%3Frev=96730793888447fbb4aa1e0cb1c0f379
https://www.ausnetservices.com.au/electricity/tariffs-and-charges/network-tariffs,https://www.ausnetservices.com.au/-/media/project/ausnet/corporate-website/files/electricity/tariffs-and-charges/2027/attachment-1---ausnet-annual-pricing-proposal-2026-27_-20260512.pdf?rev=62f1a3fe71e844ab9568d21ae10ca943&hash=2A214AE589F01882ED1F2ABAB747E0BD
https://www.ausnetservices.com.au/electricity/tariffs-and-charges/network-tariffs,https://www.ausnetservices.com.au/-/media/project/ausnet/corporate-website/files/electricity/tariffs-and-charges/2027/attachment-9---ausnet---alternative-control-services-2026-27-v2.xlsx%3Frev=dfafd48b0e1c442bab19d0ce12d1e0fa
https://www.ausnetservices.com.au/electricity/tariffs-and-charges/network-tariffs,https://www.ausnetservices.com.au/-/media/project/ausnet/corporate-website/files/electricity/tariffs-and-charges/2027/ausnet---network-tariff-schedule-2026-27---20260515.xlsx%3Frev=bcd9eeedbe1c4b9cbba7ccc0f383df89
https://www.ausnetservices.com.au/electricity/tariffs-and-charges/network-tariffs,https://www.ausnetservices.com.au/-/media/project/ausnet/corporate-website/files/electricity/tariffs-and-charges/2027/ausnet---prescribed-metering-2026-27.xlsx%3Frev=8062feb7350e45268f7e65c3d98d8f61
https://www.ausnetservices.com.au/electricity/tariffs-and-charges/network-tariffs,https://www.ausnetservices.com.au/-/media/project/ausnet/corporate-website/files/electricity/tariffs-and-charges/2027/ausnet---unmetered-supply-2026-27-v2.pdf%3Frev=d89d3752127242019154848453b3c3c3
https://www.ausnetservices.com.au/electricity/tariffs-and-charges/network-tariffs,https://www.ausnetservices.com.au/-/media/project/ausnet/corporate-website/files/electricity/tariffs-and-charges/2027/tariff-trial-notification.pdf?rev=077d6fbb15e8489fbfe73de3d138b983
https://www.ausnetservices.com.au/electricity/tariffs-and-charges/network-tariffs,https://www.ausnetservices.com.au/-/media/project/ausnet/corporate-website/files/electricity/tariffs-and-charges/network-tariffs/public-lighting-charges.xlsx%3Frev=34c5bd1fc3b1456887eaac902d022c3b
https://www.citipower.com.au/news-and-media/blog/pricing,https://media.powercor.com.au/documents/Migrated-Documents/CitiPower-2026-27-Pricing-07-May-2026-PUBLIC.pdf
https://www.citipower.com.au/news-and-media/blog/pricing,https://media.powercor.com.au/documents/Migrated-Documents/Powercor-2026-27-Pricing-07-May-2026-PUBLIC.pdf
https://www.citipower.com.au/news-and-media/blog/pricing,https://media.powercor.com.au/documents/Network-pricing/2026-27_Retailer-FAQ-CitiPower.pdf
https://www.citipower.com.au/news-and-media/blog/pricing,https://media.powercor.com.au/documents/Network-pricing/2026-27_Retailer-FAQ-Powercor.pdf
https://www.citipower.com.au/news-and-media/blog/pricing,https://media.powercor.com.au/documents/Network-pricing/26057-CPPC-Residential-network-tariffs-Fact-Sheet_v2.pdf
https://www.citipower.com.au/news-and-media/blog/pricing,https://media.powercor.com.au/documents/Network-pricing/AER-Revised-Tariff-Structure-Statement-Clean-CitiPower-distribution-determination-2026-31-April-2026.pdf
https://www.citipower.com.au/news-and-media/blog/pricing,https://media.powercor.com.au/documents/Network-pricing/AER-Revised-Tariff-Structure-Statement-Clean-Powercor-distribution-determination-2026-31-April-2026.pdf
https://www.citipower.com.au/news-and-media/blog/pricing,https://media.powercor.com.au/documents/Network-pricing/CPPC-Flexible-Network-tariffs-fact-sheet.pdf
https://www.citipower.com.au/news-and-media/blog/pricing,https://media.powercor.com.au/documents/Network-pricing/CPPC-large-customer-fact-sheet.pdf
https://www.citipower.com.au/news-and-media/blog/pricing,https://media.powercor.com.au/documents/Network-pricing/CitiPower-FINAL-2026-27-Tariff-Summary-07-May-2026-PUBLIC.xlsx
https://www.citipower.com.au/news-and-media/blog/pricing,https://media.powercor.com.au/documents/Network-pricing/Powercor-FINAL-2026-27-Tariff-Summary-07-May-2026-PUBLIC.xlsx
https://www.endeavourenergy.com.au/working-with-us/retailers,https://edge.sitecorecloud.io/endeavouren152b-endeavouren7772-production9ea5-b88d/media/Endeavour-Energy/Publications/Documents/ANS-Price-List-202627-v12---Final.pdf
https://www.endeavourenergy.com.au/working-with-us/retailers,https://edge.sitecorecloud.io/endeavouren152b-endeavouren7772-production9ea5-b88d/media/Endeavour-Energy/Publications/Documents/Indicative-Price-Schedule.pdf
https://www.endeavourenergy.com.au/working-with-us/retailers,https://edge.sitecorecloud.io/endeavouren152b-endeavouren7772-production9ea5-b88d/media/Endeavour-Energy/Publications/Documents/NUOS-Price-List.pdf
https://www.endeavourenergy.com.au/working-with-us/retailers,https://edge.sitecorecloud.io/endeavouren152b-endeavouren7772-production9ea5-b88d/media/Endeavour-Energy/Publications/PDFs/ANS-and-Network-Price-List/ANS-Price-List-202425-v13.pdf
https://www.endeavourenergy.com.au/working-with-us/retailers,https://edge.sitecorecloud.io/endeavouren152b-endeavouren7772-production9ea5-b88d/media/Endeavour-Energy/Publications/PDFs/ANS-and-Network-Price-List/ANS-Price-List-202526-v12.pdf
https://www.endeavourenergy.com.au/working-with-us/retailers,https://edge.sitecorecloud.io/endeavouren152b-endeavouren7772-production9ea5-b88d/media/Endeavour-Energy/Publications/PDFs/ANS-and-Network-Price-List/NUOS-Price-List-202425-v10.pdf
https://www.endeavourenergy.com.au/working-with-us/retailers,https://edge.sitecorecloud.io/endeavouren152b-endeavouren7772-production9ea5-b88d/media/Endeavour-Energy/Publications/PDFs/ANS-and-Network-Price-List/NUOS-Price-List-202526-v11.pdf
https://www.endeavourenergy.com.au/working-with-us/retailers,https://edge.sitecorecloud.io/endeavouren152b-endeavouren7772-production9ea5-b88d/media/Endeavour-Energy/Publications/PDFs/EE-RETAILER-QRG_ALLOCATION-OF-NMI-FINAL.pdf
https://www.endeavourenergy.com.au/working-with-us/retailers,https://edge.sitecorecloud.io/endeavouren152b-endeavouren7772-production9ea5-b88d/media/Endeavour-Energy/Publications/PDFs/EE-RETAILER-QRG_DISCONNECTION-FINAL.pdf
https://www.endeavourenergy.com.au/working-with-us/retailers,https://edge.sitecorecloud.io/endeavouren152b-endeavouren7772-production9ea5-b88d/media/Endeavour-Energy/Publications/PDFs/EE-RETAILER-QRG_METER-EXCHANGE-FINAL.pdf
https://www.endeavourenergy.com.au/working-with-us/retailers,https://edge.sitecorecloud.io/endeavouren152b-endeavouren7772-production9ea5-b88d/media/Endeavour-Energy/Publications/PDFs/EE-RETAILER-QRG_METER-INVESTIGATION-FINAL.pdf
https://www.endeavourenergy.com.au/working-with-us/retailers,https://edge.sitecorecloud.io/endeavouren152b-endeavouren7772-production9ea5-b88d/media/Endeavour-Energy/Publications/PDFs/EE-RETAILER-QRG_METER-RECONFIGURATION-FINAL.pdf
https://www.endeavourenergy.com.au/working-with-us/retailers,https://edge.sitecorecloud.io/endeavouren152b-endeavouren7772-production9ea5-b88d/media/Endeavour-Energy/Publications/PDFs/EE-RETAILER-QRG_NETWORK-TARIFFS-FINAL.pdf
https://www.endeavourenergy.com.au/working-with-us/retailers,https://edge.sitecorecloud.io/endeavouren152b-endeavouren7772-production9ea5-b88d/media/Endeavour-Energy/Publications/PDFs/EE-RETAILER-QRG_NMI-REMOVAL-FINAL.pdf
https://www.endeavourenergy.com.au/working-with-us/retailers,https://edge.sitecorecloud.io/endeavouren152b-endeavouren7772-production9ea5-b88d/media/Endeavour-Energy/Publications/PDFs/EE-RETAILER-QRG_NO-HOT-WATER-FINAL.pdf
https://www.endeavourenergy.com.au/working-with-us/retailers,https://edge.sitecorecloud.io/endeavouren152b-endeavouren7772-production9ea5-b88d/media/Endeavour-Energy/Publications/PDFs/EE-RETAILER-QRG_OIAI-FINAL.pdf
https://www.endeavourenergy.com.au/working-with-us/retailers,https://edge.sitecorecloud.io/endeavouren152b-endeavouren7772-production9ea5-b88d/media/Endeavour-Energy/Publications/PDFs/EE-RETAILER-QRG_POWER-INTERUPTION-FINAL.pdf
https://www.endeavourenergy.com.au/working-with-us/retailers,https://edge.sitecorecloud.io/endeavouren152b-endeavouren7772-production9ea5-b88d/media/Endeavour-Energy/Publications/PDFs/EE-RETAILER-QRG_RECONNECTION-FINAL.pdf
https://www.endeavourenergy.com.au/working-with-us/retailers,https://edge.sitecorecloud.io/endeavouren152b-endeavouren7772-production9ea5-b88d/media/Endeavour-Energy/Publications/PDFs/EE-RETAILER-QRG_SPECIAL-READ-FINAL.pdf
https://www.endeavourenergy.com.au/working-with-us/retailers,https://edge.sitecorecloud.io/endeavouren152b-endeavouren7772-production9ea5-b88d/media/Endeavour-Energy/Publications/PDFs/Endeavour-Energy-Retailer-and-Market-Guide_v29_-1Dec25.pdf
https://www.endeavourenergy.com.au/working-with-us/retailers,https://edge.sitecorecloud.io/endeavouren152b-endeavouren7772-production9ea5-b88d/media/Endeavour-Energy/Publications/PDFs/Legacy-Meter-Replacement-Plan_Endeavour-Energy_2025.pdf
https://www.endeavourenergy.com.au/working-with-us/retailers,https://edge.sitecorecloud.io/endeavouren152b-endeavouren7772-production9ea5-b88d/media/Endeavour-Energy/Publications/PDFs/Metering-reforms_smart_meter_fact_sheet_Endeavour-Energy_2025.pdf
https://www.endeavourenergy.com.au/working-with-us/retailers,https://edge.sitecorecloud.io/endeavouren152b-endeavouren7772-production9ea5-b88d/media/Endeavour-Energy/Publications/PDFs/Service-commitment-for-retailers_Publication_Endeavour-Energy_2024.pdf
https://www.endeavourenergy.com.au/working-with-us/retailers,https://edge.sitecorecloud.io/endeavouren152b-endeavouren7772-production9ea5-b88d/media/Endeavour-Energy/Publications/PDFs/Tariff-Structure-Explanatory-Statement_2024-2029_Fact-sheet_Endeavour-Energy_2023.pdf
https://www.essentialenergy.com.au/our-network/network-pricing-and-regulatory-reporting/network-pricing,https://www.essentialenergy.com.au/-/media/Project/EssentialEnergy/Website/Files/Our-Network/2024-25ANS-PriceList.pdf?rev=fe501ba025294fdd82c99a22539111ee
https://www.essentialenergy.com.au/our-network/network-pricing-and-regulatory-reporting/network-pricing,https://www.essentialenergy.com.au/-/media/Project/EssentialEnergy/Website/Files/Our-Network/2024-25PricingProposalOverview.pdf?rev=c775bd2d9a0a4dc885ba0c64076bcec1
https://www.essentialenergy.com.au/our-network/network-pricing-and-regulatory-reporting/network-pricing,https://www.essentialenergy.com.au/-/media/Project/EssentialEnergy/Website/Files/Our-Network/2024-25PublicLightingPriceList.pdf?rev=13747759008045ea9a351980fe95f244
https://www.essentialenergy.com.au/our-network/network-pricing-and-regulatory-reporting/network-pricing,https://www.essentialenergy.com.au/-/media/Project/EssentialEnergy/Website/Files/Our-Network/2025-26AnnualPricingProposalOverview.pdf?rev=95973e59a4f84cd6a7b8fb9f829c5ccc
https://www.essentialenergy.com.au/our-network/network-pricing-and-regulatory-reporting/network-pricing,https://www.essentialenergy.com.au/-/media/Project/EssentialEnergy/Website/Files/Our-Network/2026-27AnnualPricingProposalOverview.pdf?rev=74ee08eb5d3e476488b8ad50d3bfc35a
https://www.essentialenergy.com.au/our-network/network-pricing-and-regulatory-reporting/network-pricing,https://www.essentialenergy.com.au/-/media/Project/EssentialEnergy/Website/Files/Our-Network/AncillaryNetworkServicesPriceList2025-26.pdf?rev=3f0e9d2ea6bc40069bc15d56e27f1ad5
https://www.essentialenergy.com.au/our-network/network-pricing-and-regulatory-reporting/network-pricing,https://www.essentialenergy.com.au/-/media/Project/EssentialEnergy/Website/Files/Our-Network/AncillaryNetworkServicesPriceList2026-27.pdf?rev=6ddc39fe10024990b945a63ce30d8188
https://www.essentialenergy.com.au/our-network/network-pricing-and-regulatory-reporting/network-pricing,https://www.essentialenergy.com.au/-/media/Project/EssentialEnergy/Website/Files/Our-Network/B2BCodesforAncillaryNetworkServices2024-25.pdf?rev=a07f2bb7759c4e56b24fd2e14beacf16
https://www.essentialenergy.com.au/our-network/network-pricing-and-regulatory-reporting/network-pricing,https://www.essentialenergy.com.au/-/media/Project/EssentialEnergy/Website/Files/Our-Network/B2BCodesforAncillaryNetworkServices2025-26.pdf?rev=98178a802a304de4baddb8b71896e9f1
https://www.essentialenergy.com.au/our-network/network-pricing-and-regulatory-reporting/network-pricing,https://www.essentialenergy.com.au/-/media/Project/EssentialEnergy/Website/Files/Our-Network/B2BCodesforAncillaryNetworkServices2026-27.pdf?rev=24c59c5a97134bebbd640dceb6cf1b72
https://www.essentialenergy.com.au/our-network/network-pricing-and-regulatory-reporting/network-pricing,https://www.essentialenergy.com.au/-/media/Project/EssentialEnergy/Website/Files/Our-Network/CEOF251349.pdf?rev=4a8ed337fc9a47f8a7620927e4cf6c81
https://www.essentialenergy.com.au/our-network/network-pricing-and-regulatory-reporting/network-pricing,https://www.essentialenergy.com.au/-/media/Project/EssentialEnergy/Website/Files/Our-Network/DLF-Engagement-Report.pdf?rev=230ead4c704347a6a9b46d757aa62a73
https://www.essentialenergy.com.au/our-network/network-pricing-and-regulatory-reporting/network-pricing,https://www.essentialenergy.com.au/-/media/Project/EssentialEnergy/Website/Files/Our-Network/Network-Charge-Assignment-Reassignment-Policy-July-2024.pdf?rev=8327e2a60bc444c18332351fb6b79ee4
https://www.essentialenergy.com.au/our-network/network-pricing-and-regulatory-reporting/network-pricing,https://www.essentialenergy.com.au/-/media/Project/EssentialEnergy/Website/Files/Our-Network/PriceListAndExplanatoryNotes2024-25.pdf?rev=1b3f27cf847e4f4ab903b59b257cd0ff
https://www.essentialenergy.com.au/our-network/network-pricing-and-regulatory-reporting/network-pricing,https://www.essentialenergy.com.au/-/media/Project/EssentialEnergy/Website/Files/Our-Network/PriceListAndExplanatoryNotes2025-26.pdf?rev=429a74eaf5a745bda3bf6965d7147cd2
https://www.essentialenergy.com.au/our-network/network-pricing-and-regulatory-reporting/network-pricing,https://www.essentialenergy.com.au/-/media/Project/EssentialEnergy/Website/Files/Our-Network/PriceListAndExplanatoryNotes2026-27.pdf?rev=0ab208bfa6504200a761c2c888d29e54
https://www.essentialenergy.com.au/our-network/network-pricing-and-regulatory-reporting/network-pricing,https://www.essentialenergy.com.au/-/media/Project/EssentialEnergy/Website/Files/Our-Network/PublicLightingPriceList2025-26.pdf?rev=8d90534181f44c48adb3675c61b81bb8
https://www.essentialenergy.com.au/our-network/network-pricing-and-regulatory-reporting/network-pricing,https://www.essentialenergy.com.au/-/media/Project/EssentialEnergy/Website/Files/Our-Network/PublicLightingPriceList2026-27.pdf?rev=9d14966fdaf64a9687c6533a729ea728
https://www.essentialenergy.com.au/our-network/network-pricing-and-regulatory-reporting/network-pricing,https://www.essentialenergy.com.au/-/media/Project/EssentialEnergy/Website/Files/Our-Network/Two-way-Pricing-Fact-Sheet.pdf?rev=967f6f33ff49439ca2ecfa8a04d6da59
https://www.essentialenergy.com.au/our-network/network-pricing-and-regulatory-reporting/network-pricing,https://www.essentialenergy.com.au/-/media/Project/EssentialEnergy/Website/Files/Our-Network/cost_allocation_method.pdf?rev=08981c231ec04975be51a37fce5dc28e
https://www.essentialenergy.com.au/our-network/network-pricing-and-regulatory-reporting/network-pricing,https://www.essentialenergy.com.au/-/media/Project/EssentialEnergy/Website/Files/Our-Network/dlf_methodology.pdf?rev=2bcc170f2a7d4fc8a2246dc3a99b3516
https://www.evoenergy.com.au/Your-Energy/Pricing-and-tariffs/Electricity-network-pricing,https://www.evoenergy.com.au/-/media/Project/Evoenergy/EVO/Documents/Connection/2024-29-Connection-Policy.pdf?rev=71a7eaa346c94e34b75e879f8cb53dfb&hash=A63C4EF0C85CA971EADDD2CF330F1840
https://www.evoenergy.com.au/Your-Energy/Pricing-and-tariffs/Electricity-network-pricing,https://www.evoenergy.com.au/-/media/Project/Evoenergy/EVO/Documents/Electricity-five-year-plan/Evoenergy---Tariff-Structure-Statement-2024-29.pdf?rev=b373fa3460f44617b9e08d4a87b01d1b&hash=111E59FF27438D49D050A83F63F36692
https://www.evoenergy.com.au/Your-Energy/Pricing-and-tariffs/Electricity-network-pricing,https://www.evoenergy.com.au/-/media/Project/Evoenergy/EVO/Documents/Electricity-five-year-plan/Evoenergy-2024-29-Indicative-Pricing-Schedule-April-2026.xlsx?rev=6e11f47ff9394055b82e9a0c71625ad4&hash=18F01AD1538A763715DD4EF74F881F97
https://www.evoenergy.com.au/Your-Energy/Pricing-and-tariffs/Electricity-network-pricing,https://www.evoenergy.com.au/-/media/Project/Evoenergy/EVO/Documents/Electricity/Evoenergy-2024-29-Tariff-Classes-and-Tariffs-April-2026.pdf?rev=c51763caa748426e9d6fdcaf427194fa&hash=4653CF52EB81E53D794DA8DA145E1894
https://www.evoenergy.com.au/Your-Energy/Pricing-and-tariffs/Electricity-network-pricing,https://www.evoenergy.com.au/-/media/Project/Evoenergy/EVO/Documents/Electricity/Evoenergy-2025-26-Schedule-of-Charges-incl-LFiT--May-2025.xlsx?rev=178187e94c114445b7b112b1b9dab0db&hash=60625602851A906E9A81A47656BF459D
https://www.evoenergy.com.au/Your-Energy/Pricing-and-tariffs/Electricity-network-pricing,https://www.evoenergy.com.au/-/media/Project/Evoenergy/EVO/Documents/Electricity/Evoenergy-2025-26-Schedule-of-Charges-incl-LFiT-May-2025.pdf?rev=9c3fd05fa94842f689c4c9be231c9cef&hash=929CAB43111EEB387F33FF527742A02E
https://www.evoenergy.com.au/Your-Energy/Pricing-and-tariffs/Electricity-network-pricing,https://www.evoenergy.com.au/-/media/Project/Evoenergy/EVO/Documents/Electricity/Evoenergy-2026-27-Schedule-of-Charges-AER-approved-April-2026.xlsx?rev=f7bbf306fbff4781a5c511979cb1eeb3&hash=AE48FA9EC1F54A99066D534FE09318B3
https://www.evoenergy.com.au/Your-Energy/Pricing-and-tariffs/Electricity-network-pricing,https://www.evoenergy.com.au/-/media/Project/Evoenergy/EVO/Documents/Electricity/Evoenergy-2026-27-Schedule-of-Charges-June-2026.pdf?rev=62478282833b4c53808492d4522a82c8&hash=07E1A03FFF98ABB23CB986262978C8B2
https://www.evoenergy.com.au/Your-Energy/Pricing-and-tariffs/Electricity-network-pricing,https://www.evoenergy.com.au/-/media/Project/Evoenergy/EVO/Documents/Electricity/Evoenergy-2026-27-Schedule-of-Charges-incl-LFiT--June-2026.xlsx?rev=453f269753e34181bdee5a725a3fd5d4&hash=7428AEDE3D03BE5629F27DDD96C90103
https://www.evoenergy.com.au/Your-Energy/Pricing-and-tariffs/Electricity-network-pricing,https://www.evoenergy.com.au/-/media/Project/Evoenergy/EVO/Documents/Electricity/Evoenergy-Reasonable-Cost-Determination-RCD-2025-26.pdf?rev=93f4ed5fc5b44a6eb75e2ca73a492c93&hash=08E9F2F63A370499F19A0FE56E1A4290
https://www.evoenergy.com.au/Your-Energy/Pricing-and-tariffs/Electricity-network-pricing,https://www.evoenergy.com.au/-/media/Project/Evoenergy/EVO/Documents/Electricity/Evoenergy-Reasonable-Cost-Determination-RCD-2026-27.pdf?rev=f04236787f844949ac6ef5302971a2f9&hash=8BA66BE703DBD8A74ABF63046083BA97
https://www.evoenergy.com.au/Your-Energy/Pricing-and-tariffs/Electricity-network-pricing,https://www.evoenergy.com.au/-/media/Project/Evoenergy/EVO/Documents/Electricity/Evoenergy-service-code-definitions.pdf?rev=6795690164fa42da9b38344198a1dbbf&hash=221D062B3EEC8E70F444AE41132C8396
https://www.jemena.com.au/electricity/jemena-electricity-network/network-information/,https://www.jemena.com.au/contentassets/a440c960e37a4eca8497cf44990ebe0b/jan-jun-2026-energy-usage.xlsx
https://www.jemena.com.au/electricity/jemena-electricity-network/network-information/,https://www.jemena.com.au/contentassets/a440c960e37a4eca8497cf44990ebe0b/jen---2025-26-acs-schedule-of-services.pdf
https://www.jemena.com.au/electricity/jemena-electricity-network/network-information/,https://www.jemena.com.au/contentassets/a440c960e37a4eca8497cf44990ebe0b/jen---2025-26-network-tariff-schedule.pdf
https://www.jemena.com.au/electricity/jemena-electricity-network/network-information/,https://www.jemena.com.au/contentassets/a440c960e37a4eca8497cf44990ebe0b/jen-2026-27-network-tariff-schedule.pdf
https://www.jemena.com.au/electricity/jemena-electricity-network/network-information/,https://www.jemena.com.au/contentassets/a440c960e37a4eca8497cf44990ebe0b/jen-2026-27-schedule-of-services---alternative-control-and-public-lighting.pdf
https://www.jemena.com.au/electricity/jemena-electricity-network/network-information/,https://www.jemena.com.au/contentassets/a440c960e37a4eca8497cf44990ebe0b/jen-2026-31-tariff-assignment-and-reassignment-policy-and-forms.pdf
https://www.jemena.com.au/electricity/jemena-electricity-network/network-information/,https://www.jemena.com.au/contentassets/a440c960e37a4eca8497cf44990ebe0b/jen-final-2026-31-tariff-structure-statement---april-2026.pdf
https://www.jemena.com.au/electricity/jemena-electricity-network/network-information/,https://www.jemena.com.au/contentassets/a440c960e37a4eca8497cf44990ebe0b/july-dec-2025-energy-usage.xlsx
https://www.jemena.com.au/electricity/jemena-electricity-network/network-information/,https://www.jemena.com.au/siteassets/asset-folder/documents/document-centre/electricity/2025-energy-usage.xlsx
https://www.jemena.com.au/electricity/jemena-electricity-network/network-information/,https://www.jemena.com.au/siteassets/asset-folder/documents/electricity/2021-2026_tariff-structure-statement.pdf
https://www.jemena.com.au/electricity/jemena-electricity-network/network-information/,https://www.jemena.com.au/siteassets/asset-folder/documents/electricity/contract-demand-reset-policy-2021.pdf
https://www.powercor.com.au/news-and-media/blog/pricing,https://media.powercor.com.au/documents/Migrated-Documents/CitiPower-2026-27-Pricing-07-May-2026-PUBLIC.pdf
https://www.powercor.com.au/news-and-media/blog/pricing,https://media.powercor.com.au/documents/Migrated-Documents/Powercor-2026-27-Pricing-07-May-2026-PUBLIC.pdf
https://www.powercor.com.au/news-and-media/blog/pricing,https://media.powercor.com.au/documents/Network-pricing/2026-27_Retailer-FAQ-CitiPower.pdf
https://www.powercor.com.au/news-and-media/blog/pricing,https://media.powercor.com.au/documents/Network-pricing/2026-27_Retailer-FAQ-Powercor.pdf
https://www.powercor.com.au/news-and-media/blog/pricing,https://media.powercor.com.au/documents/Network-pricing/26057-CPPC-Residential-network-tariffs-Fact-Sheet_v2.pdf
https://www.powercor.com.au/news-and-media/blog/pricing,https://media.powercor.com.au/documents/Network-pricing/AER-Revised-Tariff-Structure-Statement-Clean-CitiPower-distribution-determination-2026-31-April-2026.pdf
https://www.powercor.com.au/news-and-media/blog/pricing,https://media.powercor.com.au/documents/Network-pricing/AER-Revised-Tariff-Structure-Statement-Clean-Powercor-distribution-determination-2026-31-April-2026.pdf
https://www.powercor.com.au/news-and-media/blog/pricing,https://media.powercor.com.au/documents/Network-pricing/CPPC-Flexible-Network-tariffs-fact-sheet.pdf
https://www.powercor.com.au/news-and-media/blog/pricing,https://media.powercor.com.au/documents/Network-pricing/CPPC-large-customer-fact-sheet.pdf
https://www.powercor.com.au/news-and-media/blog/pricing,https://media.powercor.com.au/documents/Network-pricing/CitiPower-FINAL-2026-27-Tariff-Summary-07-May-2026-PUBLIC.xlsx
https://www.powercor.com.au/news-and-media/blog/pricing,https://media.powercor.com.au/documents/Network-pricing/Powercor-FINAL-2026-27-Tariff-Summary-07-May-2026-PUBLIC.xlsx
https://www.powerwater.com.au/pricing/electricity-network-regulation-and-pricing,https://www.powerwater.com.au/__data/assets/pdf_file/0014/351131/Alternative-Control-Service-Metering-Tariffs-2024-25.pdf
https://www.powerwater.com.au/pricing/electricity-network-regulation-and-pricing,https://www.powerwater.com.au/__data/assets/pdf_file/0016/122326/Power-and-Water-Corporation-Standard-Control-Service-Tariffs-2022-23.pdf
https://www.powerwater.com.au/pricing/electricity-network-regulation-and-pricing,https://www.powerwater.com.au/__data/assets/pdf_file/0016/351124/Alternative-Control-Service-Fee-Based-and-Quoted-services-2024-25.pdf
https://www.powerwater.com.au/pricing/electricity-network-regulation-and-pricing,https://www.powerwater.com.au/__data/assets/pdf_file/0016/405115/Power-and-Water-Corporation-Alternative-Control-Service-Fee-Based-and-Quoted-services-2025-26.pdf
https://www.powerwater.com.au/pricing/electricity-network-regulation-and-pricing,https://www.powerwater.com.au/__data/assets/pdf_file/0017/122327/Power-and-Water-Corporation-Alternative-Control-Service-Metering-Tariffs-2022-23.pdf
https://www.powerwater.com.au/pricing/electricity-network-regulation-and-pricing,https://www.powerwater.com.au/__data/assets/pdf_file/0017/405116/2.-FINAL-Power-and-Water-Corporation-Alternative-Control-Service-Metering-Tariffs-2025-26.pdf
https://www.powerwater.com.au/pricing/electricity-network-regulation-and-pricing,https://www.powerwater.com.au/__data/assets/pdf_file/0018/122328/Power-and-Water-Corporation-Alternative-Control-Service-Fee-Based-and-Quoted-services-2022-23.pdf
https://www.powerwater.com.au/pricing/electricity-network-regulation-and-pricing,https://www.powerwater.com.au/__data/assets/pdf_file/0018/405117/3.FINAL-Power-and-Water-Corporation-Standard-Control-Service-Tariffs-2025-26-210525-clean.pdf
https://www.powerwater.com.au/pricing/electricity-network-regulation-and-pricing,https://www.powerwater.com.au/__data/assets/pdf_file/0018/50427/PWC-Power-Networks-Cost-Allocation-Method.pdf
https://www.powerwater.com.au/pricing/electricity-network-regulation-and-pricing,https://www.powerwater.com.au/__data/assets/pdf_file/0019/351118/Tariff-Structure-Statement-7-1-April-2024.pdf
https://www.powerwater.com.au/pricing/electricity-network-regulation-and-pricing,https://www.powerwater.com.au/__data/assets/pdf_file/0020/351119/Standard-Control-Service-Tariffs-2024-25.pdf
https://www.powerwater.com.au/pricing/electricity-network-regulation-and-pricing,https://www.powerwater.com.au/__data/assets/pdf_file/0024/46293/Power-and-Water-Corporation-Alternative-Control-Service-Fee-Based-and-Quoted-services-2020-21.pdf
https://www.powerwater.com.au/pricing/electricity-network-regulation-and-pricing,https://www.powerwater.com.au/__data/assets/pdf_file/0025/46294/Power-and-Water-Corporation-Alternative-Control-Service-Metering-Tariffs-2020-21.pdf
https://www.powerwater.com.au/pricing/electricity-network-regulation-and-pricing,https://www.powerwater.com.au/__data/assets/pdf_file/0025/74860/Power-and-Water-Corporation-Approved-Standard-Control-Service-Tariffs-2021-22.pdf
https://www.powerwater.com.au/pricing/electricity-network-regulation-and-pricing,https://www.powerwater.com.au/__data/assets/pdf_file/0028/172675/Standard-Control-Service-Tariffs-2023-24.pdf
https://www.powerwater.com.au/pricing/electricity-network-regulation-and-pricing,https://www.powerwater.com.au/__data/assets/pdf_file/0028/46279/Power-and-Water-Corporation-Standard-Control-Service-Tariffs-2020-21.pdf
https://www.powerwater.com.au/pricing/electricity-network-regulation-and-pricing,https://www.powerwater.com.au/__data/assets/pdf_file/0029/172676/Alternative-Control-Service-Metering-Tariffs-2023-24.pdf
https://www.powerwater.com.au/pricing/electricity-network-regulation-and-pricing,https://www.powerwater.com.au/__data/assets/pdf_file/0029/462908/Alternative-Control-Service-Fee-Based-and-Quoted-services-2026-27.pdf
https://www.powerwater.com.au/pricing/electricity-network-regulation-and-pricing,https://www.powerwater.com.au/__data/assets/pdf_file/0030/172677/Alternative-Control-Service-Fee-Based-and-Quoted-services-2023-24.pdf
https://www.powerwater.com.au/pricing/electricity-network-regulation-and-pricing,https://www.powerwater.com.au/__data/assets/pdf_file/0030/462909/Standard-control-service-network-tariffs-2026-27.pdf
https://www.powerwater.com.au/pricing/electricity-network-regulation-and-pricing,https://www.powerwater.com.au/__data/assets/pdf_file/0032/74858/Power-and-Water-Corporation-Approved-Alternative-Control-Service-Fee-Based-and-Quoted-services-2021-22.pdf
https://www.powerwater.com.au/pricing/electricity-network-regulation-and-pricing,https://www.powerwater.com.au/__data/assets/pdf_file/0033/466566/Power-and-Water-Corporation-Alternative-Control-Service-Metering-Tariffs-2026-27.pdf
https://www.powerwater.com.au/pricing/electricity-network-regulation-and-pricing,https://www.powerwater.com.au/__data/assets/pdf_file/0033/74859/Power-and-Water-Corporation-Approved-Alternative-Control-Service-Metering-Tariffs-2021-22.pdf
https://www.sapowernetworks.com.au/data/326154/tariff-price-list/,https://www.sapowernetworks.com.au/public/download.jsp?id=338674
https://www.tasnetworks.com.au/poles-and-wires/pricing/regulated-distribution-pricing/distribution-prices,https://www.tasnetworks.com.au/config/getattachment/042a770e-c5ea-407a-9924-678e3d1b266f/2022-23-Network-tariff-application-and-price-guide.pdf
https://www.tasnetworks.com.au/poles-and-wires/pricing/regulated-distribution-pricing/distribution-prices,https://www.tasnetworks.com.au/config/getattachment/04aa2d85-0953-481f-8c49-a954203ac51c/2021-22-Public-Lighting-Services-Application-and-Price-Guide.pdf
https://www.tasnetworks.com.au/poles-and-wires/pricing/regulated-distribution-pricing/distribution-prices,https://www.tasnetworks.com.au/config/getattachment/058a8668-c043-4119-914a-5165db0c525f/2021-22-Network-Tariff-Application-and-Price-Guide.pdf
https://www.tasnetworks.com.au/poles-and-wires/pricing/regulated-distribution-pricing/distribution-prices,https://www.tasnetworks.com.au/config/getattachment/0590961b-7ffa-4d4e-aaef-7e8f1db6027c/Attachment-04-TasNetworks-Public-lighting-services-application-and-price-guide-2022-23-approved.pdf
https://www.tasnetworks.com.au/poles-and-wires/pricing/regulated-distribution-pricing/distribution-prices,https://www.tasnetworks.com.au/config/getattachment/07e6e6cc-f09a-42f0-a81d-01d7a02646ae/TN-Ancillary-Services-Fee-Based-Services-Application-and-Price-Guide-2018-19-APPROVED.pdf
https://www.tasnetworks.com.au/poles-and-wires/pricing/regulated-distribution-pricing/distribution-prices,https://www.tasnetworks.com.au/config/getattachment/1400ff4a-80fb-4252-9791-93ab1b27b974/TN-TEC-Methodology-2018-19-APPROVED.pdf
https://www.tasnetworks.com.au/poles-and-wires/pricing/regulated-distribution-pricing/distribution-prices,https://www.tasnetworks.com.au/config/getattachment/1503723b-0b98-4563-86e1-3baea6e978cb/Attachment-03-TasNetworks-Metering-services-application-and-price-guide-2022-23-approved.pdf
https://www.tasnetworks.com.au/poles-and-wires/pricing/regulated-distribution-pricing/distribution-prices,https://www.tasnetworks.com.au/config/getattachment/182eee68-8619-4b9d-9db8-3fba1b36f6b6/2020-21-Prescribed-Transmission-Services-Prices.pdf
https://www.tasnetworks.com.au/poles-and-wires/pricing/regulated-distribution-pricing/distribution-prices,https://www.tasnetworks.com.au/config/getattachment/18ffe1d1-91f4-41bc-902a-4fc4091644b7/2020-21-Ancillary-Services-Quoted-Services-Application-and-Price-Guide.pdf
https://www.tasnetworks.com.au/poles-and-wires/pricing/regulated-distribution-pricing/distribution-prices,https://www.tasnetworks.com.au/config/getattachment/1a2fdbe7-b6d8-4511-8619-12e6fc371f9b/TN-PP006-Ancillary-Services-Quoted-Services-2019-20-(approved).pdf
https://www.tasnetworks.com.au/poles-and-wires/pricing/regulated-distribution-pricing/distribution-prices,https://www.tasnetworks.com.au/config/getattachment/1da798a3-de8f-43d4-997c-2517eca83c25/2021-22-Annual-Pricing-Proposal-Overview.pdf
https://www.tasnetworks.com.au/poles-and-wires/pricing/regulated-distribution-pricing/distribution-prices,https://www.tasnetworks.com.au/config/getattachment/27b1a0fa-7ee4-4a55-8454-5c5288224c51/TN-PP005-Ancillary-Services-Fee-Based-Services-Application-and-Price-Guide-2019-20-(approved).pdf
https://www.tasnetworks.com.au/poles-and-wires/pricing/regulated-distribution-pricing/distribution-prices,https://www.tasnetworks.com.au/config/getattachment/280b04a5-b37c-4ee8-8a21-a5ccc336b2e3/TN-Ancillary-Services-Quoted-Services-Application-and-Price-Guide-2018-19-APPROVED.pdf
https://www.tasnetworks.com.au/poles-and-wires/pricing/regulated-distribution-pricing/distribution-prices,https://www.tasnetworks.com.au/config/getattachment/2c381366-f247-431a-81f4-fe458510462f/2017-18-Ancillary-Services-Quoted-Services-Application-and-Price-Guide-APPROVED.pdf
https://www.tasnetworks.com.au/poles-and-wires/pricing/regulated-distribution-pricing/distribution-prices,https://www.tasnetworks.com.au/config/getattachment/3207451e-1ef2-4ce7-be41-e7aebbf4e044/2022-23-Annual-SCS-Pricing-Model.xlsx
https://www.tasnetworks.com.au/poles-and-wires/pricing/regulated-distribution-pricing/distribution-prices,https://www.tasnetworks.com.au/config/getattachment/3542365f-953e-4795-9b63-de843993d85c/2020-21-Ancillary-Services-Fee-Based-Services-Application-and-Price-Guide.pdf
https://www.tasnetworks.com.au/poles-and-wires/pricing/regulated-distribution-pricing/distribution-prices,https://www.tasnetworks.com.au/config/getattachment/3843d56d-938e-4785-8d20-9b0f36db3587/TN-PP009-Annual-Distribution-Pricing-Proposal-Overview-19-20.pdf
https://www.tasnetworks.com.au/poles-and-wires/pricing/regulated-distribution-pricing/distribution-prices,https://www.tasnetworks.com.au/config/getattachment/38f8ced4-e4d4-4cb1-92e5-775fdca467b3/2017-18-Indicative-Pricing-Schedule-APPROVED.pdf
https://www.tasnetworks.com.au/poles-and-wires/pricing/regulated-distribution-pricing/distribution-prices,https://www.tasnetworks.com.au/config/getattachment/3b4a2d6f-62ba-4550-93a6-ea432086110d/2017-18-Annual-Distribution-Pricing-Proposal-APPROVED.pdf
https://www.tasnetworks.com.au/poles-and-wires/pricing/regulated-distribution-pricing/distribution-prices,https://www.tasnetworks.com.au/config/getattachment/3c1e1c30-9913-458b-b0ce-cfbd62b1b432/Fact-sheet-2022-23-residential-prices.pdf
https://www.tasnetworks.com.au/poles-and-wires/pricing/regulated-distribution-pricing/distribution-prices,https://www.tasnetworks.com.au/config/getattachment/3d6549dd-90b5-4dd6-9462-40d02a782db6/2020-21-Pricing-Quantities-Forecasting-Methodology.pdf
https://www.tasnetworks.com.au/poles-and-wires/pricing/regulated-distribution-pricing/distribution-prices,https://www.tasnetworks.com.au/config/getattachment/41100bc5-8820-41a6-aaf4-0bc8b94c6784/TN-Annual-Distribution-Pricing-Proposal-2019-20-PUBLIC-(approved).pdf
https://www.tasnetworks.com.au/poles-and-wires/pricing/regulated-distribution-pricing/distribution-prices,https://www.tasnetworks.com.au/config/getattachment/456fb62b-d913-431c-b0fa-63c5ae6433c3/TN-Network-Tariff-Application-and-Price-Guide-2018-19-APPROVED.pdf
https://www.tasnetworks.com.au/poles-and-wires/pricing/regulated-distribution-pricing/distribution-prices,https://www.tasnetworks.com.au/config/getattachment/4e0fc8cf-d64a-42ca-a2cd-c5fb20e59141/2017-18-Distribution-Pricing-Connection-Policy.pdf
https://www.tasnetworks.com.au/poles-and-wires/pricing/regulated-distribution-pricing/distribution-prices,https://www.tasnetworks.com.au/config/getattachment/4f328239-2188-4d70-b487-83d9a4abf6a6/2022-23-Annual-ACS-pricing-model-31-March-2022.xlsx
https://www.tasnetworks.com.au/poles-and-wires/pricing/regulated-distribution-pricing/distribution-prices,https://www.tasnetworks.com.au/config/getattachment/4f814d50-3a3f-4269-8dd5-4560c37c5be7/2021-22-Pricing-Quantities-Forecasting-Methodology.pdf
https://www.tasnetworks.com.au/poles-and-wires/pricing/regulated-distribution-pricing/distribution-prices,https://www.tasnetworks.com.au/config/getattachment/501c9ef4-bace-472d-b025-1474dfa0d388/TN-PP004-Public-Lighting-Services-Application-and-Price-Guide-2019-20-(approved).pdf
https://www.tasnetworks.com.au/poles-and-wires/pricing/regulated-distribution-pricing/distribution-prices,https://www.tasnetworks.com.au/config/getattachment/52534774-bb46-4fee-931d-1457d69e209e/2020-21-Network-Tariff-Application-and-Price-Guide.pdf
https://www.tasnetworks.com.au/poles-and-wires/pricing/regulated-distribution-pricing/distribution-prices,https://www.tasnetworks.com.au/config/getattachment/56055ff0-e708-4cd6-b2d8-eac0f2c7075a/2017-18-Metering-Services-Application-and-Price-Guide-APPROVED.pdf
https://www.tasnetworks.com.au/poles-and-wires/pricing/regulated-distribution-pricing/distribution-prices,https://www.tasnetworks.com.au/config/getattachment/5a25d4d8-4f93-4b48-aa07-194b5289b0ed/2021-22-Total-Efficient-Cost-Model-Methodology.pdf
https://www.tasnetworks.com.au/poles-and-wires/pricing/regulated-distribution-pricing/distribution-prices,https://www.tasnetworks.com.au/config/getattachment/5eb33452-b5aa-4941-8175-79264146c9d2/2020-21-Alternative-Control-Services-Pricing-Model.xlsx
https://www.tasnetworks.com.au/poles-and-wires/pricing/regulated-distribution-pricing/distribution-prices,https://www.tasnetworks.com.au/config/getattachment/69682f64-fa48-43cf-a93a-a460690a8176/TN-PP011-TasNetworks-Pricing-Proposal-Confidentiality-template-2020-21.pdf
https://www.tasnetworks.com.au/poles-and-wires/pricing/regulated-distribution-pricing/distribution-prices,https://www.tasnetworks.com.au/config/getattachment/7437d4ad-eb72-4944-a971-5e6f403ac95a/2021-22-Network-Tariff-Summary.pdf
https://www.tasnetworks.com.au/poles-and-wires/pricing/regulated-distribution-pricing/distribution-prices,https://www.tasnetworks.com.au/config/getattachment/7726517f-8456-471f-9433-fc11fd4a6840/Attachment-06-TasNetworks-Ancillary-services-Quoted-services-application-and-price-guide-2022-23-approved.pdf
https://www.tasnetworks.com.au/poles-and-wires/pricing/regulated-distribution-pricing/distribution-prices,https://www.tasnetworks.com.au/config/getattachment/853a0fb1-2b78-49e3-812d-decf5a15b557/2020-21-Annual-Distribution-Pricing-Proposal-Overview.pdf
https://www.tasnetworks.com.au/poles-and-wires/pricing/regulated-distribution-pricing/distribution-prices,https://www.tasnetworks.com.au/config/getattachment/89be2747-a0f5-4b7a-bf9d-5585ef9c7817/Attachment-02-TasNetworks-Indicative-network-tariff-pricing-schedule-for-SCS-2022-23-to-2023-24-approved.pdf
https://www.tasnetworks.com.au/poles-and-wires/pricing/regulated-distribution-pricing/distribution-prices,https://www.tasnetworks.com.au/config/getattachment/89e3d967-d9ee-4e5c-ae98-dcc53adfa6db/TN-PP003-Metering-Services-Application-and-Price-Guide-2019-20-(approved).pdf
https://www.tasnetworks.com.au/poles-and-wires/pricing/regulated-distribution-pricing/distribution-prices,https://www.tasnetworks.com.au/config/getattachment/8ca24412-56f9-4071-a58b-6af89d66e6b3/2021-22-Metering-Services-Application-and-Price-Guide.pdf
https://www.tasnetworks.com.au/poles-and-wires/pricing/regulated-distribution-pricing/distribution-prices,https://www.tasnetworks.com.au/config/getattachment/8d009e93-907e-46c5-b49f-4b7a83fb532f/2017-18-Network-Tariff-Application-and-Price-Guide-APPROVED.pdf
https://www.tasnetworks.com.au/poles-and-wires/pricing/regulated-distribution-pricing/distribution-prices,https://www.tasnetworks.com.au/config/getattachment/906d9495-953f-424b-bf2b-a0c2ad24e804/2017-18-Total-Efficient-Cost-Model-Methodology-and-Application-APPROVED.pdf
https://www.tasnetworks.com.au/poles-and-wires/pricing/regulated-distribution-pricing/distribution-prices,https://www.tasnetworks.com.au/config/getattachment/9103f603-11f1-4f79-b429-8c24bc844bc5/TN-Annual-Distribution-Pricing-Proposal-2018-19-APPROVED.pdf
https://www.tasnetworks.com.au/poles-and-wires/pricing/regulated-distribution-pricing/distribution-prices,https://www.tasnetworks.com.au/config/getattachment/940f4e89-54e5-48aa-bc99-364412b25a35/Fact-Sheet-Time-of-Use-Default-Network-Tariffs.pdf
https://www.tasnetworks.com.au/poles-and-wires/pricing/regulated-distribution-pricing/distribution-prices,https://www.tasnetworks.com.au/config/getattachment/a02c4c3a-41c7-4d2a-b12c-c931e6ad002e/TN-PP008-Pricing-Model-Alternative-Control-Services.xlsx
https://www.tasnetworks.com.au/poles-and-wires/pricing/regulated-distribution-pricing/distribution-prices,https://www.tasnetworks.com.au/config/getattachment/a18257c2-8ee7-4d2a-b092-441fa3707065/TN-PP001-TEC-Methodology-2019-20-(approved).pdf
https://www.tasnetworks.com.au/poles-and-wires/pricing/regulated-distribution-pricing/distribution-prices,https://www.tasnetworks.com.au/config/getattachment/b025f56b-404d-42b4-9a5f-780db9cb4ba7/2019-20-Network-Tariff-Application-and-Price-Guide.pdf
https://www.tasnetworks.com.au/poles-and-wires/pricing/regulated-distribution-pricing/distribution-prices,https://www.tasnetworks.com.au/config/getattachment/bd933e46-23cf-494a-af30-dba44c3dee4d/Fact-sheet-2022-23-small-business-prices.pdf
https://www.tasnetworks.com.au/poles-and-wires/pricing/regulated-distribution-pricing/distribution-prices,https://www.tasnetworks.com.au/config/getattachment/c1a330b1-5203-466f-b58d-fae0bcdab21c/TasNetworks-Annual-Distribution-Pricing-Proposal-2022-23-approved.pdf
https://www.tasnetworks.com.au/poles-and-wires/pricing/regulated-distribution-pricing/distribution-prices,https://www.tasnetworks.com.au/config/getattachment/c419b3e9-cea9-40d3-b610-8b1e61af2fc9/2019-20-Prescribed-Transmission-Services-Prices.pdf
https://www.tasnetworks.com.au/poles-and-wires/pricing/regulated-distribution-pricing/distribution-prices,https://www.tasnetworks.com.au/config/getattachment/c4bc058f-51b0-4d4d-85de-a659776b80aa/2021-22-Indicative-Pricing-Schedule.pdf
https://www.tasnetworks.com.au/poles-and-wires/pricing/regulated-distribution-pricing/distribution-prices,https://www.tasnetworks.com.au/config/getattachment/c558f215-db50-429e-820e-a2a3ec030163/2017-18-Annual-Pricing-Proposal-Overview-NEW.pdf
https://www.tasnetworks.com.au/poles-and-wires/pricing/regulated-distribution-pricing/distribution-prices,https://www.tasnetworks.com.au/config/getattachment/c65433af-db0e-49a6-9a13-fe695b745031/2020-21-Metering-Services-Application-and-Price-Guide.pdf
https://www.tasnetworks.com.au/poles-and-wires/pricing/regulated-distribution-pricing/distribution-prices,https://www.tasnetworks.com.au/config/getattachment/c88cc944-af29-477c-af5c-28c4a6b86668/2020-21-Network-Tariff-Summary.pdf
https://www.tasnetworks.com.au/poles-and-wires/pricing/regulated-distribution-pricing/distribution-prices,https://www.tasnetworks.com.au/config/getattachment/ccaa0a54-01db-48eb-9127-3f454013fc2b/Indicative-Pricing-Schedule.pdf
https://www.tasnetworks.com.au/poles-and-wires/pricing/regulated-distribution-pricing/distribution-prices,https://www.tasnetworks.com.au/config/getattachment/ce064f2a-4cc6-4b80-be12-487163439251/2020-21-Total-Efficient-Cost-Methodology.pdf
https://www.tasnetworks.com.au/poles-and-wires/pricing/regulated-distribution-pricing/distribution-prices,https://www.tasnetworks.com.au/config/getattachment/d0303238-108e-4e8f-9633-84325ee13882/2022-23-Ancillary-services-Fee-based-services-application-and-price-guide.pdf
https://www.tasnetworks.com.au/poles-and-wires/pricing/regulated-distribution-pricing/distribution-prices,https://www.tasnetworks.com.au/config/getattachment/d5923289-8fff-4505-b4ce-35a3b97d767f/2021-22-Ancillary-Services-Fee-Based-Services-Application-and-Price-Guide.pdf
https://www.tasnetworks.com.au/poles-and-wires/pricing/regulated-distribution-pricing/distribution-prices,https://www.tasnetworks.com.au/config/getattachment/dadb00fc-9900-4a60-8501-b9984fb89a06/2017-18-Public-Lighting-Services-Application-and-Price-Guide-APPROVED.pdf
https://www.tasnetworks.com.au/poles-and-wires/pricing/regulated-distribution-pricing/distribution-prices,https://www.tasnetworks.com.au/config/getattachment/de524f8b-a395-4f1f-aa41-aa150c79f287/2020-21-Annual-Distribution-Pricing-Proposal.pdf
https://www.tasnetworks.com.au/poles-and-wires/pricing/regulated-distribution-pricing/distribution-prices,https://www.tasnetworks.com.au/config/getattachment/e680072b-22dc-4481-ab4c-32885d6765e3/2017-18-Ancillary-Services-Fee-Based-Services-Application-and-Price-Guide-APPROVED.pdf
https://www.tasnetworks.com.au/poles-and-wires/pricing/regulated-distribution-pricing/distribution-prices,https://www.tasnetworks.com.au/config/getattachment/e7974565-f66e-475e-834f-4da7441637b3/TN-Public-Lighting-Services-Application-and-Price-Guide-2018-19-APPROVED.pdf
https://www.tasnetworks.com.au/poles-and-wires/pricing/regulated-distribution-pricing/distribution-prices,https://www.tasnetworks.com.au/config/getattachment/e96b707b-3dbb-4a81-8399-7a591c54e7ae/2020-21-Public-Lighting-Services-Application-and-Price-Guide.pdf
https://www.tasnetworks.com.au/poles-and-wires/pricing/regulated-distribution-pricing/distribution-prices,https://www.tasnetworks.com.au/config/getattachment/ec590816-893c-4d14-b810-9310a96de9f4/TN-Metering-Services-Application-and-Price-Guide-2018-19-APPROVED.pdf
https://www.tasnetworks.com.au/poles-and-wires/pricing/regulated-distribution-pricing/distribution-prices,https://www.tasnetworks.com.au/config/getattachment/edfc04dc-eaed-42a5-af50-88c1856efe12/2021-22-Alternative-Control-Services-Pricing-Model.xlsx
https://www.tasnetworks.com.au/poles-and-wires/pricing/regulated-distribution-pricing/distribution-prices,https://www.tasnetworks.com.au/config/getattachment/f0d182f2-21dd-4882-bd8e-dd10f0c66a3f/Network-Tariff-Application-and-Price-Guide-2018-19-Addendum.pdf
https://www.tasnetworks.com.au/poles-and-wires/pricing/regulated-distribution-pricing/distribution-prices,https://www.tasnetworks.com.au/config/getattachment/f947de72-543b-4dcf-bd4c-adec3a13349e/2021-22-Ancillary-Services-Quoted-Services-Application-and-Price-Guide.pdf
https://www.tasnetworks.com.au/poles-and-wires/pricing/regulated-distribution-pricing/distribution-prices,https://www.tasnetworks.com.au/config/getattachment/fa15ad59-187f-49d7-af41-6bf93c6bfb73/2020-21-Indicative-Pricing-Schedule.pdf
https://www.tasnetworks.com.au/poles-and-wires/pricing/regulated-distribution-pricing/distribution-prices,https://www.tasnetworks.com.au/config/getattachment/fd078cbf-dc41-4cde-93a7-0c4af62f2471/TN-Annual-Distribution-Pricing-Proposal-2018-19-OVERVIEW.pdf
https://www.unitedenergy.com.au/what-we-do/putting-customers-first/affordability,https://media.unitedenergy.com.au/factsheets/2026-27_Retailer-FAQ-United-Energy.pdf
https://www.unitedenergy.com.au/what-we-do/putting-customers-first/affordability,https://media.unitedenergy.com.au/factsheets/26057-UE-Residential-network-tariffs-Fact-Sheet_v2.pdf
https://www.unitedenergy.com.au/what-we-do/putting-customers-first/affordability,https://media.unitedenergy.com.au/factsheets/AER-Revised-Tariff-Structure-Statement-United-Energy-distribution-determination-2026-31-April-2026_2026-05-26-044106_izgq.pdf
https://www.unitedenergy.com.au/what-we-do/putting-customers-first/affordability,https://media.unitedenergy.com.au/factsheets/UE-Kerbside-EV-Trial-Tariff-fact-sheet_2026-06-02-054123_csjh.pdf
https://www.unitedenergy.com.au/what-we-do/putting-customers-first/affordability,https://media.unitedenergy.com.au/factsheets/UE-large-customer-fact-sheet.pdf
https://www.unitedenergy.com.au/what-we-do/putting-customers-first/affordability,https://media.unitedenergy.com.au/factsheets/United-Energy-2026-27-Pricing-07-May-2026-PUBLIC.pdf
https://www.unitedenergy.com.au/what-we-do/putting-customers-first/affordability,https://media.unitedenergy.com.au/factsheets/United-Energy-FINAL-2026-27-Tariff-Summary-07-May-2026-PUBLIC.xlsx
https://www.unitedenergy.com.au/what-we-do/putting-customers-first/affordability,https://media.unitedenergy.com.au/factsheets/United-Energy-flexible-network-tariffs-fact-sheet.pdf
