distributor_id,distributor,pricing_year,year_kind,documents,price_documents,metering_documents,sides,best_price_status,gap_reason,gap_evidence
ausgrid,Ausgrid,2004-05,financial_year,2,2,0,DNSP,published,,
ausgrid,Ausgrid,2005-06,financial_year,1,1,0,DNSP,published,,
ausgrid,Ausgrid,2006-07,financial_year,2,2,0,DNSP,published,,
ausgrid,Ausgrid,2007-08,financial_year,2,2,0,DNSP,published,,
ausgrid,Ausgrid,2008-09,financial_year,2,2,0,DNSP,published,,
ausgrid,Ausgrid,2009-10,financial_year,2,2,0,DNSP,published,,
ausgrid,Ausgrid,2010-11,financial_year,3,3,0,AER_HOSTED DNSP,published,,
ausgrid,Ausgrid,2011-12,financial_year,3,2,0,AER_HOSTED DNSP,approved,,
ausgrid,Ausgrid,2012-13,financial_year,3,3,0,AER_HOSTED DNSP,published,,
ausgrid,Ausgrid,2013-14,financial_year,3,3,0,AER_HOSTED DNSP,proposed,,
ausgrid,Ausgrid,2014-15,financial_year,2,2,0,AER_HOSTED DNSP,published,,
ausgrid,Ausgrid,2015-16,financial_year,2,2,0,AER_HOSTED DNSP,published,,
ausgrid,Ausgrid,2016-17,financial_year,2,1,0,AER DNSP,published,,
ausgrid,Ausgrid,2017-18,financial_year,2,2,0,AER_HOSTED DNSP,published,,
ausgrid,Ausgrid,2018-19,financial_year,3,3,0,AER_HOSTED DNSP,published,,
ausgrid,Ausgrid,2019-20,financial_year,2,2,0,AER_HOSTED DNSP,published,,
ausgrid,Ausgrid,2020-21,financial_year,3,2,0,AER_HOSTED DNSP,published,,
ausgrid,Ausgrid,2021-22,financial_year,4,2,0,AER_HOSTED DNSP,published,,
ausgrid,Ausgrid,2022-23,financial_year,5,3,0,AER_HOSTED DNSP,published,,
ausnet,AusNet Services,1996-97,financial_year,1,1,0,REGULATOR_HOSTED,approved,,
ausnet,AusNet Services,1997-98,financial_year,1,1,0,REGULATOR_HOSTED,approved,,
ausnet,AusNet Services,1998-99,financial_year,1,1,0,REGULATOR_HOSTED,approved,,
ausnet,AusNet Services,1999-00,financial_year,1,1,0,REGULATOR_HOSTED,approved,,
ausnet,AusNet Services,2000-H2,half_year,0,0,0,,,TXU Networks 2000-2003 schedules not in ESC captures (TXU AA files there are gas); txu.com.au not searched,CDX prefix www.sp-ausnet.com.au/ (incl. CA256FE40021EF93 Lookup) + www.ausnetservices.com.au/ + www.esc.vic.gov.au/ (TXU / SPI / SP AusNet files)
ausnet,AusNet Services,2001,calendar_year,0,0,0,,,TXU Networks 2000-2003 schedules not in ESC captures (TXU AA files there are gas); txu.com.au not searched,CDX prefix www.sp-ausnet.com.au/ (incl. CA256FE40021EF93 Lookup) + www.ausnetservices.com.au/ + www.esc.vic.gov.au/ (TXU / SPI / SP AusNet files)
ausnet,AusNet Services,2002,calendar_year,0,0,0,,,TXU Networks 2000-2003 schedules not in ESC captures (TXU AA files there are gas); txu.com.au not searched,CDX prefix www.sp-ausnet.com.au/ (incl. CA256FE40021EF93 Lookup) + www.ausnetservices.com.au/ + www.esc.vic.gov.au/ (TXU / SPI / SP AusNet files)
ausnet,AusNet Services,2003,calendar_year,0,0,0,,,TXU Networks 2000-2003 schedules not in ESC captures (TXU AA files there are gas); txu.com.au not searched,CDX prefix www.sp-ausnet.com.au/ (incl. CA256FE40021EF93 Lookup) + www.ausnetservices.com.au/ + www.esc.vic.gov.au/ (TXU / SPI / SP AusNet files)
ausnet,AusNet Services,2004,calendar_year,2,2,0,REGULATOR_HOSTED,approved,,
ausnet,AusNet Services,2005,calendar_year,1,1,0,REGULATOR_HOSTED,approved,"ESC ApprovalTariffs_2005_TXU.pdf is a TXU GAS tariff schedule (registered in error, then removed with archive_sources.py remove); no 2005 TXU/SPI electricity schedule found, only the SPI 2005 network tariff report",CDX prefix www.sp-ausnet.com.au/ (incl. CA256FE40021EF93 Lookup) + www.ausnetservices.com.au/ + www.esc.vic.gov.au/ (TXU / SPI / SP AusNet files); held sides: REGULATOR_HOSTED
ausnet,AusNet Services,2006,calendar_year,7,6,1,DNSP REGULATOR_HOSTED,published,,
ausnet,AusNet Services,2007,calendar_year,4,2,2,DNSP REGULATOR_HOSTED,published,"no 2007 SP AusNet network tariff schedule PDF captured (sp-ausnet.com.au 2007 captures: metering schedule, annual tariff report, gas schedules); ESC holds only the 2007 SP AusNet tariff approval model (xls, registered as pricing_model)","CDX prefix www.sp-ausnet.com.au/ (incl. CA256FE40021EF93 Lookup) + www.ausnetservices.com.au/ + www.esc.vic.gov.au/ (TXU / SPI / SP AusNet files); held sides: DNSP,REGULATOR_HOSTED"
ausnet,AusNet Services,2008,calendar_year,5,4,1,DNSP REGULATOR_HOSTED,published,,
ausnet,AusNet Services,2009,calendar_year,5,4,1,DNSP REGULATOR_HOSTED,published,,
ausnet,AusNet Services,2010,calendar_year,3,3,0,AER_HOSTED,unverified,,
ausnet,AusNet Services,2011,calendar_year,8,6,2,AER_HOSTED DNSP,published,,
ausnet,AusNet Services,2012,calendar_year,5,4,1,AER_HOSTED DNSP,published,,
ausnet,AusNet Services,2013,calendar_year,7,6,1,AER_HOSTED DNSP,published,,
ausnet,AusNet Services,2014,calendar_year,4,3,1,AER_HOSTED DNSP,published,,
ausnet,AusNet Services,2015,calendar_year,3,2,1,AER_HOSTED DNSP,published,,
ausnet,AusNet Services,2016,calendar_year,5,4,1,AER_HOSTED DNSP,published,,
ausnet,AusNet Services,2017,calendar_year,6,4,1,AER_HOSTED DNSP,published,,
ausnet,AusNet Services,2018,calendar_year,3,2,1,AER_HOSTED DNSP,approved,,
ausnet,AusNet Services,2019,calendar_year,4,3,1,AER_HOSTED DNSP,published,,
ausnet,AusNet Services,2020,calendar_year,3,2,1,AER_HOSTED DNSP,published,,
ausnet,AusNet Services,2021-H1,half_year,4,2,1,AER_HOSTED DNSP,unverified,,
ausnet,AusNet Services,2021-22,financial_year,7,3,2,AER_HOSTED DNSP,published,,
ausnet,AusNet Services,2022-23,financial_year,7,3,1,AER_HOSTED DNSP,unverified,,
citipower,CitiPower,1996-97,financial_year,1,1,0,REGULATOR_HOSTED,approved,,
citipower,CitiPower,1997-98,financial_year,1,1,0,REGULATOR_HOSTED,approved,,
citipower,CitiPower,1998-99,financial_year,0,0,0,,,no 1998-99 network tariff file for this distributor in ESC docs/electric/tariffs captures,"CDX prefix citipower.com.au/ + www.powercor.com.au/docs/ + www.powercor.com.au/media/ + media.powercor.com.au/ + www.esc.vic.gov.au/ (docs/electric/, apps/page/user/pdf/, NR/rdonlyres/)"
citipower,CitiPower,1999-00,financial_year,1,1,0,REGULATOR_HOSTED,approved,,
citipower,CitiPower,2000-H2,half_year,0,0,0,,,no CitiPower tariff PDF captured: citipower.com.au tariff PDFs captured from 2003; ESC captures hold CitiPower 1999-00 and 2002 only,"CDX prefix citipower.com.au/ + www.powercor.com.au/docs/ + www.powercor.com.au/media/ + media.powercor.com.au/ + www.esc.vic.gov.au/ (docs/electric/, apps/page/user/pdf/, NR/rdonlyres/)"
citipower,CitiPower,2001,calendar_year,0,0,0,,,no CitiPower tariff PDF captured: citipower.com.au tariff PDFs captured from 2003; ESC captures hold CitiPower 1999-00 and 2002 only,"CDX prefix citipower.com.au/ + www.powercor.com.au/docs/ + www.powercor.com.au/media/ + media.powercor.com.au/ + www.esc.vic.gov.au/ (docs/electric/, apps/page/user/pdf/, NR/rdonlyres/)"
citipower,CitiPower,2002,calendar_year,2,2,0,REGULATOR_HOSTED,approved,,
citipower,CitiPower,2003,calendar_year,2,2,0,DNSP,published,,
citipower,CitiPower,2004,calendar_year,3,3,0,DNSP REGULATOR_HOSTED,published,,
citipower,CitiPower,2005,calendar_year,3,3,0,DNSP REGULATOR_HOSTED,published,,
citipower,CitiPower,2006,calendar_year,2,2,0,DNSP REGULATOR_HOSTED,published,,
citipower,CitiPower,2007,calendar_year,2,2,0,DNSP REGULATOR_HOSTED,published,,
citipower,CitiPower,2008,calendar_year,4,4,0,DNSP REGULATOR_HOSTED,published,,
citipower,CitiPower,2009,calendar_year,3,3,0,DNSP REGULATOR_HOSTED,published,,
citipower,CitiPower,2010,calendar_year,4,3,0,AER_HOSTED DNSP,published,,
citipower,CitiPower,2011,calendar_year,4,3,0,AER_HOSTED DNSP,published,,
citipower,CitiPower,2012,calendar_year,5,4,0,AER_HOSTED DNSP,published,,
citipower,CitiPower,2013,calendar_year,5,4,0,AER_HOSTED DNSP,published,,
citipower,CitiPower,2014,calendar_year,3,2,0,AER_HOSTED DNSP,published,,
citipower,CitiPower,2015,calendar_year,4,3,0,AER_HOSTED DNSP,published,,
citipower,CitiPower,2016,calendar_year,7,6,0,AER_HOSTED DNSP,published,,
citipower,CitiPower,2017,calendar_year,4,3,0,AER_HOSTED DNSP,published,,
citipower,CitiPower,2018,calendar_year,6,5,0,AER_HOSTED DNSP,published,,
citipower,CitiPower,2019,calendar_year,5,3,0,AER_HOSTED DNSP,approved,,
citipower,CitiPower,2020,calendar_year,2,1,0,AER_HOSTED DNSP,approved,,
citipower,CitiPower,2021-H1,half_year,6,4,0,AER_HOSTED DNSP,proposed,,
citipower,CitiPower,2021-22,financial_year,6,4,0,AER_HOSTED,proposed,,
citipower,CitiPower,2022-23,financial_year,5,3,0,AER_HOSTED,proposed,,
endeavour,Endeavour Energy,2005-06,financial_year,1,1,0,DNSP,published,,
endeavour,Endeavour Energy,2006-07,financial_year,2,2,0,DNSP,published,,
endeavour,Endeavour Energy,2007-08,financial_year,4,4,0,DNSP,published,,
endeavour,Endeavour Energy,2008-09,financial_year,1,1,0,DNSP,published,,
endeavour,Endeavour Energy,2009-10,financial_year,2,2,0,DNSP,published,,
endeavour,Endeavour Energy,2010-11,financial_year,3,2,0,AER_HOSTED DNSP,published,,
endeavour,Endeavour Energy,2011-12,financial_year,3,2,0,AER_HOSTED DNSP,published,,
endeavour,Endeavour Energy,2012-13,financial_year,3,3,0,AER_HOSTED DNSP,published,,
endeavour,Endeavour Energy,2013-14,financial_year,3,3,0,AER_HOSTED DNSP,published,,
endeavour,Endeavour Energy,2014-15,financial_year,2,2,0,AER_HOSTED DNSP,published,,
endeavour,Endeavour Energy,2015-16,financial_year,2,2,0,AER_HOSTED DNSP,published,,
endeavour,Endeavour Energy,2016-17,financial_year,2,1,0,AER DNSP,published,,
endeavour,Endeavour Energy,2017-18,financial_year,2,2,0,AER_HOSTED DNSP,published,,
endeavour,Endeavour Energy,2018-19,financial_year,3,3,0,AER_HOSTED DNSP,published,,
endeavour,Endeavour Energy,2019-20,financial_year,2,2,0,AER_HOSTED DNSP,published,,
endeavour,Endeavour Energy,2020-21,financial_year,2,2,0,AER_HOSTED DNSP,published,,
endeavour,Endeavour Energy,2021-22,financial_year,3,2,0,AER_HOSTED DNSP,published,,
endeavour,Endeavour Energy,2022-23,financial_year,4,3,0,AER_HOSTED DNSP,published,,
energex,Energex,2000-01,financial_year,1,1,0,DNSP,published,,
energex,Energex,2001-02,financial_year,0,0,0,,,"no 2001-02 network price list file was captured; the 2000-01 contestable-customer list and the 2002-03 price book are held. 2000-2002 captures of energex.com.au are HTML tariff pages of the then-integrated retailer, not inspected in full","Wayback CDX energex.com.au (domain, 2000-2003, all types: no price-list PDF/XLS); qca.org.au/* CDX"
energex,Energex,2002-03,financial_year,1,1,0,DNSP,published,,
energex,Energex,2003-04,financial_year,1,1,0,DNSP,published,,
energex,Energex,2004-05,financial_year,1,1,0,DNSP,published,,
energex,Energex,2005-06,financial_year,2,2,0,DNSP,published,,
energex,Energex,2006-07,financial_year,2,2,0,DNSP REGULATOR_HOSTED,published,,
energex,Energex,2007-08,financial_year,3,2,0,DNSP,published,,
energex,Energex,2008-09,financial_year,4,2,0,DNSP,published,,
energex,Energex,2009-10,financial_year,4,2,0,DNSP,published,,
energex,Energex,2010-11,financial_year,2,2,0,AER_HOSTED DNSP,published,,
energex,Energex,2011-12,financial_year,4,4,0,AER_HOSTED DNSP,published,,
energex,Energex,2012-13,financial_year,5,5,0,AER_HOSTED DNSP,published,,
energex,Energex,2013-14,financial_year,3,3,0,AER_HOSTED DNSP,published,,
energex,Energex,2014-15,financial_year,3,3,0,AER_HOSTED DNSP,published,,
energex,Energex,2015-16,financial_year,4,3,1,AER_HOSTED DNSP,published,,
energex,Energex,2016-17,financial_year,3,3,0,AER_HOSTED DNSP,published,,
energex,Energex,2017-18,financial_year,6,5,1,AER_HOSTED DNSP,published,,
energex,Energex,2018-19,financial_year,5,5,0,AER_HOSTED DNSP,published,,
energex,Energex,2019-20,financial_year,3,3,0,AER_HOSTED DNSP,published,,
energex,Energex,2020-21,financial_year,5,4,0,AER_HOSTED DNSP,published,,
energex,Energex,2021-22,financial_year,6,5,0,AER_HOSTED DNSP,published,,
energex,Energex,2022-23,financial_year,5,4,0,AER_HOSTED DNSP,published,,
ergon,Ergon Energy,2002-03,financial_year,1,1,0,DNSP,published,,
ergon,Ergon Energy,2003-04,financial_year,0,0,0,,,no 2003-04 Ergon network price book captured; 2002-03 and 2004-05 are held,"Wayback CDX ergon.com.au/* (pdf, xls) and qca.org.au/*"
ergon,Ergon Energy,2004-05,financial_year,2,2,0,DNSP,published,,
ergon,Ergon Energy,2005-06,financial_year,1,1,0,DNSP,published,,
ergon,Ergon Energy,2006-07,financial_year,4,3,0,DNSP REGULATOR_HOSTED,published,,
ergon,Ergon Energy,2007-08,financial_year,4,2,0,DNSP REGULATOR_HOSTED,published,,
ergon,Ergon Energy,2008-09,financial_year,3,1,0,DNSP REGULATOR_HOSTED,published,,
ergon,Ergon Energy,2009-10,financial_year,3,1,0,DNSP REGULATOR_HOSTED,approved,,
ergon,Ergon Energy,2010-11,financial_year,3,2,0,AER_HOSTED DNSP,published,,
ergon,Ergon Energy,2011-12,financial_year,6,5,0,AER_HOSTED DNSP,published,,
ergon,Ergon Energy,2012-13,financial_year,5,4,0,AER_HOSTED DNSP,published,,
ergon,Ergon Energy,2013-14,financial_year,5,4,0,AER_HOSTED DNSP,published,,
ergon,Ergon Energy,2014-15,financial_year,6,5,0,AER_HOSTED DNSP,published,,
ergon,Ergon Energy,2015-16,financial_year,6,5,0,AER_HOSTED DNSP,published,,
ergon,Ergon Energy,2016-17,financial_year,7,6,0,AER_HOSTED DNSP,published,,
ergon,Ergon Energy,2017-18,financial_year,6,4,0,AER_HOSTED DNSP,published,,
ergon,Ergon Energy,2018-19,financial_year,7,6,0,AER_HOSTED DNSP,published,,
ergon,Ergon Energy,2019-20,financial_year,4,3,0,AER_HOSTED DNSP,published,,
ergon,Ergon Energy,2020-21,financial_year,5,4,0,AER_HOSTED DNSP,published,,
ergon,Ergon Energy,2021-22,financial_year,6,5,0,AER_HOSTED DNSP,published,,
ergon,Ergon Energy,2022-23,financial_year,5,4,0,AER_HOSTED DNSP,published,,
essential,Essential Energy,2001-02,financial_year,1,1,0,DNSP,published,,
essential,Essential Energy,2002-03,financial_year,1,1,0,DNSP,published,,
essential,Essential Energy,2003-04,financial_year,1,1,0,DNSP,published,,
essential,Essential Energy,2004-05,financial_year,2,2,0,DNSP,published,,
essential,Essential Energy,2005-06,financial_year,2,2,0,DNSP,published,,
essential,Essential Energy,2006-07,financial_year,2,2,0,DNSP,published,,
essential,Essential Energy,2007-08,financial_year,3,3,0,DNSP,published,,
essential,Essential Energy,2008-09,financial_year,3,3,0,DNSP,published,,
essential,Essential Energy,2009-10,financial_year,3,3,0,DNSP,published,,
essential,Essential Energy,2010-11,financial_year,2,2,0,AER_HOSTED DNSP,published,,
essential,Essential Energy,2011-12,financial_year,3,3,0,AER_HOSTED DNSP,published,,
essential,Essential Energy,2012-13,financial_year,4,4,0,AER_HOSTED DNSP,published,,
essential,Essential Energy,2013-14,financial_year,4,4,0,AER_HOSTED DNSP,published,,
essential,Essential Energy,2014-15,financial_year,7,7,0,AER_HOSTED DNSP,published,,
essential,Essential Energy,2015-16,financial_year,7,5,1,AER_HOSTED DNSP,published,,
essential,Essential Energy,2016-17,financial_year,5,3,1,AER_HOSTED DNSP,published,,
essential,Essential Energy,2017-18,financial_year,2,2,0,AER_HOSTED DNSP,published,,
essential,Essential Energy,2018-19,financial_year,2,2,0,AER_HOSTED DNSP,published,,
essential,Essential Energy,2019-20,financial_year,2,2,0,AER_HOSTED DNSP,published,,
essential,Essential Energy,2020-21,financial_year,3,3,0,AER_HOSTED DNSP,published,,
essential,Essential Energy,2021-22,financial_year,6,3,1,AER_HOSTED DNSP,published,,
essential,Essential Energy,2022-23,financial_year,7,4,1,AER_HOSTED DNSP,published,,
evoenergy,Evoenergy,2005-06,financial_year,0,0,0,,,no ActewAGL network charges schedule for 2005-06 was captured; only the June 2005 ActewAGL Pricing Report exists (not registered),"Wayback CDX actewagl.com.au (pdf); ICRC live search (revenue, gas and retail documents only)"
evoenergy,Evoenergy,2006-07,financial_year,1,1,0,DNSP,published,,
evoenergy,Evoenergy,2007-08,financial_year,1,1,0,DNSP,published,,
evoenergy,Evoenergy,2008-09,financial_year,1,1,0,DNSP,published,,
evoenergy,Evoenergy,2009-10,financial_year,0,0,0,,,"ActewAGL's 'Network charges 2009-10' PDF (/Publications/Electricity/Electricity_Networks_charges2009.pdf, linked from electricity/networks/charges2009.aspx) was never captured by the Wayback Machine; no AER-hosted electricity document for 2009-10 (the AER-hosted 2009-10 ActewAGL files were gas)",Wayback capture 20090621024556 of actewagl.com.au/electricity/networks/charges2009.aspx links the PDF; CDX for the PDF URL and the /Publications/Electricity/ prefix has no capture of it; old aer.gov.au captures
evoenergy,Evoenergy,2010-11,financial_year,2,2,0,AER_HOSTED DNSP,published,,
evoenergy,Evoenergy,2011-12,financial_year,4,4,0,AER_HOSTED DNSP,published,,
evoenergy,Evoenergy,2012-13,financial_year,2,2,0,AER_HOSTED DNSP,published,,
evoenergy,Evoenergy,2013-14,financial_year,2,2,0,AER_HOSTED DNSP,published,,
evoenergy,Evoenergy,2014-15,financial_year,4,4,0,AER_HOSTED DNSP,published,,
evoenergy,Evoenergy,2015-16,financial_year,2,2,0,AER_HOSTED DNSP,published,,
evoenergy,Evoenergy,2016-17,financial_year,2,1,0,AER DNSP,published,,
evoenergy,Evoenergy,2017-18,financial_year,3,3,0,AER_HOSTED DNSP,published,,
evoenergy,Evoenergy,2018-19,financial_year,2,2,0,AER_HOSTED DNSP,published,,
evoenergy,Evoenergy,2019-20,financial_year,2,2,0,AER_HOSTED DNSP,published,,
evoenergy,Evoenergy,2020-21,financial_year,2,2,0,AER_HOSTED DNSP,published,,
evoenergy,Evoenergy,2021-22,financial_year,5,4,0,AER_HOSTED DNSP,published,,
evoenergy,Evoenergy,2022-23,financial_year,5,3,0,AER_HOSTED DNSP,published,,
jemena,Jemena,1996-97,financial_year,1,1,0,REGULATOR_HOSTED,approved,,
jemena,Jemena,1997-98,financial_year,1,1,0,REGULATOR_HOSTED,approved,,
jemena,Jemena,1998-99,financial_year,0,0,0,,,no 1998-99 network tariff file for this distributor in ESC docs/electric/tariffs captures,CDX prefix www.jemena.com.au/ + www.esc.vic.gov.au/ (AGL Electricity / Alinta AE files)
jemena,Jemena,1999-00,financial_year,1,1,0,REGULATOR_HOSTED,approved,,
jemena,Jemena,2000-H2,half_year,0,0,0,,,"AGL Electricity 2000-2002 network tariff schedules not in ESC or jemena.com.au captures (ESC has only 2001 EDPR tariff models, xls); agl.com.au not searched",CDX prefix www.jemena.com.au/ + www.esc.vic.gov.au/ (AGL Electricity / Alinta AE files)
jemena,Jemena,2001,calendar_year,0,0,0,,,"AGL Electricity 2000-2002 network tariff schedules not in ESC or jemena.com.au captures (ESC has only 2001 EDPR tariff models, xls); agl.com.au not searched",CDX prefix www.jemena.com.au/ + www.esc.vic.gov.au/ (AGL Electricity / Alinta AE files)
jemena,Jemena,2002,calendar_year,0,0,0,,,AGL Electricity 2000-2002 network tariff schedules not in ESC or jemena.com.au captures; agl.com.au not searched,CDX prefix www.jemena.com.au/ + www.esc.vic.gov.au/ (AGL Electricity / Alinta AE files)
jemena,Jemena,2003,calendar_year,1,1,0,REGULATOR_HOSTED,approved,,
jemena,Jemena,2004,calendar_year,2,2,0,REGULATOR_HOSTED,approved,,
jemena,Jemena,2005,calendar_year,2,2,0,REGULATOR_HOSTED,approved,,
jemena,Jemena,2006,calendar_year,1,1,0,REGULATOR_HOSTED,approved,,
jemena,Jemena,2007,calendar_year,3,3,0,DNSP REGULATOR_HOSTED,approved,,
jemena,Jemena,2008,calendar_year,3,3,0,DNSP REGULATOR_HOSTED,published,,
jemena,Jemena,2009,calendar_year,8,6,2,DNSP REGULATOR_HOSTED,published,,
jemena,Jemena,2010,calendar_year,4,4,0,AER_HOSTED DNSP,published,,
jemena,Jemena,2011,calendar_year,4,4,0,AER_HOSTED DNSP,published,,
jemena,Jemena,2012,calendar_year,3,3,0,AER_HOSTED DNSP,published,,
jemena,Jemena,2013,calendar_year,4,3,1,AER_HOSTED DNSP,published,,
jemena,Jemena,2014,calendar_year,5,5,0,AER_HOSTED DNSP,published,,
jemena,Jemena,2015,calendar_year,4,3,0,AER_HOSTED DNSP,published,,
jemena,Jemena,2016,calendar_year,6,4,0,AER_HOSTED DNSP,published,,
jemena,Jemena,2017,calendar_year,2,2,0,AER_HOSTED DNSP,published,,
jemena,Jemena,2018,calendar_year,2,2,0,AER_HOSTED DNSP,published,,
jemena,Jemena,2019,calendar_year,2,2,0,AER_HOSTED,approved,,
jemena,Jemena,2020,calendar_year,2,2,0,AER_HOSTED DNSP,published,,
jemena,Jemena,2021-H1,half_year,5,4,0,AER_HOSTED DNSP,published,,
jemena,Jemena,2021-22,financial_year,4,3,0,AER_HOSTED DNSP,published,,
jemena,Jemena,2022-23,financial_year,5,3,0,AER_HOSTED,unverified,,
powercor,Powercor,1996-97,financial_year,1,1,0,REGULATOR_HOSTED,approved,,
powercor,Powercor,1997-98,financial_year,1,1,0,REGULATOR_HOSTED,approved,,
powercor,Powercor,1998-99,financial_year,1,1,0,REGULATOR_HOSTED,approved,,
powercor,Powercor,1999-00,financial_year,1,1,0,REGULATOR_HOSTED,approved,,
powercor,Powercor,2000-H2,half_year,0,0,0,,,not captured: powercor.com.au/docs tariff files start 2002; ESC captures hold Powercor 1999-00 then 2004+,"CDX prefix www.powercor.com.au/docs/ + www.powercor.com.au/media/ + media.powercor.com.au/ + www.esc.vic.gov.au/ (docs/electric/, apps/page/user/pdf/, NR/rdonlyres/)"
powercor,Powercor,2001,calendar_year,0,0,0,,,not captured: powercor.com.au/docs tariff files start 2002; ESC captures hold Powercor 1999-00 then 2004+,"CDX prefix www.powercor.com.au/docs/ + www.powercor.com.au/media/ + media.powercor.com.au/ + www.esc.vic.gov.au/ (docs/electric/, apps/page/user/pdf/, NR/rdonlyres/)"
powercor,Powercor,2002,calendar_year,1,1,0,DNSP,published,only the 2002 annual tariff report captured (contains tariffs [UNSURE]); no separate 2002 price list in Wayback or ESC captures,"CDX prefix www.powercor.com.au/docs/ + www.powercor.com.au/media/ + media.powercor.com.au/ + www.esc.vic.gov.au/ (docs/electric/, apps/page/user/pdf/, NR/rdonlyres/); held sides: DNSP"
powercor,Powercor,2003,calendar_year,2,2,0,DNSP,published,,
powercor,Powercor,2004,calendar_year,3,3,0,DNSP REGULATOR_HOSTED,published,,
powercor,Powercor,2005,calendar_year,3,3,0,DNSP REGULATOR_HOSTED,published,,
powercor,Powercor,2006,calendar_year,3,3,0,DNSP REGULATOR_HOSTED,published,,
powercor,Powercor,2007,calendar_year,5,4,0,DNSP REGULATOR_HOSTED,published,,
powercor,Powercor,2008,calendar_year,4,3,0,DNSP REGULATOR_HOSTED,published,,
powercor,Powercor,2009,calendar_year,4,4,0,DNSP REGULATOR_HOSTED,published,,
powercor,Powercor,2010,calendar_year,4,3,0,AER_HOSTED DNSP,published,,
powercor,Powercor,2011,calendar_year,4,3,0,AER_HOSTED DNSP,published,,
powercor,Powercor,2012,calendar_year,5,4,0,AER_HOSTED DNSP,approved,,
powercor,Powercor,2013,calendar_year,5,4,0,AER_HOSTED DNSP,published,,
powercor,Powercor,2014,calendar_year,4,3,0,AER_HOSTED DNSP,published,,
powercor,Powercor,2015,calendar_year,4,3,0,AER_HOSTED DNSP,published,,
powercor,Powercor,2016,calendar_year,6,5,0,AER_HOSTED DNSP,published,,
powercor,Powercor,2017,calendar_year,4,3,0,AER_HOSTED DNSP,published,,
powercor,Powercor,2018,calendar_year,6,5,0,AER_HOSTED DNSP,published,,
powercor,Powercor,2019,calendar_year,5,3,0,AER_HOSTED DNSP,approved,,
powercor,Powercor,2020,calendar_year,2,1,0,AER_HOSTED DNSP,approved,,
powercor,Powercor,2021-H1,half_year,6,4,0,AER_HOSTED DNSP,approved,,
powercor,Powercor,2021-22,financial_year,6,4,0,AER_HOSTED,proposed,,
powercor,Powercor,2022-23,financial_year,5,3,0,AER_HOSTED,proposed,,
powerwater,Power and Water Corporation,1999-00,financial_year,1,1,0,REGULATOR_HOSTED,approved,,
powerwater,Power and Water Corporation,2000-01,financial_year,3,1,0,REGULATOR_HOSTED,approved,,
powerwater,Power and Water Corporation,2001-02,financial_year,1,1,0,REGULATOR_HOSTED,approved,,
powerwater,Power and Water Corporation,2002-03,financial_year,2,1,0,REGULATOR_HOSTED,approved,,
powerwater,Power and Water Corporation,2003-04,financial_year,2,1,0,REGULATOR_HOSTED,approved,,
powerwater,Power and Water Corporation,2004-05,financial_year,1,1,0,REGULATOR_HOSTED,approved,,
powerwater,Power and Water Corporation,2005-06,financial_year,2,1,0,REGULATOR_HOSTED,approved,,
powerwater,Power and Water Corporation,2006-07,financial_year,2,1,0,REGULATOR_HOSTED,approved,,
powerwater,Power and Water Corporation,2007-08,financial_year,2,1,0,REGULATOR_HOSTED,approved,,
powerwater,Power and Water Corporation,2008-09,financial_year,2,1,0,REGULATOR_HOSTED,approved,,
powerwater,Power and Water Corporation,2009-10,financial_year,3,2,0,DNSP REGULATOR_HOSTED,published,,
powerwater,Power and Water Corporation,2010-11,financial_year,3,2,0,DNSP REGULATOR_HOSTED,published,,
powerwater,Power and Water Corporation,2011-12,financial_year,2,2,0,DNSP REGULATOR_HOSTED,published,,
powerwater,Power and Water Corporation,2012-13,financial_year,2,2,0,DNSP REGULATOR_HOSTED,published,,
powerwater,Power and Water Corporation,2013-14,financial_year,3,2,0,DNSP REGULATOR_HOSTED,published,,
powerwater,Power and Water Corporation,2014-15,financial_year,1,1,0,DNSP,published,,
powerwater,Power and Water Corporation,2015-16,financial_year,1,1,0,DNSP,published,,
powerwater,Power and Water Corporation,2016-17,financial_year,3,3,0,AER_HOSTED DNSP,published,,
powerwater,Power and Water Corporation,2017-18,financial_year,3,2,0,AER_HOSTED DNSP,published,,
powerwater,Power and Water Corporation,2018-19,financial_year,3,2,0,AER_HOSTED DNSP,published,,
powerwater,Power and Water Corporation,2019-20,financial_year,2,2,0,AER_HOSTED,approved,,
powerwater,Power and Water Corporation,2020-21,financial_year,3,2,0,AER_HOSTED,approved,,
powerwater,Power and Water Corporation,2021-22,financial_year,5,3,0,AER_HOSTED,approved,,
powerwater,Power and Water Corporation,2022-23,financial_year,4,2,0,AER_HOSTED,proposed,,
sapn,SA Power Networks,2000-01,financial_year,2,2,0,DNSP,published,,
sapn,SA Power Networks,2001-02,financial_year,2,2,0,DNSP,published,,
sapn,SA Power Networks,2002-03,financial_year,3,3,0,DNSP,published,,
sapn,SA Power Networks,2003-04,financial_year,2,2,0,DNSP,published,,
sapn,SA Power Networks,2004-05,financial_year,1,1,0,DNSP,published,,
sapn,SA Power Networks,2005-06,financial_year,3,3,0,DNSP,published,,
sapn,SA Power Networks,2006-07,financial_year,1,1,0,REGULATOR_HOSTED,published,,
sapn,SA Power Networks,2007-08,financial_year,2,2,0,REGULATOR_HOSTED,published,,
sapn,SA Power Networks,2008-09,financial_year,1,1,0,REGULATOR_HOSTED,published,,
sapn,SA Power Networks,2009-10,financial_year,1,1,0,REGULATOR_HOSTED,published,,
sapn,SA Power Networks,2010-11,financial_year,3,3,0,AER_HOSTED DNSP,published,,
sapn,SA Power Networks,2011-12,financial_year,5,5,0,AER_HOSTED DNSP,published,,
sapn,SA Power Networks,2012-13,financial_year,4,4,0,AER_HOSTED DNSP,published,,
sapn,SA Power Networks,2013-14,financial_year,6,6,0,AER_HOSTED DNSP,published,,
sapn,SA Power Networks,2014-15,financial_year,3,3,0,AER_HOSTED DNSP,published,,
sapn,SA Power Networks,2015-16,financial_year,3,2,0,AER_HOSTED DNSP,published,,
sapn,SA Power Networks,2016-17,financial_year,2,2,0,AER_HOSTED DNSP,published,,
sapn,SA Power Networks,2017-18,financial_year,2,2,0,AER_HOSTED,approved,,
sapn,SA Power Networks,2018-19,financial_year,2,1,0,AER_HOSTED,approved,,
sapn,SA Power Networks,2019-20,financial_year,2,1,0,AER_HOSTED,approved,,
sapn,SA Power Networks,2020-21,financial_year,4,3,0,AER_HOSTED DNSP,published,,
sapn,SA Power Networks,2021-22,financial_year,5,3,1,AER_HOSTED DNSP,published,,
sapn,SA Power Networks,2022-23,financial_year,4,2,0,AER_HOSTED,proposed,,
tasnetworks,TasNetworks,2003,calendar_year,0,0,0,,,no Aurora Energy network tariff file before 2007 was captured,"Wayback CDX auroraenergy.com.au/*, tasnetworks.com.au/* (pdf, xls); Tasmanian regulator (OTTER) search not completed"
tasnetworks,TasNetworks,2004,calendar_year,0,0,0,,,as 2003,"Wayback CDX auroraenergy.com.au/*, tasnetworks.com.au/* (pdf, xls); OTTER search not completed"
tasnetworks,TasNetworks,2005,calendar_year,0,0,0,,,as 2003,"Wayback CDX auroraenergy.com.au/*, tasnetworks.com.au/* (pdf, xls); OTTER search not completed"
tasnetworks,TasNetworks,2006,calendar_year,0,0,0,,,as 2003,"Wayback CDX auroraenergy.com.au/*, tasnetworks.com.au/* (pdf, xls); OTTER search not completed"
tasnetworks,TasNetworks,2007,calendar_year,1,1,0,DNSP,published,,
tasnetworks,TasNetworks,2008-H1,half_year,5,4,0,REGULATOR_HOSTED,approved,,
tasnetworks,TasNetworks,2008-09,financial_year,5,4,0,DNSP REGULATOR_HOSTED,approved,,
tasnetworks,TasNetworks,2009-10,financial_year,4,3,0,DNSP REGULATOR_HOSTED,approved,,
tasnetworks,TasNetworks,2010-11,financial_year,4,3,0,DNSP,published,,
tasnetworks,TasNetworks,2011-12,financial_year,4,3,0,DNSP,published,,
tasnetworks,TasNetworks,2012-13,financial_year,6,3,1,AER_HOSTED DNSP,proposed,,
tasnetworks,TasNetworks,2013-14,financial_year,7,2,2,AER_HOSTED DNSP,approved,,
tasnetworks,TasNetworks,2014-15,financial_year,4,3,1,AER_HOSTED DNSP,published,,
tasnetworks,TasNetworks,2015-16,financial_year,5,4,1,AER_HOSTED DNSP,published,,
tasnetworks,TasNetworks,2016-17,financial_year,4,3,1,AER_HOSTED DNSP,published,,
tasnetworks,TasNetworks,2017-18,financial_year,7,6,1,AER_HOSTED DNSP,published,,
tasnetworks,TasNetworks,2018-19,financial_year,4,3,1,AER_HOSTED DNSP,published,,
tasnetworks,TasNetworks,2019-20,financial_year,4,3,1,AER_HOSTED DNSP,published,,
tasnetworks,TasNetworks,2020-21,financial_year,3,2,1,AER_HOSTED DNSP,published,,
tasnetworks,TasNetworks,2021-22,financial_year,10,5,2,AER_HOSTED DNSP,published,,
tasnetworks,TasNetworks,2022-23,financial_year,10,5,2,AER_HOSTED DNSP,published,,
unitedenergy,United Energy,1996-97,financial_year,1,1,0,REGULATOR_HOSTED,approved,,
unitedenergy,United Energy,1997-98,financial_year,1,1,0,REGULATOR_HOSTED,approved,,
unitedenergy,United Energy,1998-99,financial_year,0,0,0,,,no 1998-99 network tariff file for this distributor in ESC docs/electric/tariffs captures,CDX prefix www.ue.com.au/ + www.unitedenergy.com.au/ + unitedenergy.com.au/ + media.unitedenergy.com.au/ + www.esc.vic.gov.au/
unitedenergy,United Energy,1999-00,financial_year,1,1,0,REGULATOR_HOSTED,approved,,
unitedenergy,United Energy,2000-H2,half_year,2,2,0,REGULATOR_HOSTED,approved,,
unitedenergy,United Energy,2001,calendar_year,1,1,0,DNSP,published,only the 2001 tariff report captured on www.ue.com.au; no separate 2001 schedule in ue.com.au or ESC captures (ESC has UE 1 July 2000 and 2002 NUoS),CDX prefix www.ue.com.au/ + www.unitedenergy.com.au/ + unitedenergy.com.au/ + media.unitedenergy.com.au/ + www.esc.vic.gov.au/; held sides: DNSP
unitedenergy,United Energy,2002,calendar_year,4,3,1,DNSP REGULATOR_HOSTED,published,,
unitedenergy,United Energy,2003,calendar_year,3,3,0,DNSP,published,,
unitedenergy,United Energy,2004,calendar_year,3,3,0,DNSP REGULATOR_HOSTED,published,,
unitedenergy,United Energy,2005,calendar_year,4,4,0,DNSP REGULATOR_HOSTED,published,,
unitedenergy,United Energy,2006,calendar_year,4,3,1,DNSP REGULATOR_HOSTED,published,,
unitedenergy,United Energy,2007,calendar_year,6,5,1,DNSP REGULATOR_HOSTED,published,,
unitedenergy,United Energy,2008,calendar_year,3,2,1,DNSP REGULATOR_HOSTED,published,,
unitedenergy,United Energy,2009,calendar_year,8,5,3,DNSP REGULATOR_HOSTED,published,,
unitedenergy,United Energy,2010,calendar_year,7,6,1,AER_HOSTED DNSP,published,,
unitedenergy,United Energy,2011,calendar_year,7,5,2,AER_HOSTED DNSP,published,,
unitedenergy,United Energy,2012,calendar_year,7,6,1,AER_HOSTED DNSP,published,,
unitedenergy,United Energy,2013,calendar_year,8,7,1,AER_HOSTED DNSP,published,,
unitedenergy,United Energy,2014,calendar_year,7,6,1,AER_HOSTED DNSP,published,,
unitedenergy,United Energy,2015,calendar_year,7,6,1,AER_HOSTED DNSP,published,,
unitedenergy,United Energy,2016,calendar_year,4,4,0,AER_HOSTED DNSP,published,,
unitedenergy,United Energy,2017,calendar_year,5,5,0,AER_HOSTED DNSP,published,,
unitedenergy,United Energy,2018,calendar_year,3,3,0,AER_HOSTED DNSP,published,,
unitedenergy,United Energy,2019,calendar_year,4,3,0,AER_HOSTED,approved,,
unitedenergy,United Energy,2020,calendar_year,1,1,0,AER_HOSTED,approved,,
unitedenergy,United Energy,2021-H1,half_year,6,5,0,AER_HOSTED DNSP,proposed,,
unitedenergy,United Energy,2021-22,financial_year,5,3,0,AER_HOSTED,proposed,,
unitedenergy,United Energy,2022-23,financial_year,5,3,0,AER_HOSTED,proposed,,
