distributor_id,pricing_year,reason,evidence
ausnet,2000-H2,TXU Networks 2000-2003 schedules not in ESC captures (TXU AA files there are gas); txu.com.au not searched,CDX prefix www.sp-ausnet.com.au/ (incl. CA256FE40021EF93 Lookup) + www.ausnetservices.com.au/ + www.esc.vic.gov.au/ (TXU / SPI / SP AusNet files)
ausnet,2001,TXU Networks 2000-2003 schedules not in ESC captures (TXU AA files there are gas); txu.com.au not searched,CDX prefix www.sp-ausnet.com.au/ (incl. CA256FE40021EF93 Lookup) + www.ausnetservices.com.au/ + www.esc.vic.gov.au/ (TXU / SPI / SP AusNet files)
ausnet,2002,TXU Networks 2000-2003 schedules not in ESC captures (TXU AA files there are gas); txu.com.au not searched,CDX prefix www.sp-ausnet.com.au/ (incl. CA256FE40021EF93 Lookup) + www.ausnetservices.com.au/ + www.esc.vic.gov.au/ (TXU / SPI / SP AusNet files)
ausnet,2003,TXU Networks 2000-2003 schedules not in ESC captures (TXU AA files there are gas); txu.com.au not searched,CDX prefix www.sp-ausnet.com.au/ (incl. CA256FE40021EF93 Lookup) + www.ausnetservices.com.au/ + www.esc.vic.gov.au/ (TXU / SPI / SP AusNet files)
ausnet,2005,"ESC ApprovalTariffs_2005_TXU.pdf is a TXU GAS tariff schedule (registered in error, then removed with archive_sources.py remove); no 2005 TXU/SPI electricity schedule found, only the SPI 2005 network tariff report",CDX prefix www.sp-ausnet.com.au/ (incl. CA256FE40021EF93 Lookup) + www.ausnetservices.com.au/ + www.esc.vic.gov.au/ (TXU / SPI / SP AusNet files); held sides: REGULATOR_HOSTED
ausnet,2007,"no 2007 SP AusNet network tariff schedule PDF captured (sp-ausnet.com.au 2007 captures: metering schedule, annual tariff report, gas schedules); ESC holds only the 2007 SP AusNet tariff approval model (xls, registered as pricing_model)","CDX prefix www.sp-ausnet.com.au/ (incl. CA256FE40021EF93 Lookup) + www.ausnetservices.com.au/ + www.esc.vic.gov.au/ (TXU / SPI / SP AusNet files); held sides: DNSP,REGULATOR_HOSTED"
citipower,1998-99,no 1998-99 network tariff file for this distributor in ESC docs/electric/tariffs captures,"CDX prefix citipower.com.au/ + www.powercor.com.au/docs/ + www.powercor.com.au/media/ + media.powercor.com.au/ + www.esc.vic.gov.au/ (docs/electric/, apps/page/user/pdf/, NR/rdonlyres/)"
citipower,2000-H2,no CitiPower tariff PDF captured: citipower.com.au tariff PDFs captured from 2003; ESC captures hold CitiPower 1999-00 and 2002 only,"CDX prefix citipower.com.au/ + www.powercor.com.au/docs/ + www.powercor.com.au/media/ + media.powercor.com.au/ + www.esc.vic.gov.au/ (docs/electric/, apps/page/user/pdf/, NR/rdonlyres/)"
citipower,2001,no CitiPower tariff PDF captured: citipower.com.au tariff PDFs captured from 2003; ESC captures hold CitiPower 1999-00 and 2002 only,"CDX prefix citipower.com.au/ + www.powercor.com.au/docs/ + www.powercor.com.au/media/ + media.powercor.com.au/ + www.esc.vic.gov.au/ (docs/electric/, apps/page/user/pdf/, NR/rdonlyres/)"
energex,2001-02,"no 2001-02 network price list file was captured; the 2000-01 contestable-customer list and the 2002-03 price book are held. 2000-2002 captures of energex.com.au are HTML tariff pages of the then-integrated retailer, not inspected in full","Wayback CDX energex.com.au (domain, 2000-2003, all types: no price-list PDF/XLS); qca.org.au/* CDX"
ergon,2003-04,no 2003-04 Ergon network price book captured; 2002-03 and 2004-05 are held,"Wayback CDX ergon.com.au/* (pdf, xls) and qca.org.au/*"
evoenergy,2005-06,no ActewAGL network charges schedule for 2005-06 was captured; only the June 2005 ActewAGL Pricing Report exists (not registered),"Wayback CDX actewagl.com.au (pdf); ICRC live search (revenue, gas and retail documents only)"
evoenergy,2009-10,"not captured: actewagl.com.au has 7 PDF captures in 2009, none of them network charges; no AER-hosted electricity document for 2009-10 (the AER-hosted 2009-10 ActewAGL files were gas)","Wayback CDX actewagl.com.au (pdf, 2009); old aer.gov.au captures; ICRC live search"
jemena,1998-99,no 1998-99 network tariff file for this distributor in ESC docs/electric/tariffs captures,CDX prefix www.jemena.com.au/ + www.esc.vic.gov.au/ (AGL Electricity / Alinta AE files)
jemena,2000-H2,"AGL Electricity 2000-2002 network tariff schedules not in ESC or jemena.com.au captures (ESC has only 2001 EDPR tariff models, xls); agl.com.au not searched",CDX prefix www.jemena.com.au/ + www.esc.vic.gov.au/ (AGL Electricity / Alinta AE files)
jemena,2001,"AGL Electricity 2000-2002 network tariff schedules not in ESC or jemena.com.au captures (ESC has only 2001 EDPR tariff models, xls); agl.com.au not searched",CDX prefix www.jemena.com.au/ + www.esc.vic.gov.au/ (AGL Electricity / Alinta AE files)
jemena,2002,AGL Electricity 2000-2002 network tariff schedules not in ESC or jemena.com.au captures; agl.com.au not searched,CDX prefix www.jemena.com.au/ + www.esc.vic.gov.au/ (AGL Electricity / Alinta AE files)
powercor,2000-H2,not captured: powercor.com.au/docs tariff files start 2002; ESC captures hold Powercor 1999-00 then 2004+,"CDX prefix www.powercor.com.au/docs/ + www.powercor.com.au/media/ + media.powercor.com.au/ + www.esc.vic.gov.au/ (docs/electric/, apps/page/user/pdf/, NR/rdonlyres/)"
powercor,2001,not captured: powercor.com.au/docs tariff files start 2002; ESC captures hold Powercor 1999-00 then 2004+,"CDX prefix www.powercor.com.au/docs/ + www.powercor.com.au/media/ + media.powercor.com.au/ + www.esc.vic.gov.au/ (docs/electric/, apps/page/user/pdf/, NR/rdonlyres/)"
powercor,2002,only the 2002 annual tariff report captured (contains tariffs [UNSURE]); no separate 2002 price list in Wayback or ESC captures,"CDX prefix www.powercor.com.au/docs/ + www.powercor.com.au/media/ + media.powercor.com.au/ + www.esc.vic.gov.au/ (docs/electric/, apps/page/user/pdf/, NR/rdonlyres/); held sides: DNSP"
tasnetworks,2003,no Aurora Energy network tariff file before 2007 was captured,"Wayback CDX auroraenergy.com.au/*, tasnetworks.com.au/* (pdf, xls); Tasmanian regulator (OTTER) search not completed"
tasnetworks,2004,as 2003,"Wayback CDX auroraenergy.com.au/*, tasnetworks.com.au/* (pdf, xls); OTTER search not completed"
tasnetworks,2005,as 2003,"Wayback CDX auroraenergy.com.au/*, tasnetworks.com.au/* (pdf, xls); OTTER search not completed"
tasnetworks,2006,as 2003,"Wayback CDX auroraenergy.com.au/*, tasnetworks.com.au/* (pdf, xls); OTTER search not completed"
unitedenergy,1998-99,no 1998-99 network tariff file for this distributor in ESC docs/electric/tariffs captures,CDX prefix www.ue.com.au/ + www.unitedenergy.com.au/ + unitedenergy.com.au/ + media.unitedenergy.com.au/ + www.esc.vic.gov.au/
unitedenergy,2001,only the 2001 tariff report captured on www.ue.com.au; no separate 2001 schedule in ue.com.au or ESC captures (ESC has UE 1 July 2000 and 2002 NUoS),CDX prefix www.ue.com.au/ + www.unitedenergy.com.au/ + unitedenergy.com.au/ + media.unitedenergy.com.au/ + www.esc.vic.gov.au/; held sides: DNSP
